"ObjectID","PropertyID","PropertyValue"
"AA-1221-MCO-ORD2011-12-02","ExpectedDepartureTime","12/02/2011 08:00 PM"
"AA-1221-MCO-ORD2011-12-02","ActualDepartureTime","12/02/2011 08:07 PM"
"AA-1221-MCO-ORD2011-12-02","DepartureGate","15"
"AA-1221-MCO-ORD2011-12-02","ExpectedArrivalTime","12/02/2011 09:50 PM"
"AA-1221-MCO-ORD2011-12-02","ActualArrivalTime","12/02/2011 09:37 PM"
"AA-1221-MCO-ORD2011-12-02","ArrivalGate","H11B"
"AA-4307-ORD-DTW2011-12-02","ExpectedDepartureTime","12/02/2011 06:45 PM"
"AA-4307-ORD-DTW2011-12-02","ActualDepartureTime","12/02/2011 07:07 PM"
"AA-4307-ORD-DTW2011-12-02","DepartureGate","G19A"
"AA-4307-ORD-DTW2011-12-02","ExpectedArrivalTime","12/02/2011 09:10 PM"
"AA-4307-ORD-DTW2011-12-02","ActualArrivalTime","12/02/2011 09:06 PM"
"AA-4307-ORD-DTW2011-12-02","ArrivalGate","D28"
"AA-616-DFW-DTW2011-12-02","ExpectedDepartureTime","12/02/2011 09:05 AM"
"AA-616-DFW-DTW2011-12-02","ActualDepartureTime","12/02/2011 09:14 AM"
"AA-616-DFW-DTW2011-12-02","DepartureGate","C14"
"AA-616-DFW-DTW2011-12-02","ExpectedArrivalTime","12/02/2011 12:35 PM"
"AA-616-DFW-DTW2011-12-02","ActualArrivalTime","12/02/2011 12:19 PM"
"AA-616-DFW-DTW2011-12-02","ArrivalGate","D32"
"AA-431-MIA-SFO2011-12-02","ExpectedDepartureTime","12/02/2011 08:35 AM"
"AA-431-MIA-SFO2011-12-02","ActualDepartureTime","12/02/2011 08:52 AM"
"AA-431-MIA-SFO2011-12-02","DepartureGate","D40"
"AA-431-MIA-SFO2011-12-02","ExpectedArrivalTime","12/02/2011 11:50 AM"
"AA-431-MIA-SFO2011-12-02","ActualArrivalTime","12/02/2011 11:41 AM"
"AA-431-MIA-SFO2011-12-02","ArrivalGate","56A"
"AA-3756-ORD-SLC2011-12-02","ExpectedDepartureTime","12/02/2011 12:15 PM"
"AA-3756-ORD-SLC2011-12-02","ActualDepartureTime","12/02/2011 12:29 PM"
"AA-3756-ORD-SLC2011-12-02","DepartureGate","H3A"
"AA-3756-ORD-SLC2011-12-02","ExpectedArrivalTime","12/02/2011 02:45 PM"
"AA-3756-ORD-SLC2011-12-02","ActualArrivalTime","12/02/2011 02:41 PM"
"AA-3756-ORD-SLC2011-12-02","ArrivalGate","A3"
"AA-2050-ORD-MIA2011-12-02","ExpectedDepartureTime","12/02/2011 10:40 AM"
"AA-2050-ORD-MIA2011-12-02","ActualDepartureTime","12/02/2011 10:53 AM"
"AA-2050-ORD-MIA2011-12-02","DepartureGate","H15"
"AA-2050-ORD-MIA2011-12-02","ExpectedArrivalTime","12/02/2011 02:45 PM"
"AA-2050-ORD-MIA2011-12-02","ActualArrivalTime","12/02/2011 02:26 PM"
"AA-2050-ORD-MIA2011-12-02","ArrivalGate","D1"
"AA-3804-PHL-ORD2011-12-02","ExpectedDepartureTime","12/02/2011 02:35 PM"
"AA-3804-PHL-ORD2011-12-02","ActualDepartureTime","12/02/2011 02:42 PM"
"AA-3804-PHL-ORD2011-12-02","DepartureGate","A7"
"AA-3804-PHL-ORD2011-12-02","ExpectedArrivalTime","12/02/2011 04:05 PM"
"AA-3804-PHL-ORD2011-12-02","ActualArrivalTime","12/02/2011 03:46 PM"
"AA-3804-PHL-ORD2011-12-02","ArrivalGate","G1B"
"AA-1664-MIA-ATL2011-12-02","ExpectedDepartureTime","12/02/2011 10:15 AM"
"AA-1664-MIA-ATL2011-12-02","ActualDepartureTime","12/02/2011 10:39 AM"
"AA-1664-MIA-ATL2011-12-02","DepartureGate","D36"
"AA-1664-MIA-ATL2011-12-02","ExpectedArrivalTime","12/02/2011 12:10 PM"
"AA-1664-MIA-ATL2011-12-02","ActualArrivalTime","12/02/2011 12:18 PM"
"AA-1664-MIA-ATL2011-12-02","ArrivalGate","T11"
"AA-789-ORD-DEN2011-12-02","ExpectedDepartureTime","12/02/2011 01:05 PM"
"AA-789-ORD-DEN2011-12-02","ActualDepartureTime","12/02/2011 01:19 PM"
"AA-789-ORD-DEN2011-12-02","DepartureGate","K9"
"AA-789-ORD-DEN2011-12-02","ExpectedArrivalTime","12/02/2011 02:35 PM"
"AA-789-ORD-DEN2011-12-02","ActualArrivalTime","12/02/2011 02:50 PM"
"AA-789-ORD-DEN2011-12-02","ArrivalGate","A49"
"AA-1733-ORD-PHX2011-12-02","ExpectedDepartureTime","12/02/2011 07:45 PM"
"AA-1733-ORD-PHX2011-12-02","ActualDepartureTime","12/02/2011 07:55 PM"
"AA-1733-ORD-PHX2011-12-02","DepartureGate","H14"
"AA-1733-ORD-PHX2011-12-02","ExpectedArrivalTime","12/02/2011 10:30 PM"
"AA-1733-ORD-PHX2011-12-02","ArrivalGate","6"
"AA-1733-ORD-PHX2011-12-02","ExpectedDepartureTime","12/02/2011 07:45 PM"
"AA-1733-ORD-PHX2011-12-02","ActualDepartureTime","12/02/2011 07:55 PM"
"AA-1733-ORD-PHX2011-12-02","DepartureGate","H14"
"AA-1733-ORD-PHX2011-12-02","ExpectedArrivalTime","12/02/2011 10:30 PM"
"AA-1733-ORD-PHX2011-12-02","ArrivalGate","6"
"AA-4277-CVG-JFK2011-12-02","ExpectedDepartureTime","12/02/2011 12:10 PM"
"AA-4277-CVG-JFK2011-12-02","ActualDepartureTime","12/02/2011 12:22 PM"
"AA-4277-CVG-JFK2011-12-02","DepartureGate","1"
"AA-4277-CVG-JFK2011-12-02","ExpectedArrivalTime","12/02/2011 02:15 PM"
"AA-4277-CVG-JFK2011-12-02","ActualArrivalTime","12/02/2011 01:52 PM"
"AA-4277-CVG-JFK2011-12-02","ArrivalGate","31A"
"AA-2312-DFW-DTW2011-12-02","ExpectedDepartureTime","12/02/2011 08:25 PM"
"AA-2312-DFW-DTW2011-12-02","DepartureGate","C27"
"AA-2312-DFW-DTW2011-12-02","ExpectedArrivalTime","12/02/2011 11:50 PM"
"AA-2312-DFW-DTW2011-12-02","ArrivalGate","D32"
"AA-85-JFK-SFO2011-12-02","ExpectedDepartureTime","12/02/2011 03:05 PM"
"AA-85-JFK-SFO2011-12-02","ActualDepartureTime","12/02/2011 03:41 PM"
"AA-85-JFK-SFO2011-12-02","DepartureGate","5"
"AA-85-JFK-SFO2011-12-02","ExpectedArrivalTime","12/02/2011 06:30 PM"
"AA-85-JFK-SFO2011-12-02","ActualArrivalTime","12/02/2011 07:00 PM"
"AA-85-JFK-SFO2011-12-02","ArrivalGate","58B"
"AA-404-MIA-MCO2011-12-02","ExpectedDepartureTime","12/02/2011 06:45 AM"
"AA-404-MIA-MCO2011-12-02","ActualDepartureTime","12/02/2011 06:53 AM"
"AA-404-MIA-MCO2011-12-02","DepartureGate","E5"
"AA-404-MIA-MCO2011-12-02","ExpectedArrivalTime","12/02/2011 07:45 AM"
"AA-404-MIA-MCO2011-12-02","ActualArrivalTime","12/02/2011 07:35 AM"
"AA-404-MIA-MCO2011-12-02","ArrivalGate","16"
"AA-446-DFW-PHL2011-12-02","ExpectedDepartureTime","12/02/2011 11:50 AM"
"AA-446-DFW-PHL2011-12-02","ActualDepartureTime","12/02/2011 11:59 AM"
"AA-446-DFW-PHL2011-12-02","DepartureGate","D31"
"AA-446-DFW-PHL2011-12-02","ExpectedArrivalTime","12/02/2011 03:50 PM"
"AA-446-DFW-PHL2011-12-02","ActualArrivalTime","12/02/2011 03:40 PM"
"AA-446-DFW-PHL2011-12-02","ArrivalGate","A9"
"AA-2268-PHX-ORD2011-12-02","ExpectedDepartureTime","12/02/2011 07:15 AM"
"AA-2268-PHX-ORD2011-12-02","ActualDepartureTime","12/02/2011 07:21 AM"
"AA-2268-PHX-ORD2011-12-02","DepartureGate","6"
"AA-2268-PHX-ORD2011-12-02","ExpectedArrivalTime","12/02/2011 11:35 AM"
"AA-2268-PHX-ORD2011-12-02","ActualArrivalTime","12/02/2011 11:08 AM"
"AA-2268-PHX-ORD2011-12-02","ArrivalGate","H15"
"AA-4344-ORD-DTW2011-12-02","ExpectedDepartureTime","12/02/2011 11:45 AM"
"AA-4344-ORD-DTW2011-12-02","ActualDepartureTime","12/02/2011 11:53 AM"
"AA-4344-ORD-DTW2011-12-02","DepartureGate","G1A"
"AA-4344-ORD-DTW2011-12-02","ExpectedArrivalTime","12/02/2011 02:00 PM"
"AA-4344-ORD-DTW2011-12-02","ActualArrivalTime","12/02/2011 01:51 PM"
"AA-4344-ORD-DTW2011-12-02","ArrivalGate","D28"
"AA-484-DFW-MIA2011-12-02","ExpectedDepartureTime","12/02/2011 04:15 PM"
"AA-484-DFW-MIA2011-12-02","ActualDepartureTime","12/02/2011 04:59 PM"
"AA-484-DFW-MIA2011-12-02","DepartureGate","D23"
"AA-484-DFW-MIA2011-12-02","ExpectedArrivalTime","12/02/2011 07:55 PM"
"AA-484-DFW-MIA2011-12-02","ActualArrivalTime","12/02/2011 08:19 PM"
"AA-484-DFW-MIA2011-12-02","ArrivalGate","D8"
"AA-3979-CVG-ORD2011-12-02","ExpectedDepartureTime","12/02/2011 07:30 AM"
"AA-3979-CVG-ORD2011-12-02","ActualDepartureTime","12/02/2011 07:57 AM"
"AA-3979-CVG-ORD2011-12-02","DepartureGate","1"
"AA-3979-CVG-ORD2011-12-02","ExpectedArrivalTime","12/02/2011 08:00 AM"
"AA-3979-CVG-ORD2011-12-02","ActualArrivalTime","12/02/2011 07:56 AM"
"AA-3979-CVG-ORD2011-12-02","ArrivalGate","G12"
"AA-3063-SLC-LAX2011-12-02","ExpectedDepartureTime","12/02/2011 08:20 PM"
"AA-3063-SLC-LAX2011-12-02","ActualDepartureTime","12/02/2011 08:39 PM"
"AA-3063-SLC-LAX2011-12-02","DepartureGate","A3"
"AA-3063-SLC-LAX2011-12-02","ExpectedArrivalTime","12/02/2011 09:20 PM"
"AA-3063-SLC-LAX2011-12-02","ArrivalGate","44H"
"AA-3859-IAH-ORD2011-12-02","ExpectedDepartureTime","12/02/2011 07:10 AM"
"AA-3859-IAH-ORD2011-12-02","ActualDepartureTime","12/02/2011 07:13 AM"
"AA-3859-IAH-ORD2011-12-02","DepartureGate","A29"
"AA-3859-IAH-ORD2011-12-02","ExpectedArrivalTime","12/02/2011 09:40 AM"
"AA-3859-IAH-ORD2011-12-02","ActualArrivalTime","12/02/2011 09:37 AM"
"AA-3859-IAH-ORD2011-12-02","ArrivalGate","G7"
"AA-3842-MSP-ORD2011-12-02","ExpectedDepartureTime","12/02/2011 06:00 AM"
"AA-3842-MSP-ORD2011-12-02","ActualDepartureTime","12/02/2011 06:25 AM"
"AA-3842-MSP-ORD2011-12-02","DepartureGate","E14"
"AA-3842-MSP-ORD2011-12-02","ExpectedArrivalTime","12/02/2011 07:30 AM"
"AA-3842-MSP-ORD2011-12-02","ActualArrivalTime","12/02/2011 07:44 AM"
"AA-3842-MSP-ORD2011-12-02","ArrivalGate","H5"
"AA-1544-SAN-ORD2011-12-02","ExpectedDepartureTime","12/02/2011 11:25 AM"
"AA-1544-SAN-ORD2011-12-02","ActualDepartureTime","12/02/2011 11:42 AM"
"AA-1544-SAN-ORD2011-12-02","DepartureGate","27"
"AA-1544-SAN-ORD2011-12-02","ExpectedArrivalTime","12/02/2011 05:25 PM"
"AA-1544-SAN-ORD2011-12-02","ActualArrivalTime","12/02/2011 04:59 PM"
"AA-1544-SAN-ORD2011-12-02","ArrivalGate","H6"
"AA-649-ORD-SNA2011-12-02","ExpectedDepartureTime","12/02/2011 01:30 PM"
"AA-649-ORD-SNA2011-12-02","DepartureGate","H8"
"AA-649-ORD-SNA2011-12-02","ExpectedArrivalTime","12/02/2011 03:50 PM"
"AA-649-ORD-SNA2011-12-02","ArrivalGate","7"
"AA-1640-MIA-MCO2011-12-02","ExpectedDepartureTime","12/02/2011 06:30 PM"
"AA-1640-MIA-MCO2011-12-02","DepartureGate","D33"
"AA-1640-MIA-MCO2011-12-02","ExpectedArrivalTime","12/02/2011 07:25 PM"
"AA-1640-MIA-MCO2011-12-02","ArrivalGate","14"
"AA-518-MIA-JFK2011-12-02","ExpectedDepartureTime","12/02/2011 06:30 AM"
"AA-518-MIA-JFK2011-12-02","ActualDepartureTime","12/02/2011 06:54 AM"
"AA-518-MIA-JFK2011-12-02","DepartureGate","D3"
"AA-518-MIA-JFK2011-12-02","ExpectedArrivalTime","12/02/2011 09:15 AM"
"AA-518-MIA-JFK2011-12-02","ActualArrivalTime","12/02/2011 09:26 AM"
"AA-518-MIA-JFK2011-12-02","ArrivalGate","5"
"AA-2525-DFW-MIA2011-12-02","ExpectedDepartureTime","12/02/2011 07:25 AM"
"AA-2525-DFW-MIA2011-12-02","ActualDepartureTime","12/02/2011 07:48 AM"
"AA-2525-DFW-MIA2011-12-02","DepartureGate","D25"
"AA-2525-DFW-MIA2011-12-02","ExpectedArrivalTime","12/02/2011 11:10 AM"
"AA-2525-DFW-MIA2011-12-02","ActualArrivalTime","12/02/2011 11:13 AM"
"AA-2525-DFW-MIA2011-12-02","ArrivalGate","D21"
"AA-1279-DFW-PHX2011-12-02","ExpectedDepartureTime","12/02/2011 01:00 PM"
"AA-1279-DFW-PHX2011-12-02","ActualDepartureTime","12/02/2011 01:29 PM"
"AA-1279-DFW-PHX2011-12-02","DepartureGate","C2"
"AA-1279-DFW-PHX2011-12-02","ExpectedArrivalTime","12/02/2011 02:35 PM"
"AA-1279-DFW-PHX2011-12-02","ActualArrivalTime","12/02/2011 02:51 PM"
"AA-1279-DFW-PHX2011-12-02","ArrivalGate","4"
"AA-1522-SFO-ORD2011-12-02","ExpectedDepartureTime","12/02/2011 11:55 PM"
"AA-1522-SFO-ORD2011-12-02","DepartureGate","58B"
"AA-1522-SFO-ORD2011-12-02","ExpectedArrivalTime","12/03/2011 05:50 AM"
"AA-1522-SFO-ORD2011-12-02","ArrivalGate","H9"
"AA-1434-DFW-MCO2011-12-02","ExpectedDepartureTime","12/02/2011 07:15 AM"
"AA-1434-DFW-MCO2011-12-02","ActualDepartureTime","12/02/2011 07:37 AM"
"AA-1434-DFW-MCO2011-12-02","DepartureGate","C36"
"AA-1434-DFW-MCO2011-12-02","ExpectedArrivalTime","12/02/2011 10:35 AM"
"AA-1434-DFW-MCO2011-12-02","ActualArrivalTime","12/02/2011 10:51 AM"
"AA-1434-DFW-MCO2011-12-02","ArrivalGate","14"
"AA-59-JFK-SFO2011-12-02","ExpectedDepartureTime","12/02/2011 07:10 AM"
"AA-59-JFK-SFO2011-12-02","ActualDepartureTime","12/02/2011 07:47 AM"
"AA-59-JFK-SFO2011-12-02","DepartureGate","39"
"AA-59-JFK-SFO2011-12-02","ExpectedArrivalTime","12/02/2011 10:45 AM"
"AA-59-JFK-SFO2011-12-02","ActualArrivalTime","12/02/2011 10:33 AM"
"AA-59-JFK-SFO2011-12-02","ArrivalGate","58B"
"AA-415-BOS-ORD2011-12-02","ExpectedDepartureTime","12/02/2011 08:35 AM"
"AA-415-BOS-ORD2011-12-02","ActualDepartureTime","12/02/2011 08:45 AM"
"AA-415-BOS-ORD2011-12-02","DepartureGate","B31"
"AA-415-BOS-ORD2011-12-02","ExpectedArrivalTime","12/02/2011 10:40 AM"
"AA-415-BOS-ORD2011-12-02","ActualArrivalTime","12/02/2011 10:28 AM"
"AA-415-BOS-ORD2011-12-02","ArrivalGate","K7"
"AA-222-LAX-BOS2011-12-02","ExpectedDepartureTime","12/02/2011 07:10 AM"
"AA-222-LAX-BOS2011-12-02","ActualDepartureTime","12/02/2011 07:29 AM"
"AA-222-LAX-BOS2011-12-02","DepartureGate","48A"
"AA-222-LAX-BOS2011-12-02","ExpectedArrivalTime","12/02/2011 03:30 PM"
"AA-222-LAX-BOS2011-12-02","ActualArrivalTime","12/02/2011 03:16 PM"
"AA-222-LAX-BOS2011-12-02","ArrivalGate","B33"
"AA-3823-LAX-DEN2011-12-02","ExpectedDepartureTime","12/02/2011 09:00 PM"
"AA-3823-LAX-DEN2011-12-02","DepartureGate","44I"
"AA-3823-LAX-DEN2011-12-02","ExpectedArrivalTime","12/03/2011 12:15 AM"
"AA-3823-LAX-DEN2011-12-02","ArrivalGate","A49"
"AA-1165-JFK-MIA2011-12-02","ExpectedDepartureTime","12/02/2011 06:59 AM"
"AA-1165-JFK-MIA2011-12-02","ActualDepartureTime","12/02/2011 07:36 AM"
"AA-1165-JFK-MIA2011-12-02","DepartureGate","40"
"AA-1165-JFK-MIA2011-12-02","ExpectedArrivalTime","12/02/2011 10:34 AM"
"AA-1165-JFK-MIA2011-12-02","ActualArrivalTime","12/02/2011 10:15 AM"
"AA-1165-JFK-MIA2011-12-02","ArrivalGate","D11"
"AA-3786-IAH-ORD2011-12-02","ExpectedDepartureTime","12/02/2011 04:00 PM"
"AA-3786-IAH-ORD2011-12-02","ActualDepartureTime","12/02/2011 04:17 PM"
"AA-3786-IAH-ORD2011-12-02","DepartureGate","A29"
"AA-3786-IAH-ORD2011-12-02","ExpectedArrivalTime","12/02/2011 06:40 PM"
"AA-3786-IAH-ORD2011-12-02","ActualArrivalTime","12/02/2011 06:14 PM"
"AA-3786-IAH-ORD2011-12-02","ArrivalGate","G5"
"AA-4330-CVG-ORD2011-12-02","ExpectedDepartureTime","12/02/2011 03:35 PM"
"AA-4330-CVG-ORD2011-12-02","ActualDepartureTime","12/02/2011 04:48 PM"
"AA-4330-CVG-ORD2011-12-02","DepartureGate","5"
"AA-4330-CVG-ORD2011-12-02","ExpectedArrivalTime","12/02/2011 04:00 PM"
"AA-4330-CVG-ORD2011-12-02","ActualArrivalTime","12/02/2011 04:41 PM"
"AA-4330-CVG-ORD2011-12-02","ArrivalGate","G14"
"AA-3468-CVG-MIA2011-12-02","ExpectedDepartureTime","12/02/2011 07:00 AM"
"AA-3468-CVG-MIA2011-12-02","ActualDepartureTime","12/02/2011 07:25 AM"
"AA-3468-CVG-MIA2011-12-02","DepartureGate","5"
"AA-3468-CVG-MIA2011-12-02","ExpectedArrivalTime","12/02/2011 09:55 AM"
"AA-3468-CVG-MIA2011-12-02","ActualArrivalTime","12/02/2011 09:46 AM"
"AA-3468-CVG-MIA2011-12-02","ArrivalGate","D60"
"AA-204-LAX-MCO2011-12-02","ExpectedDepartureTime","12/02/2011 11:25 PM"
"AA-204-LAX-MCO2011-12-02","DepartureGate","43"
"AA-204-LAX-MCO2011-12-02","ExpectedArrivalTime","12/03/2011 06:55 AM"
"AA-204-LAX-MCO2011-12-02","ArrivalGate","14"
"AA-466-IAH-MIA2011-12-02","ExpectedDepartureTime","12/02/2011 06:00 AM"
"AA-466-IAH-MIA2011-12-02","ActualDepartureTime","12/02/2011 06:15 AM"
"AA-466-IAH-MIA2011-12-02","DepartureGate","A27"
"AA-466-IAH-MIA2011-12-02","ExpectedArrivalTime","12/02/2011 09:20 AM"
"AA-466-IAH-MIA2011-12-02","ActualArrivalTime","12/02/2011 09:22 AM"
"AA-466-IAH-MIA2011-12-02","ArrivalGate","D51"
"AA-3-JFK-LAX2011-12-02","ExpectedDepartureTime","12/02/2011 12:00 PM"
"AA-3-JFK-LAX2011-12-02","ActualDepartureTime","12/02/2011 12:14 PM"
"AA-3-JFK-LAX2011-12-02","DepartureGate","12"
"AA-3-JFK-LAX2011-12-02","ExpectedArrivalTime","12/02/2011 03:15 PM"
"AA-3-JFK-LAX2011-12-02","ActualArrivalTime","12/02/2011 03:08 PM"
"AA-3-JFK-LAX2011-12-02","ArrivalGate","47B"
"AA-1007-MIA-PHX2011-12-02","ExpectedDepartureTime","12/02/2011 04:55 PM"
"AA-1007-MIA-PHX2011-12-02","ActualDepartureTime","12/02/2011 05:28 PM"
"AA-1007-MIA-PHX2011-12-02","DepartureGate","D44"
"AA-1007-MIA-PHX2011-12-02","ExpectedArrivalTime","12/02/2011 08:05 PM"
"AA-1007-MIA-PHX2011-12-02","ActualArrivalTime","12/02/2011 08:18 PM"
"AA-1007-MIA-PHX2011-12-02","ArrivalGate","6"
"AA-271-MIA-LAX2011-12-02","ExpectedDepartureTime","12/02/2011 11:35 AM"
"AA-271-MIA-LAX2011-12-02","ActualDepartureTime","12/02/2011 11:52 AM"
"AA-271-MIA-LAX2011-12-02","DepartureGate","D51"
"AA-271-MIA-LAX2011-12-02","ExpectedArrivalTime","12/02/2011 02:25 PM"
"AA-271-MIA-LAX2011-12-02","ActualArrivalTime","12/02/2011 02:08 PM"
"AA-271-MIA-LAX2011-12-02","ArrivalGate","49A"
"AA-643-MIA-ORD2011-12-02","ExpectedDepartureTime","12/02/2011 07:10 AM"
"AA-643-MIA-ORD2011-12-02","ActualDepartureTime","12/02/2011 07:25 AM"
"AA-643-MIA-ORD2011-12-02","DepartureGate","D11"
"AA-643-MIA-ORD2011-12-02","ExpectedArrivalTime","12/02/2011 09:35 AM"
"AA-643-MIA-ORD2011-12-02","ActualArrivalTime","12/02/2011 09:23 AM"
"AA-643-MIA-ORD2011-12-02","ArrivalGate","K13"
"AA-4198-ORD-CLE2011-12-02","ExpectedDepartureTime","12/02/2011 10:40 AM"
"AA-4198-ORD-CLE2011-12-02","ActualDepartureTime","12/02/2011 10:51 AM"
"AA-4198-ORD-CLE2011-12-02","DepartureGate","G12"
"AA-4198-ORD-CLE2011-12-02","ExpectedArrivalTime","12/02/2011 12:55 PM"
"AA-4198-ORD-CLE2011-12-02","ActualArrivalTime","12/02/2011 12:47 PM"
"AA-4198-ORD-CLE2011-12-02","ArrivalGate","A1"
"AA-400-DFW-JFK2011-12-02","ExpectedDepartureTime","12/02/2011 10:40 AM"
"AA-400-DFW-JFK2011-12-02","ActualDepartureTime","12/02/2011 11:01 AM"
"AA-400-DFW-JFK2011-12-02","DepartureGate","D16"
"AA-400-DFW-JFK2011-12-02","ExpectedArrivalTime","12/02/2011 02:59 PM"
"AA-400-DFW-JFK2011-12-02","ActualArrivalTime","12/02/2011 03:00 PM"
"AA-400-DFW-JFK2011-12-02","ArrivalGate","44"
"AA-1886-BOS-MIA2011-12-02","ExpectedDepartureTime","12/02/2011 10:45 AM"
"AA-1886-BOS-MIA2011-12-02","ActualDepartureTime","12/02/2011 10:55 AM"
"AA-1886-BOS-MIA2011-12-02","DepartureGate","B33"
"AA-1886-BOS-MIA2011-12-02","ExpectedArrivalTime","12/02/2011 02:20 PM"
"AA-1886-BOS-MIA2011-12-02","ActualArrivalTime","12/02/2011 01:55 PM"
"AA-1886-BOS-MIA2011-12-02","ArrivalGate","D50"
"AA-1917-JFK-MCO2011-12-02","ExpectedDepartureTime","12/02/2011 02:55 PM"
"AA-1917-JFK-MCO2011-12-02","ActualDepartureTime","12/02/2011 03:39 PM"
"AA-1917-JFK-MCO2011-12-02","DepartureGate","1"
"AA-1917-JFK-MCO2011-12-02","ExpectedArrivalTime","12/02/2011 05:55 PM"
"AA-1917-JFK-MCO2011-12-02","ActualArrivalTime","12/02/2011 06:05 PM"
"AA-1917-JFK-MCO2011-12-02","ArrivalGate","16"
"AA-3809-PHX-LAX2011-12-02","ExpectedDepartureTime","12/02/2011 06:00 AM"
"AA-3809-PHX-LAX2011-12-02","ActualDepartureTime","12/02/2011 06:07 AM"
"AA-3809-PHX-LAX2011-12-02","DepartureGate","2"
"AA-3809-PHX-LAX2011-12-02","ExpectedArrivalTime","12/02/2011 06:40 AM"
"AA-3809-PHX-LAX2011-12-02","ActualArrivalTime","12/02/2011 06:16 AM"
"AA-3809-PHX-LAX2011-12-02","ArrivalGate","44I"
"AA-2957-DFW-CVG2011-12-02","ExpectedDepartureTime","12/02/2011 07:55 AM"
"AA-2957-DFW-CVG2011-12-02","ActualDepartureTime","12/02/2011 08:07 AM"
"AA-2957-DFW-CVG2011-12-02","DepartureGate","B16"
"AA-2957-DFW-CVG2011-12-02","ExpectedArrivalTime","12/02/2011 11:05 AM"
"AA-2957-DFW-CVG2011-12-02","ActualArrivalTime","12/02/2011 10:57 AM"
"AA-2957-DFW-CVG2011-12-02","ArrivalGate","3"
"UA-1500-IAH-GUA2011-12-02","ExpectedDepartureTime","Fri, Dec 2 8:55 AM"
"UA-1500-IAH-GUA2011-12-02","ActualDepartureTime","Fri, Dec 2 9:39 AM            Delayed"
"UA-1500-IAH-GUA2011-12-02","DepartureGate","E10"
"UA-1500-IAH-GUA2011-12-02","ExpectedArrivalTime","Fri, Dec 2 11:45 AM"
"UA-1500-IAH-GUA2011-12-02","ActualArrivalTime","Fri, Dec 2 12:28 PM"
"UA-1500-IAH-GUA2011-12-02","ArrivalGate","15"
"UA-3515-IAD-MSP2011-12-02","ExpectedDepartureTime","Fri, Dec 2 8:15 AM"
"UA-3515-IAD-MSP2011-12-02","ActualDepartureTime","Fri, Dec 2 8:15 AM"
"UA-3515-IAD-MSP2011-12-02","DepartureGate","D20"
"UA-3515-IAD-MSP2011-12-02","ExpectedArrivalTime","Fri, Dec 2 10:06 AM"
"UA-3515-IAD-MSP2011-12-02","ActualArrivalTime","Fri, Dec 2 10:08 AM"
"UA-3515-IAD-MSP2011-12-02","ArrivalGate","E6"
"UA-664-ORD-PHL2011-12-02","ExpectedDepartureTime","Fri, Dec 2 1:33 PM"
"UA-664-ORD-PHL2011-12-02","ActualDepartureTime","Fri, Dec 2 1:35 PM"
"UA-664-ORD-PHL2011-12-02","DepartureGate","C25"
"UA-664-ORD-PHL2011-12-02","ExpectedArrivalTime","Fri, Dec 2 4:31 PM"
"UA-664-ORD-PHL2011-12-02","ActualArrivalTime","Fri, Dec 2 4:34 PM"
"UA-664-ORD-PHL2011-12-02","ArrivalGate","D13"
"UA-414-LAX-SFO2011-12-02","ExpectedDepartureTime","Fri, Dec 2 6:00 AM"
"UA-414-LAX-SFO2011-12-02","ActualDepartureTime","Fri, Dec 2 5:57 AM"
"UA-414-LAX-SFO2011-12-02","DepartureGate","75B"
"UA-414-LAX-SFO2011-12-02","ExpectedArrivalTime","Fri, Dec 2 7:23 AM"
"UA-414-LAX-SFO2011-12-02","ActualArrivalTime","Fri, Dec 2 7:12 AM"
"UA-414-LAX-SFO2011-12-02","ArrivalGate","88"
"UA-257-JFK-SFO2011-12-02","ExpectedDepartureTime","Fri, Dec 2 2:30 PM"
"UA-257-JFK-SFO2011-12-02","ActualDepartureTime","Fri, Dec 2 2:27 PM"
"UA-257-JFK-SFO2011-12-02","DepartureGate","9"
"UA-257-JFK-SFO2011-12-02","ExpectedArrivalTime","Fri, Dec 2 6:15 PM"
"UA-257-JFK-SFO2011-12-02","ActualArrivalTime","Fri, Dec 2 5:46 PM"
"UA-257-JFK-SFO2011-12-02","ArrivalGate","92"
"UA-62-IAH-EWR2011-12-02","ExpectedDepartureTime","Fri, Dec 2 2:30 PM"
"UA-62-IAH-EWR2011-12-02","ActualDepartureTime","Fri, Dec 2 2:50 PM"
"UA-62-IAH-EWR2011-12-02","DepartureGate","C-39"
"UA-62-IAH-EWR2011-12-02","ExpectedArrivalTime","Fri, Dec 2 7:03 PM"
"UA-62-IAH-EWR2011-12-02","ActualArrivalTime","Fri, Dec 2 7:08 PM"
"UA-62-IAH-EWR2011-12-02","ArrivalGate","C83"
"UA-843-LAX-ORD2011-12-02","ExpectedDepartureTime","Fri, Dec 2 1:55 PM"
"UA-843-LAX-ORD2011-12-02","ActualDepartureTime","Fri, Dec 2 1:54 PM"
"UA-843-LAX-ORD2011-12-02","DepartureGate","73"
"UA-843-LAX-ORD2011-12-02","ExpectedArrivalTime","Fri, Dec 2 7:53 PM"
"UA-843-LAX-ORD2011-12-02","ActualArrivalTime","Fri, Dec 2 7:22 PM"
"UA-843-LAX-ORD2011-12-02","ArrivalGate","C23"
"UA-248-PHX-ORD2011-12-02","ExpectedDepartureTime","Fri, Dec 2 12:57 PM"
"UA-248-PHX-ORD2011-12-02","ActualDepartureTime","Fri, Dec 2 12:57 PM            On Time"
"UA-248-PHX-ORD2011-12-02","DepartureGate","3"
"UA-248-PHX-ORD2011-12-02","ExpectedArrivalTime","Fri, Dec 2 5:15 PM"
"UA-248-PHX-ORD2011-12-02","ActualArrivalTime","Fri, Dec 2 5:02 PM"
"UA-248-PHX-ORD2011-12-02","ArrivalGate","C17"
"UA-248-PHX-ORD2011-12-02","ExpectedDepartureTime","Fri, Dec 2 12:57 PM"
"UA-248-PHX-ORD2011-12-02","ActualDepartureTime","Fri, Dec 2 1:08 PM            Delayed"
"UA-248-PHX-ORD2011-12-02","DepartureGate","3"
"UA-248-PHX-ORD2011-12-02","ExpectedArrivalTime","Fri, Dec 2 5:15 PM"
"UA-248-PHX-ORD2011-12-02","ActualArrivalTime","Fri, Dec 2 5:07 PM"
"UA-248-PHX-ORD2011-12-02","ArrivalGate","C17"
"UA-397-JFK-SFO2011-12-02","ExpectedDepartureTime","Fri, Dec 2 8:00 AM"
"UA-397-JFK-SFO2011-12-02","ActualDepartureTime","Fri, Dec 2 7:54 AM"
"UA-397-JFK-SFO2011-12-02","DepartureGate","12"
"UA-397-JFK-SFO2011-12-02","ExpectedArrivalTime","Fri, Dec 2 11:55 AM"
"UA-397-JFK-SFO2011-12-02","ActualArrivalTime","Fri, Dec 2 10:55 AM"
"UA-397-JFK-SFO2011-12-02","ArrivalGate","84"
"UA-2704-DTW-PHX2011-12-02","ExpectedDepartureTime","Fri, Dec 2 11:15 AM"
"UA-2704-DTW-PHX2011-12-02","ActualDepartureTime","Fri, Dec 2 11:15 AM"
"UA-2704-DTW-PHX2011-12-02","DepartureGate","D14"
"UA-2704-DTW-PHX2011-12-02","ExpectedArrivalTime","Fri, Dec 2 1:40 PM"
"UA-2704-DTW-PHX2011-12-02","ActualArrivalTime","Fri, Dec 2 1:40 PM"
"UA-2704-DTW-PHX2011-12-02","ArrivalGate","A6"
"UA-2515-DFW-CLT2011-12-02","ExpectedDepartureTime","Fri, Dec 2 7:05 AM"
"UA-2515-DFW-CLT2011-12-02","ActualDepartureTime","Fri, Dec 2 7:05 AM"
"UA-2515-DFW-CLT2011-12-02","DepartureGate","E36"
"UA-2515-DFW-CLT2011-12-02","ExpectedArrivalTime","Fri, Dec 2 10:31 AM"
"UA-2515-DFW-CLT2011-12-02","ActualArrivalTime","Fri, Dec 2 10:43 AM"
"UA-2515-DFW-CLT2011-12-02","ArrivalGate","B10"
"UA-3373-IAD-PHL2011-12-02","ExpectedDepartureTime","Fri, Dec 2 8:29 AM"
"UA-3373-IAD-PHL2011-12-02","ActualDepartureTime","Fri, Dec 2 8:25 AM"
"UA-3373-IAD-PHL2011-12-02","DepartureGate","A5D"
"UA-3373-IAD-PHL2011-12-02","ExpectedArrivalTime","Fri, Dec 2 9:24 AM"
"UA-3373-IAD-PHL2011-12-02","ActualArrivalTime","Fri, Dec 2 9:08 AM"
"UA-3373-IAD-PHL2011-12-02","ArrivalGate","D7"
"UA-2906-PHL-MCO2011-12-02","ExpectedDepartureTime","Fri, Dec 2 3:50 PM"
"UA-2906-PHL-MCO2011-12-02","ActualDepartureTime","Fri, Dec 2 3:50 PM            Delayed"
"UA-2906-PHL-MCO2011-12-02","DepartureGate","B13"
"UA-2906-PHL-MCO2011-12-02","ExpectedArrivalTime","Fri, Dec 2 6:23 PM"
"UA-2906-PHL-MCO2011-12-02","ActualArrivalTime","Fri, Dec 2 6:18 PM"
"UA-2906-PHL-MCO2011-12-02","ArrivalGate","58"
"UA-938-DEN-ORD2011-12-02","ExpectedDepartureTime","Fri, Dec 2 4:16 PM"
"UA-938-DEN-ORD2011-12-02","ActualDepartureTime","Fri, Dec 2 4:16 PM"
"UA-938-DEN-ORD2011-12-02","DepartureGate","B32"
"UA-938-DEN-ORD2011-12-02","ExpectedArrivalTime","Fri, Dec 2 7:35 PM"
"UA-938-DEN-ORD2011-12-02","ActualArrivalTime","Fri, Dec 2 7:17 PM"
"UA-938-DEN-ORD2011-12-02","ArrivalGate","C26"
"UA-3099-PHX-PHL2011-12-02","ExpectedDepartureTime","Fri, Dec 2 11:55 AM"
"UA-3099-PHX-PHL2011-12-02","ActualDepartureTime","Fri, Dec 2 12:05 PM"
"UA-3099-PHX-PHL2011-12-02","DepartureGate","B13"
"UA-3099-PHX-PHL2011-12-02","ExpectedArrivalTime","Fri, Dec 2 6:17 PM"
"UA-3099-PHX-PHL2011-12-02","ActualArrivalTime","Fri, Dec 2 5:53 PM"
"UA-3099-PHX-PHL2011-12-02","ArrivalGate","A10"
"UA-3925-IAD-ORF2011-12-02","ExpectedDepartureTime","Fri, Dec 2 8:41 AM"
"UA-3925-IAD-ORF2011-12-02","ActualDepartureTime","Fri, Dec 2 8:36 AM"
"UA-3925-IAD-ORF2011-12-02","DepartureGate","A2A"
"UA-3925-IAD-ORF2011-12-02","ExpectedArrivalTime","Fri, Dec 2 9:54 AM"
"UA-3925-IAD-ORF2011-12-02","ActualArrivalTime","Fri, Dec 2 9:42 AM"
"UA-5487-SFO-MRY2011-12-02","ExpectedDepartureTime","Fri, Dec 2 10:39 AM"
"UA-5487-SFO-MRY2011-12-02","ActualDepartureTime","Fri, Dec 2 10:31 AM"
"UA-5487-SFO-MRY2011-12-02","DepartureGate","87A"
"UA-5487-SFO-MRY2011-12-02","ExpectedArrivalTime","Fri, Dec 2 11:19 AM"
"UA-5487-SFO-MRY2011-12-02","ActualArrivalTime","Fri, Dec 2 11:17 AM"
"UA-3050-PHX-CLT2011-12-02","ExpectedDepartureTime","Fri, Dec 2 11:05 AM"
"UA-3050-PHX-CLT2011-12-02","ActualDepartureTime","Fri, Dec 2 11:05 AM"
"UA-3050-PHX-CLT2011-12-02","DepartureGate","A11"
"UA-3050-PHX-CLT2011-12-02","ExpectedArrivalTime","Fri, Dec 2 4:57 PM"
"UA-3050-PHX-CLT2011-12-02","ActualArrivalTime","Fri, Dec 2 4:44 PM"
"UA-3050-PHX-CLT2011-12-02","ArrivalGate","B5"
"UA-828-SFO-ORD2011-12-02","ExpectedDepartureTime","Fri, Dec 2 11:08 PM"
"UA-828-SFO-ORD2011-12-02","ActualDepartureTime","Fri, Dec 2 11:08 PM            On Time"
"UA-828-SFO-ORD2011-12-02","DepartureGate","74"
"UA-828-SFO-ORD2011-12-02","ExpectedArrivalTime","Sat, Dec 3 5:11 AM"
"UA-828-SFO-ORD2011-12-02","ActualArrivalTime","Sat, Dec 3 5:11 AM"
"UA-828-SFO-ORD2011-12-02","ArrivalGate","B11"
"UA-2830-MCO-CLT2011-12-02","ExpectedDepartureTime","Fri, Dec 2 3:27 PM"
"UA-2830-MCO-CLT2011-12-02","ActualDepartureTime","Fri, Dec 2 3:27 PM"
"UA-2830-MCO-CLT2011-12-02","DepartureGate","57"
"UA-2830-MCO-CLT2011-12-02","ExpectedArrivalTime","Fri, Dec 2 5:05 PM"
"UA-2830-MCO-CLT2011-12-02","ActualArrivalTime","Fri, Dec 2 4:59 PM"
"UA-2830-MCO-CLT2011-12-02","ArrivalGate","C12"
"UA-37-EWR-MCO2011-12-02","ExpectedDepartureTime","Fri, Dec 2 1:29 PM"
"UA-37-EWR-MCO2011-12-02","ActualDepartureTime","Fri, Dec 2 1:42 PM            Delayed"
"UA-37-EWR-MCO2011-12-02","DepartureGate","C73"
"UA-37-EWR-MCO2011-12-02","ExpectedArrivalTime","Fri, Dec 2 4:17 PM"
"UA-37-EWR-MCO2011-12-02","ActualArrivalTime","Fri, Dec 2 4:20 PM"
"UA-37-EWR-MCO2011-12-02","ArrivalGate","39"
"UA-37-EDI-EWR2011-12-02","ExpectedDepartureTime","Fri, Dec 2 9:05 AM"
"UA-37-EDI-EWR2011-12-02","ActualDepartureTime","Fri, Dec 2 11:29 AM"
"UA-37-EDI-EWR2011-12-02","ExpectedArrivalTime","Fri, Dec 2 11:53 AM"
"UA-37-EDI-EWR2011-12-02","ActualArrivalTime","Fri, Dec 2 2:56 PM"
"UA-37-EDI-EWR2011-12-02","ArrivalGate","B56"
"UA-2708-EWR-CLT2011-12-02","ExpectedDepartureTime","Fri, Dec 2 2:55 PM"
"UA-2708-EWR-CLT2011-12-02","ActualDepartureTime","Fri, Dec 2 2:55 PM"
"UA-2708-EWR-CLT2011-12-02","DepartureGate","A37"
"UA-2708-EWR-CLT2011-12-02","ExpectedArrivalTime","Fri, Dec 2 4:53 PM"
"UA-2708-EWR-CLT2011-12-02","ActualArrivalTime","Fri, Dec 2 4:32 PM"
"UA-2708-EWR-CLT2011-12-02","ArrivalGate","C15"
"UA-233-LAX-JFK2011-12-02","ExpectedDepartureTime","Fri, Dec 2 4:25 PM"
"UA-233-LAX-JFK2011-12-02","ActualDepartureTime","Fri, Dec 2 4:25 PM"
"UA-233-LAX-JFK2011-12-02","DepartureGate","76"
"UA-233-LAX-JFK2011-12-02","ExpectedArrivalTime","Sat, Dec 3 12:29 AM"
"UA-233-LAX-JFK2011-12-02","ActualArrivalTime","Sat, Dec 3 12:29 AM"
"UA-233-LAX-JFK2011-12-02","ArrivalGate","9"
"UA-2726-FLL-PHL2011-12-02","ExpectedDepartureTime","Fri, Dec 2 4:00 PM"
"UA-2726-FLL-PHL2011-12-02","ActualDepartureTime","Fri, Dec 2 4:00 PM"
"UA-2726-FLL-PHL2011-12-02","DepartureGate","E3"
"UA-2726-FLL-PHL2011-12-02","ExpectedArrivalTime","Fri, Dec 2 6:46 PM"
"UA-2726-FLL-PHL2011-12-02","ActualArrivalTime","Fri, Dec 2 6:30 PM"
"UA-2726-FLL-PHL2011-12-02","ArrivalGate","B6"
"UA-2945-PHL-CLT2011-12-02","ExpectedDepartureTime","Fri, Dec 2 12:00 AM"
"UA-2945-PHL-CLT2011-12-02","ActualDepartureTime","Fri, Dec 2 5:11 AM"
"UA-2945-PHL-CLT2011-12-02","DepartureGate","B9"
"UA-2945-PHL-CLT2011-12-02","ExpectedArrivalTime","Fri, Dec 2 1:45 PM"
"UA-2945-PHL-CLT2011-12-02","ActualArrivalTime","Fri, Dec 2 1:26 PM"
"UA-2945-PHL-CLT2011-12-02","ArrivalGate","C8"
"UA-6273-YYC-SFO2011-12-02","ExpectedDepartureTime","Fri, Dec 2 7:35 AM"
"UA-6273-YYC-SFO2011-12-02","ActualDepartureTime","Fri, Dec 2 7:30 AM"
"UA-6273-YYC-SFO2011-12-02","ExpectedArrivalTime","Fri, Dec 2 9:43 AM"
"UA-6273-YYC-SFO2011-12-02","ActualArrivalTime","Fri, Dec 2 8:59 AM"
"UA-6273-YYC-SFO2011-12-02","ArrivalGate","76B"
"UA-2314-ATL-PHL2011-12-02","ExpectedDepartureTime","Fri, Dec 2 2:55 PM"
"UA-2314-ATL-PHL2011-12-02","ActualDepartureTime","Fri, Dec 2 2:55 PM"
"UA-2314-ATL-PHL2011-12-02","DepartureGate","D23"
"UA-2314-ATL-PHL2011-12-02","ExpectedArrivalTime","Fri, Dec 2 5:00 PM"
"UA-2314-ATL-PHL2011-12-02","ActualArrivalTime","Fri, Dec 2 4:56 PM"
"UA-2314-ATL-PHL2011-12-02","ArrivalGate","A12"
"UA-382-IAD-LAX2011-12-02","ExpectedDepartureTime","Fri, Dec 2 12:40 PM"
"UA-382-IAD-LAX2011-12-02","ActualDepartureTime","Fri, Dec 2 12:41 PM            Delayed"
"UA-382-IAD-LAX2011-12-02","DepartureGate","C17"
"UA-382-IAD-LAX2011-12-02","ExpectedArrivalTime","Fri, Dec 2 3:29 PM"
"UA-382-IAD-LAX2011-12-02","ActualArrivalTime","Fri, Dec 2 3:20 PM"
"UA-382-IAD-LAX2011-12-02","ArrivalGate","75B"
"UA-382-IAD-LAX2011-12-02","ExpectedDepartureTime","Fri, Dec 2 12:40 PM"
"UA-382-IAD-LAX2011-12-02","ActualDepartureTime","Fri, Dec 2 12:41 PM            Delayed"
"UA-382-IAD-LAX2011-12-02","DepartureGate","C17"
"UA-382-IAD-LAX2011-12-02","ExpectedArrivalTime","Fri, Dec 2 3:29 PM"
"UA-382-IAD-LAX2011-12-02","ActualArrivalTime","Fri, Dec 2 3:24 PM"
"UA-382-IAD-LAX2011-12-02","ArrivalGate","75B"
"UA-858-PVG-SFO2011-12-02","ExpectedDepartureTime","Fri, Dec 2 1:45 PM"
"UA-858-PVG-SFO2011-12-02","ActualDepartureTime","Fri, Dec 2 1:35 PM"
"UA-858-PVG-SFO2011-12-02","DepartureGate","75"
"UA-858-PVG-SFO2011-12-02","ExpectedArrivalTime","Fri, Dec 2 8:27 AM"
"UA-858-PVG-SFO2011-12-02","ActualArrivalTime","Fri, Dec 2 8:06 AM"
"UA-858-PVG-SFO2011-12-02","ArrivalGate","97"
"UA-854-SFO-IAH2011-12-02","ExpectedDepartureTime","Fri, Dec 2 7:53 AM"
"UA-854-SFO-IAH2011-12-02","ActualDepartureTime","Fri, Dec 2 7:50 AM"
"UA-854-SFO-IAH2011-12-02","DepartureGate","86"
"UA-854-SFO-IAH2011-12-02","ExpectedArrivalTime","Fri, Dec 2 1:39 PM"
"UA-854-SFO-IAH2011-12-02","ActualArrivalTime","Fri, Dec 2 1:32 PM"
"UA-854-SFO-IAH2011-12-02","ArrivalGate","C16"
"CO-16-LAX-EWR2011-12-02","ExpectedDepartureTime","Fri., Dec.02, 2011 10:25 a.m."
"CO-16-LAX-EWR2011-12-02","ActualDepartureTime","Fri., Dec.02, 2011 10:28 a.m."
"CO-16-LAX-EWR2011-12-02","ExpectedArrivalTime","Fri., Dec.02, 2011 6:44 p.m."
"CO-16-LAX-EWR2011-12-02","ActualArrivalTime","Fri., Dec.02, 2011 6:42 p.m."
"CO-1193-EWR-MCO2011-12-02","ExpectedDepartureTime","Fri., Dec.02, 2011 9:15 a.m."
"CO-1193-EWR-MCO2011-12-02","ActualDepartureTime","Fri., Dec.02, 2011 9:12 a.m."
"CO-1193-EWR-MCO2011-12-02","ExpectedArrivalTime","Fri., Dec.02, 2011 12:18 p.m."
"CO-1193-EWR-MCO2011-12-02","ActualArrivalTime","Fri., Dec.02, 2011 12:22 p.m."
"CO-1614-LAX-IAH2011-12-02","ExpectedDepartureTime","Fri., Dec.02, 2011 12:30 a.m."
"CO-1614-LAX-IAH2011-12-02","ActualDepartureTime","Fri., Dec.02, 2011 12:44 a.m."
"CO-1614-LAX-IAH2011-12-02","ExpectedArrivalTime","Fri., Dec.02, 2011 5:35 a.m."
"CO-1614-LAX-IAH2011-12-02","ActualArrivalTime","Fri., Dec.02, 2011 5:46 a.m."
"CO-45-EWR-MIA2011-12-02","ExpectedDepartureTime","Fri., Dec.02, 2011 4:00 p.m."
"CO-45-EWR-MIA2011-12-02","ActualDepartureTime","Fri., Dec.02, 2011 4:13 p.m."
"CO-45-EWR-MIA2011-12-02","ExpectedArrivalTime","Fri., Dec.02, 2011 7:05 p.m."
"CO-45-EWR-MIA2011-12-02","ActualArrivalTime","Fri., Dec.02, 2011 7:01 p.m."
"CO-63-EWR-IAH2011-12-02","ExpectedDepartureTime","Fri., Dec.02, 2011 5:25 p.m."
"CO-63-EWR-IAH2011-12-02","ActualDepartureTime","Fri., Dec.02, 2011 5:26 p.m."
"CO-63-EWR-IAH2011-12-02","ExpectedArrivalTime","Fri., Dec.02, 2011 8:22 p.m."
"CO-63-EWR-IAH2011-12-02","ActualArrivalTime","Fri., Dec.02, 2011 8:29 p.m."
"CO-50-CLE-EWR2011-12-02","ExpectedDepartureTime","Fri., Dec.02, 2011 2:55 p.m."
"CO-50-CLE-EWR2011-12-02","ActualDepartureTime","Fri., Dec.02, 2011 3:46 p.m."
"CO-50-CLE-EWR2011-12-02","ExpectedArrivalTime","Fri., Dec.02, 2011 4:49 p.m."
"CO-50-CLE-EWR2011-12-02","ActualArrivalTime","Fri., Dec.02, 2011 5:26 p.m."
"CO-1561-PHX-IAH2011-12-02","ExpectedDepartureTime","Fri., Dec.02, 2011 8:05 a.m."
"CO-1561-PHX-IAH2011-12-02","ActualDepartureTime","Fri., Dec.02, 2011 8:03 a.m."
"CO-1561-PHX-IAH2011-12-02","ExpectedArrivalTime","Fri., Dec.02, 2011 11:35 a.m."
"CO-1561-PHX-IAH2011-12-02","ActualArrivalTime","Fri., Dec.02, 2011 11:33 a.m."
"CO-47-IAH-LAX2011-12-02","ExpectedDepartureTime","Fri., Dec.02, 2011 7:10 p.m."
"CO-47-IAH-LAX2011-12-02","ActualDepartureTime","Fri., Dec.02, 2011 8:49 p.m."
"CO-47-IAH-LAX2011-12-02","ExpectedArrivalTime","Fri., Dec.02, 2011 8:56 p.m."
"CO-47-IAH-LAX2011-12-02","ActualArrivalTime","Fri., Dec.02, 2011 10:18 p.m."
"CO-1586-IAH-MCO2011-12-02","ExpectedDepartureTime","Fri., Dec.02, 2011 7:00 p.m."
"CO-1586-IAH-MCO2011-12-02","ActualDepartureTime","Fri., Dec.02, 2011 7:13 p.m."
"CO-1586-IAH-MCO2011-12-02","ExpectedArrivalTime","Fri., Dec.02, 2011 10:15 p.m."
"CO-1586-IAH-MCO2011-12-02","ActualArrivalTime","Fri., Dec.02, 2011 10:25 p.m."
"CO-1694-LAX-IAH2011-12-02","ExpectedDepartureTime","Fri., Dec.02, 2011 7:15 p.m."
"CO-1694-LAX-IAH2011-12-02","ActualDepartureTime","Fri., Dec.02, 2011 7:15 p.m."
"CO-1694-LAX-IAH2011-12-02","ExpectedArrivalTime","Fri., Dec.02, 2011 12:21 a.m."
"CO-1694-LAX-IAH2011-12-02","ActualArrivalTime","Fri., Dec.02, 2011 12:21 a.m."
"CO-4888-IAH-DAL2011-12-02","ExpectedDepartureTime","Fri., Dec.02, 2011 5:30 p.m."
"CO-4888-IAH-DAL2011-12-02","ActualDepartureTime","Fri., Dec.02, 2011 5:30 p.m."
"CO-4888-IAH-DAL2011-12-02","ExpectedArrivalTime","Fri., Dec.02, 2011 6:40 p.m."
"CO-4888-IAH-DAL2011-12-02","ActualArrivalTime","Fri., Dec.02, 2011 7:05 p.m."
"CO-1088-CLE-IAH2011-12-02","ExpectedDepartureTime","Fri., Dec.02, 2011 8:40 a.m."
"CO-1088-CLE-IAH2011-12-02","ActualDepartureTime","Fri., Dec.02, 2011 8:43 a.m."
"CO-1088-CLE-IAH2011-12-02","ExpectedArrivalTime","Fri., Dec.02, 2011 10:54 a.m."
"CO-1088-CLE-IAH2011-12-02","ActualArrivalTime","Fri., Dec.02, 2011 10:59 a.m."
"CO-58-DEN-IAH2011-12-02","ExpectedDepartureTime","Fri., Dec.02, 2011 11:25 a.m."
"CO-58-DEN-IAH2011-12-02","ActualDepartureTime","Fri., Dec.02, 2011 11:35 a.m."
"CO-58-DEN-IAH2011-12-02","ExpectedArrivalTime","Fri., Dec.02, 2011 2:50 p.m."
"CO-58-DEN-IAH2011-12-02","ActualArrivalTime","Fri., Dec.02, 2011 2:48 p.m."
"CO-1023-IAH-DEN2011-12-02","ExpectedDepartureTime","Fri., Dec.02, 2011 11:40 a.m."
"CO-1023-IAH-DEN2011-12-02","ActualDepartureTime","Fri., Dec.02, 2011 12:00 p.m."
"CO-1023-IAH-DEN2011-12-02","ExpectedArrivalTime","Fri., Dec.02, 2011 1:17 p.m."
"CO-1023-IAH-DEN2011-12-02","ActualArrivalTime","Fri., Dec.02, 2011 1:18 p.m."
"CO-1250-MIA-IAH2011-12-02","ExpectedDepartureTime","Fri., Dec.02, 2011 2:53 p.m."
"CO-1250-MIA-IAH2011-12-02","ActualDepartureTime","Fri., Dec.02, 2011 2:48 p.m."
"CO-1250-MIA-IAH2011-12-02","ExpectedArrivalTime","Fri., Dec.02, 2011 4:48 p.m."
"CO-1250-MIA-IAH2011-12-02","ActualArrivalTime","Fri., Dec.02, 2011 4:31 p.m."
"CO-62-IAH-EWR2011-12-02","ExpectedDepartureTime","Fri., Dec.02, 2011 2:30 p.m."
"CO-62-IAH-EWR2011-12-02","ActualDepartureTime","Fri., Dec.02, 2011 2:50 p.m."
"CO-62-IAH-EWR2011-12-02","ExpectedArrivalTime","Fri., Dec.02, 2011 7:03 p.m."
"CO-62-IAH-EWR2011-12-02","ActualArrivalTime","Fri., Dec.02, 2011 7:08 p.m."
"CO-52-IAH-LAX2011-12-02","ExpectedDepartureTime","Fri., Dec.02, 2011 7:35 a.m."
"CO-52-IAH-LAX2011-12-02","ActualDepartureTime","Fri., Dec.02, 2011 7:33 a.m."
"CO-52-IAH-LAX2011-12-02","ExpectedArrivalTime","Fri., Dec.02, 2011 9:21 a.m."
"CO-52-IAH-LAX2011-12-02","ActualArrivalTime","Fri., Dec.02, 2011 9:26 a.m."
"CO-89-IAH-EWR2011-12-02","ExpectedDepartureTime","Fri., Dec.02, 2011 6:00 a.m."
"CO-89-IAH-EWR2011-12-02","ActualDepartureTime","Fri., Dec.02, 2011 5:58 a.m."
"CO-89-IAH-EWR2011-12-02","ExpectedArrivalTime","Fri., Dec.02, 2011 10:20 a.m."
"CO-89-IAH-EWR2011-12-02","ActualArrivalTime","Fri., Dec.02, 2011 10:14 a.m."
"CO-1090-BOS-IAH2011-12-02","ExpectedDepartureTime","Fri., Dec.02, 2011 9:45 a.m."
"CO-1090-BOS-IAH2011-12-02","ActualDepartureTime","Fri., Dec.02, 2011 9:43 a.m."
"CO-1090-BOS-IAH2011-12-02","ExpectedArrivalTime","Fri., Dec.02, 2011 1:16 p.m."
"CO-1090-BOS-IAH2011-12-02","ActualArrivalTime","Fri., Dec.02, 2011 1:17 p.m."
