"ObjectID","PropertyID","PropertyValue"
"AA-1221-MCO-ORD2011-12-31","ExpectedDepartureTime","December 31, 2011               08:00 PM    "
"AA-1221-MCO-ORD2011-12-31","ActualDepartureTime","December 31, 2011               07:56 PM    "
"AA-1221-MCO-ORD2011-12-31","DepartureGate"," 15"
"AA-1221-MCO-ORD2011-12-31","ExpectedArrivalTime","December 31, 2011               09:50 PM    "
"AA-1221-MCO-ORD2011-12-31","ActualArrivalTime","December 31, 2011               09:31 PM    "
"AA-1221-MCO-ORD2011-12-31","ArrivalGate"," K1    "
"AA-518-MIA-JFK2011-12-31","ExpectedDepartureTime","December 31, 2011               06:30 AM    "
"AA-518-MIA-JFK2011-12-31","ActualDepartureTime","December 31, 2011               06:28 AM    "
"AA-518-MIA-JFK2011-12-31","DepartureGate"," D23"
"AA-518-MIA-JFK2011-12-31","ExpectedArrivalTime","December 31, 2011               09:15 AM    "
"AA-518-MIA-JFK2011-12-31","ActualArrivalTime","December 31, 2011               08:48 AM    "
"AA-518-MIA-JFK2011-12-31","ArrivalGate"," 46    "
"AA-1640-MIA-MCO2011-12-31","ExpectedDepartureTime","December 31, 2011               06:30 PM    "
"AA-1640-MIA-MCO2011-12-31","ActualDepartureTime","December 31, 2011     "
"AA-1640-MIA-MCO2011-12-31","DepartureGate"," D1"
"AA-1640-MIA-MCO2011-12-31","ExpectedArrivalTime","December 31, 2011               07:25 PM    "
"AA-1640-MIA-MCO2011-12-31","ActualArrivalTime","December 31, 2011     "
"AA-1640-MIA-MCO2011-12-31","ArrivalGate"," 14    "
"AA-4307-ORD-DTW2011-12-31","ExpectedDepartureTime","December 31, 2011               06:45 PM    "
"AA-4307-ORD-DTW2011-12-31","ActualDepartureTime","December 31, 2011               06:44 PM    "
"AA-4307-ORD-DTW2011-12-31","DepartureGate"," G6B"
"AA-4307-ORD-DTW2011-12-31","ExpectedArrivalTime","December 31, 2011               09:10 PM    "
"AA-4307-ORD-DTW2011-12-31","ActualArrivalTime","December 31, 2011               09:04 PM    "
"AA-4307-ORD-DTW2011-12-31","ArrivalGate"," D19    "
"AA-2525-DFW-MIA2011-12-31","ExpectedDepartureTime","December 31, 2011               07:25 AM    "
"AA-2525-DFW-MIA2011-12-31","ActualDepartureTime","December 31, 2011               07:26 AM    "
"AA-2525-DFW-MIA2011-12-31","DepartureGate"," C8"
"AA-2525-DFW-MIA2011-12-31","ExpectedArrivalTime","December 31, 2011               11:10 AM    "
"AA-2525-DFW-MIA2011-12-31","ActualArrivalTime","December 31, 2011               11:10 AM    "
"AA-2525-DFW-MIA2011-12-31","ArrivalGate"," D21    "
"AA-616-DFW-DTW2011-12-31","ExpectedDepartureTime","December 31, 2011               09:05 AM    "
"AA-616-DFW-DTW2011-12-31","ActualDepartureTime","December 31, 2011               09:00 AM    "
"AA-616-DFW-DTW2011-12-31","DepartureGate"," C7"
"AA-616-DFW-DTW2011-12-31","ExpectedArrivalTime","December 31, 2011               12:35 PM    "
"AA-616-DFW-DTW2011-12-31","ActualArrivalTime","December 31, 2011               12:36 PM    "
"AA-616-DFW-DTW2011-12-31","ArrivalGate"," D32    "
"AA-431-MIA-SFO2011-12-31","ExpectedDepartureTime","December 31, 2011               08:35 AM    "
"AA-431-MIA-SFO2011-12-31","ActualDepartureTime","December 31, 2011               08:48 AM    "
"AA-431-MIA-SFO2011-12-31","DepartureGate"," E9"
"AA-431-MIA-SFO2011-12-31","ExpectedArrivalTime","December 31, 2011               11:50 AM    "
"AA-431-MIA-SFO2011-12-31","ActualArrivalTime","December 31, 2011     "
"AA-431-MIA-SFO2011-12-31","ArrivalGate"," 57    "
"AA-3756-ORD-SLC2011-12-31","ExpectedDepartureTime","December 31, 2011               12:15 PM    "
"AA-3756-ORD-SLC2011-12-31","ActualDepartureTime","December 31, 2011               12:18 PM    "
"AA-3756-ORD-SLC2011-12-31","DepartureGate"," G19"
"AA-3756-ORD-SLC2011-12-31","ExpectedArrivalTime","December 31, 2011               02:45 PM    "
"AA-3756-ORD-SLC2011-12-31","ActualArrivalTime","December 31, 2011               02:41 PM    "
"AA-3756-ORD-SLC2011-12-31","ArrivalGate"," A3    "
"AA-1279-DFW-PHX2011-12-31","ExpectedDepartureTime","December 31, 2011               01:00 PM    "
"AA-1279-DFW-PHX2011-12-31","ActualDepartureTime","December 31, 2011               01:24 PM    "
"AA-1279-DFW-PHX2011-12-31","DepartureGate"," A22"
"AA-1279-DFW-PHX2011-12-31","ExpectedArrivalTime","December 31, 2011               02:35 PM    "
"AA-1279-DFW-PHX2011-12-31","ActualArrivalTime","December 31, 2011               02:48 PM    "
"AA-1279-DFW-PHX2011-12-31","ArrivalGate"," 4    "
"AA-2050-ORD-MIA2011-12-31","ExpectedDepartureTime","December 31, 2011               10:40 AM    "
"AA-2050-ORD-MIA2011-12-31","ActualDepartureTime","December 31, 2011               10:35 AM    "
"AA-2050-ORD-MIA2011-12-31","DepartureGate"," H15"
"AA-2050-ORD-MIA2011-12-31","ExpectedArrivalTime","December 31, 2011               02:45 PM    "
"AA-2050-ORD-MIA2011-12-31","ActualArrivalTime","December 31, 2011               02:28 PM    "
"AA-2050-ORD-MIA2011-12-31","ArrivalGate"," D3    "
"AA-3804-PHL-ORD2011-12-31","ExpectedDepartureTime","December 31, 2011               02:35 PM    "
"AA-3804-PHL-ORD2011-12-31","ActualDepartureTime","December 31, 2011               02:25 PM    "
"AA-3804-PHL-ORD2011-12-31","DepartureGate"," A7"
"AA-3804-PHL-ORD2011-12-31","ExpectedArrivalTime","December 31, 2011               04:05 PM    "
"AA-3804-PHL-ORD2011-12-31","ActualArrivalTime","December 31, 2011               03:29 PM    "
"AA-3804-PHL-ORD2011-12-31","ArrivalGate"," G13    "
"AA-1434-DFW-MCO2011-12-31","ExpectedDepartureTime","December 31, 2011               07:15 AM    "
"AA-1434-DFW-MCO2011-12-31","ActualDepartureTime","December 31, 2011               07:20 AM    "
"AA-1434-DFW-MCO2011-12-31","DepartureGate"," C2"
"AA-1434-DFW-MCO2011-12-31","ExpectedArrivalTime","December 31, 2011               10:35 AM    "
"AA-1434-DFW-MCO2011-12-31","ActualArrivalTime","December 31, 2011               10:45 AM    "
"AA-1434-DFW-MCO2011-12-31","ArrivalGate"," 17    "
"AA-59-JFK-SFO2011-12-31","ExpectedDepartureTime","December 31, 2011               07:10 AM    "
"AA-59-JFK-SFO2011-12-31","ActualDepartureTime","December 31, 2011               07:05 AM    "
"AA-59-JFK-SFO2011-12-31","DepartureGate"," 44"
"AA-59-JFK-SFO2011-12-31","ExpectedArrivalTime","December 31, 2011               10:45 AM    "
"AA-59-JFK-SFO2011-12-31","ActualArrivalTime","December 31, 2011               10:20 AM    "
"AA-59-JFK-SFO2011-12-31","ArrivalGate"," 58B    "
"AA-415-BOS-ORD2011-12-31","ExpectedDepartureTime","December 31, 2011               08:35 AM    "
"AA-415-BOS-ORD2011-12-31","ActualDepartureTime","December 31, 2011               08:31 AM    "
"AA-415-BOS-ORD2011-12-31","DepartureGate"," B35"
"AA-415-BOS-ORD2011-12-31","ExpectedArrivalTime","December 31, 2011               10:40 AM    "
"AA-415-BOS-ORD2011-12-31","ActualArrivalTime","December 31, 2011               09:56 AM    "
"AA-415-BOS-ORD2011-12-31","ArrivalGate"," K13    "
"AA-222-LAX-BOS2011-12-31","ExpectedDepartureTime","December 31, 2011               07:10 AM    "
"AA-222-LAX-BOS2011-12-31","ActualDepartureTime","December 31, 2011               07:05 AM    "
"AA-222-LAX-BOS2011-12-31","DepartureGate"," 47B"
"AA-222-LAX-BOS2011-12-31","ExpectedArrivalTime","December 31, 2011               03:30 PM    "
"AA-222-LAX-BOS2011-12-31","ActualArrivalTime","December 31, 2011               03:20 PM    "
"AA-222-LAX-BOS2011-12-31","ArrivalGate"," B34    "
"AA-3823-LAX-DEN2011-12-31","ExpectedDepartureTime","December 31, 2011               09:00 PM    "
"AA-3823-LAX-DEN2011-12-31","ActualDepartureTime","December 31, 2011     "
"AA-3823-LAX-DEN2011-12-31","DepartureGate"," 44J"
"AA-3823-LAX-DEN2011-12-31","ExpectedArrivalTime","January 1, 2011               12:15 AM    "
"AA-3823-LAX-DEN2011-12-31","ActualArrivalTime","January 1, 2011     "
"AA-3823-LAX-DEN2011-12-31","ArrivalGate"," A49    "
"AA-1165-JFK-MIA2011-12-31","ExpectedDepartureTime","December 31, 2011               06:59 AM    "
"AA-1165-JFK-MIA2011-12-31","ActualDepartureTime","December 31, 2011               06:58 AM    "
"AA-1165-JFK-MIA2011-12-31","DepartureGate"," 36"
"AA-1165-JFK-MIA2011-12-31","ExpectedArrivalTime","December 31, 2011               10:34 AM    "
"AA-1165-JFK-MIA2011-12-31","ActualArrivalTime","December 31, 2011               10:03 AM    "
"AA-1165-JFK-MIA2011-12-31","ArrivalGate"," D2    "
"AA-3786-IAH-ORD2011-12-31","ExpectedDepartureTime","December 31, 2011               04:00 PM    "
"AA-3786-IAH-ORD2011-12-31","ActualDepartureTime","December 31, 2011               03:57 PM    "
"AA-3786-IAH-ORD2011-12-31","DepartureGate"," A30"
"AA-3786-IAH-ORD2011-12-31","ExpectedArrivalTime","December 31, 2011               06:40 PM    "
"AA-3786-IAH-ORD2011-12-31","ActualArrivalTime","December 31, 2011               06:25 PM    "
"AA-3786-IAH-ORD2011-12-31","ArrivalGate"," G13    "
"AA-4330-CVG-ORD2011-12-31","ExpectedDepartureTime","December 31, 2011               03:35 PM    "
"AA-4330-CVG-ORD2011-12-31","ActualDepartureTime","December 31, 2011               03:33 PM    "
"AA-4330-CVG-ORD2011-12-31","DepartureGate"," 5"
"AA-4330-CVG-ORD2011-12-31","ExpectedArrivalTime","December 31, 2011               04:00 PM    "
"AA-4330-CVG-ORD2011-12-31","ActualArrivalTime","December 31, 2011               03:48 PM    "
"AA-4330-CVG-ORD2011-12-31","ArrivalGate"," G3    "
"AA-1664-MIA-ATL2011-12-31","ExpectedDepartureTime","December 31, 2011               10:15 AM    "
"AA-1664-MIA-ATL2011-12-31","ActualDepartureTime","December 31, 2011               10:16 AM    "
"AA-1664-MIA-ATL2011-12-31","DepartureGate"," D41"
"AA-1664-MIA-ATL2011-12-31","ExpectedArrivalTime","December 31, 2011               12:10 PM    "
"AA-1664-MIA-ATL2011-12-31","ActualArrivalTime","December 31, 2011               11:57 AM    "
"AA-1664-MIA-ATL2011-12-31","ArrivalGate"," T11    "
"AA-789-ORD-DEN2011-12-31","ExpectedDepartureTime","December 31, 2011               01:05 PM    "
"AA-789-ORD-DEN2011-12-31","ActualDepartureTime","December 31, 2011               01:11 PM    "
"AA-789-ORD-DEN2011-12-31","DepartureGate"," K9"
"AA-789-ORD-DEN2011-12-31","ExpectedArrivalTime","December 31, 2011               02:35 PM    "
"AA-789-ORD-DEN2011-12-31","ActualArrivalTime","December 31, 2011               02:50 PM    "
"AA-789-ORD-DEN2011-12-31","ArrivalGate"," A49    "
"AA-3468-CVG-MIA2011-12-31","ExpectedDepartureTime","December 31, 2011               07:00 AM    "
"AA-3468-CVG-MIA2011-12-31","ActualDepartureTime","December 31, 2011               06:54 AM    "
"AA-3468-CVG-MIA2011-12-31","DepartureGate"," 1"
"AA-3468-CVG-MIA2011-12-31","ExpectedArrivalTime","December 31, 2011               09:55 AM    "
"AA-3468-CVG-MIA2011-12-31","ActualArrivalTime","December 31, 2011               09:16 AM    "
"AA-3468-CVG-MIA2011-12-31","ArrivalGate"," D27B    "
"AA-204-LAX-MCO2011-12-31","ExpectedDepartureTime","December 31, 2011               11:25 PM    "
"AA-204-LAX-MCO2011-12-31","ActualDepartureTime","December 31, 2011     "
"AA-204-LAX-MCO2011-12-31","DepartureGate"," 42A"
"AA-204-LAX-MCO2011-12-31","ExpectedArrivalTime","January 1, 2011               06:55 AM    "
"AA-204-LAX-MCO2011-12-31","ActualArrivalTime","January 1, 2011     "
"AA-204-LAX-MCO2011-12-31","ArrivalGate"," TBA    "
"AA-1733-ORD-PHX2011-12-31","ExpectedDepartureTime","December 31, 2011               07:45 PM    "
"AA-1733-ORD-PHX2011-12-31","ActualDepartureTime","December 31, 2011               07:46 PM    "
"AA-1733-ORD-PHX2011-12-31","DepartureGate"," K18"
"AA-1733-ORD-PHX2011-12-31","ExpectedArrivalTime","December 31, 2011               10:30 PM    "
"AA-1733-ORD-PHX2011-12-31","ActualArrivalTime","December 31, 2011     "
"AA-1733-ORD-PHX2011-12-31","ArrivalGate"," 6    "
"AA-1733-ORD-PHX2011-12-31","ExpectedDepartureTime","December 31, 2011               07:45 PM    "
"AA-1733-ORD-PHX2011-12-31","ActualDepartureTime","December 31, 2011               07:46 PM    "
"AA-1733-ORD-PHX2011-12-31","DepartureGate"," K18"
"AA-1733-ORD-PHX2011-12-31","ExpectedArrivalTime","December 31, 2011               10:30 PM    "
"AA-1733-ORD-PHX2011-12-31","ActualArrivalTime","December 31, 2011     "
"AA-1733-ORD-PHX2011-12-31","ArrivalGate"," 6    "
"AA-4277-CVG-JFK2011-12-31","ExpectedDepartureTime","December 31, 2011               12:10 PM    "
"AA-4277-CVG-JFK2011-12-31","ActualDepartureTime","December 31, 2011               12:08 PM    "
"AA-4277-CVG-JFK2011-12-31","DepartureGate"," 1"
"AA-4277-CVG-JFK2011-12-31","ExpectedArrivalTime","December 31, 2011               02:15 PM    "
"AA-4277-CVG-JFK2011-12-31","ActualArrivalTime","December 31, 2011               01:58 PM    "
"AA-4277-CVG-JFK2011-12-31","ArrivalGate"," 32I    "
"AA-466-IAH-MIA2011-12-31","ExpectedDepartureTime","December 31, 2011               06:00 AM    "
"AA-466-IAH-MIA2011-12-31","ActualDepartureTime","December 31, 2011               05:56 AM    "
"AA-466-IAH-MIA2011-12-31","DepartureGate"," A27"
"AA-466-IAH-MIA2011-12-31","ExpectedArrivalTime","December 31, 2011               09:20 AM    "
"AA-466-IAH-MIA2011-12-31","ActualArrivalTime","December 31, 2011               09:18 AM    "
"AA-466-IAH-MIA2011-12-31","ArrivalGate"," D41    "
"AA-2312-DFW-DTW2011-12-31","ExpectedDepartureTime","December 31, 2011               08:25 PM    "
"AA-2312-DFW-DTW2011-12-31","ActualDepartureTime","December 31, 2011     "
"AA-2312-DFW-DTW2011-12-31","DepartureGate"," A20"
"AA-2312-DFW-DTW2011-12-31","ExpectedArrivalTime","December 31, 2011               11:50 PM    "
"AA-2312-DFW-DTW2011-12-31","ActualArrivalTime","December 31, 2011     "
"AA-2312-DFW-DTW2011-12-31","ArrivalGate"," D32    "
"AA-404-MIA-MCO2011-12-31","ExpectedDepartureTime","December 31, 2011               06:45 AM    "
"AA-404-MIA-MCO2011-12-31","ActualDepartureTime","December 31, 2011               06:40 AM    "
"AA-404-MIA-MCO2011-12-31","DepartureGate"," E7"
"AA-404-MIA-MCO2011-12-31","ExpectedArrivalTime","December 31, 2011               07:45 AM    "
"AA-404-MIA-MCO2011-12-31","ActualArrivalTime","December 31, 2011               07:38 AM    "
"AA-404-MIA-MCO2011-12-31","ArrivalGate"," 15    "
"AA-85-JFK-SFO2011-12-31","ExpectedDepartureTime","December 31, 2011               03:05 PM    "
"AA-85-JFK-SFO2011-12-31","ActualDepartureTime","December 31, 2011               03:03 PM    "
"AA-85-JFK-SFO2011-12-31","DepartureGate"," 43"
"AA-85-JFK-SFO2011-12-31","ExpectedArrivalTime","December 31, 2011               06:30 PM    "
"AA-85-JFK-SFO2011-12-31","ActualArrivalTime","December 31, 2011               06:28 PM    "
"AA-85-JFK-SFO2011-12-31","ArrivalGate"," 58B    "
"AA-446-DFW-PHL2011-12-31","ExpectedDepartureTime","December 31, 2011               11:50 AM    "
"AA-446-DFW-PHL2011-12-31","ActualDepartureTime","December 31, 2011               11:47 AM    "
"AA-446-DFW-PHL2011-12-31","DepartureGate"," A20"
"AA-446-DFW-PHL2011-12-31","ExpectedArrivalTime","December 31, 2011               03:50 PM    "
"AA-446-DFW-PHL2011-12-31","ActualArrivalTime","December 31, 2011               03:41 PM    "
"AA-446-DFW-PHL2011-12-31","ArrivalGate"," A9    "
"AA-3-JFK-LAX2011-12-31","ExpectedDepartureTime","December 31, 2011               12:00 PM    "
"AA-3-JFK-LAX2011-12-31","ActualDepartureTime","December 31, 2011               11:54 AM    "
"AA-3-JFK-LAX2011-12-31","DepartureGate"," 35"
"AA-3-JFK-LAX2011-12-31","ExpectedArrivalTime","December 31, 2011               03:15 PM    "
"AA-3-JFK-LAX2011-12-31","ActualArrivalTime","December 31, 2011               02:48 PM    "
"AA-3-JFK-LAX2011-12-31","ArrivalGate"," 42A    "
"AA-2268-PHX-ORD2011-12-31","ExpectedDepartureTime","December 31, 2011               07:15 AM    "
"AA-2268-PHX-ORD2011-12-31","ActualDepartureTime","December 31, 2011               07:09 AM    "
"AA-2268-PHX-ORD2011-12-31","DepartureGate"," 6"
"AA-2268-PHX-ORD2011-12-31","ExpectedArrivalTime","December 31, 2011               11:35 AM    "
"AA-2268-PHX-ORD2011-12-31","ActualArrivalTime","December 31, 2011               11:07 AM    "
"AA-2268-PHX-ORD2011-12-31","ArrivalGate"," H11A    "
"AA-1007-MIA-PHX2011-12-31","ExpectedDepartureTime","December 31, 2011               04:55 PM    "
"AA-1007-MIA-PHX2011-12-31","ActualDepartureTime","December 31, 2011               04:45 PM    "
"AA-1007-MIA-PHX2011-12-31","DepartureGate"," D30"
"AA-1007-MIA-PHX2011-12-31","ExpectedArrivalTime","December 31, 2011               08:05 PM    "
"AA-1007-MIA-PHX2011-12-31","ActualArrivalTime","December 31, 2011               07:34 PM    "
"AA-1007-MIA-PHX2011-12-31","ArrivalGate"," 6    "
"AA-4344-ORD-DTW2011-12-31","ExpectedDepartureTime","December 31, 2011               11:45 AM    "
"AA-4344-ORD-DTW2011-12-31","ActualDepartureTime","December 31, 2011               12:20 PM    "
"AA-4344-ORD-DTW2011-12-31","DepartureGate"," G18"
"AA-4344-ORD-DTW2011-12-31","ExpectedArrivalTime","December 31, 2011               02:00 PM    "
"AA-4344-ORD-DTW2011-12-31","ActualArrivalTime","December 31, 2011               02:50 PM    "
"AA-4344-ORD-DTW2011-12-31","ArrivalGate"," D28    "
"AA-484-DFW-MIA2011-12-31","ExpectedDepartureTime","December 31, 2011               04:15 PM    "
"AA-484-DFW-MIA2011-12-31","ActualDepartureTime","December 31, 2011               04:16 PM    "
"AA-484-DFW-MIA2011-12-31","DepartureGate"," D18"
"AA-484-DFW-MIA2011-12-31","ExpectedArrivalTime","December 31, 2011               07:55 PM    "
"AA-484-DFW-MIA2011-12-31","ActualArrivalTime","December 31, 2011               08:02 PM    "
"AA-484-DFW-MIA2011-12-31","ArrivalGate"," D47    "
"AA-3979-CVG-ORD2011-12-31","ExpectedDepartureTime","December 31, 2011               07:30 AM    "
"AA-3979-CVG-ORD2011-12-31","ActualDepartureTime","December 31, 2011               07:24 AM    "
"AA-3979-CVG-ORD2011-12-31","DepartureGate"," 5"
"AA-3979-CVG-ORD2011-12-31","ExpectedArrivalTime","December 31, 2011               08:00 AM    "
"AA-3979-CVG-ORD2011-12-31","ActualArrivalTime","December 31, 2011               07:31 AM    "
"AA-3979-CVG-ORD2011-12-31","ArrivalGate"," G10    "
"AA-3063-SLC-LAX2011-12-31","ExpectedDepartureTime","December 31, 2011               08:20 PM    "
"AA-3063-SLC-LAX2011-12-31","ActualDepartureTime","December 31, 2011               08:15 PM    "
"AA-3063-SLC-LAX2011-12-31","DepartureGate"," A3"
"AA-3063-SLC-LAX2011-12-31","ExpectedArrivalTime","December 31, 2011               09:20 PM    "
"AA-3063-SLC-LAX2011-12-31","ActualArrivalTime","December 31, 2011     "
"AA-3063-SLC-LAX2011-12-31","ArrivalGate"," 44H    "
"AA-3859-IAH-ORD2011-12-31","ExpectedDepartureTime","December 31, 2011               07:10 AM    "
"AA-3859-IAH-ORD2011-12-31","ActualDepartureTime","December 31, 2011               07:06 AM    "
"AA-3859-IAH-ORD2011-12-31","DepartureGate"," A29"
"AA-3859-IAH-ORD2011-12-31","ExpectedArrivalTime","December 31, 2011               09:40 AM    "
"AA-3859-IAH-ORD2011-12-31","ActualArrivalTime","December 31, 2011               09:21 AM    "
"AA-3859-IAH-ORD2011-12-31","ArrivalGate"," G13    "
"AA-3842-MSP-ORD2011-12-31","ExpectedDepartureTime","December 31, 2011               06:00 AM    "
"AA-3842-MSP-ORD2011-12-31","ActualDepartureTime","December 31, 2011               05:50 AM    "
"AA-3842-MSP-ORD2011-12-31","DepartureGate"," E14"
"AA-3842-MSP-ORD2011-12-31","ExpectedArrivalTime","December 31, 2011               07:30 AM    "
"AA-3842-MSP-ORD2011-12-31","ActualArrivalTime","December 31, 2011               07:20 AM    "
"AA-3842-MSP-ORD2011-12-31","ArrivalGate"," G6B    "
"AA-271-MIA-LAX2011-12-31","ExpectedDepartureTime","December 31, 2011               11:35 AM    "
"AA-271-MIA-LAX2011-12-31","ActualDepartureTime","December 31, 2011               11:48 AM    "
"AA-271-MIA-LAX2011-12-31","DepartureGate"," D10"
"AA-271-MIA-LAX2011-12-31","ExpectedArrivalTime","December 31, 2011               02:25 PM    "
"AA-271-MIA-LAX2011-12-31","ActualArrivalTime","December 31, 2011               02:22 PM    "
"AA-271-MIA-LAX2011-12-31","ArrivalGate"," 45    "
"AA-643-MIA-ORD2011-12-31","ExpectedDepartureTime","December 31, 2011               07:10 AM    "
"AA-643-MIA-ORD2011-12-31","ActualDepartureTime","December 31, 2011               07:09 AM    "
"AA-643-MIA-ORD2011-12-31","DepartureGate"," D2"
"AA-643-MIA-ORD2011-12-31","ExpectedArrivalTime","December 31, 2011               09:35 AM    "
"AA-643-MIA-ORD2011-12-31","ActualArrivalTime","December 31, 2011               09:16 AM    "
"AA-643-MIA-ORD2011-12-31","ArrivalGate"," H15    "
"AA-4198-ORD-CLE2011-12-31","ExpectedDepartureTime","December 31, 2011               10:40 AM    "
"AA-4198-ORD-CLE2011-12-31","ActualDepartureTime","December 31, 2011               11:19 AM    "
"AA-4198-ORD-CLE2011-12-31","DepartureGate"," G6B"
"AA-4198-ORD-CLE2011-12-31","ExpectedArrivalTime","December 31, 2011               12:55 PM    "
"AA-4198-ORD-CLE2011-12-31","ActualArrivalTime","December 31, 2011               01:27 PM    "
"AA-4198-ORD-CLE2011-12-31","ArrivalGate"," A1    "
"AA-400-DFW-JFK2011-12-31","ExpectedDepartureTime","December 31, 2011               10:40 AM    "
"AA-400-DFW-JFK2011-12-31","ActualDepartureTime","December 31, 2011               10:49 AM    "
"AA-400-DFW-JFK2011-12-31","DepartureGate"," A37"
"AA-400-DFW-JFK2011-12-31","ExpectedArrivalTime","December 31, 2011               02:59 PM    "
"AA-400-DFW-JFK2011-12-31","ActualArrivalTime","December 31, 2011               03:02 PM    "
"AA-400-DFW-JFK2011-12-31","ArrivalGate"," 34    "
"AA-1886-BOS-MIA2011-12-31","ExpectedDepartureTime","December 31, 2011               10:45 AM    "
"AA-1886-BOS-MIA2011-12-31","ActualDepartureTime","December 31, 2011               10:38 AM    "
"AA-1886-BOS-MIA2011-12-31","DepartureGate"," B33"
"AA-1886-BOS-MIA2011-12-31","ExpectedArrivalTime","December 31, 2011               02:20 PM    "
"AA-1886-BOS-MIA2011-12-31","ActualArrivalTime","December 31, 2011               01:53 PM    "
"AA-1886-BOS-MIA2011-12-31","ArrivalGate"," D51    "
"AA-1917-JFK-MCO2011-12-31","ExpectedDepartureTime","December 31, 2011               02:55 PM    "
"AA-1917-JFK-MCO2011-12-31","ActualDepartureTime","December 31, 2011               02:58 PM    "
"AA-1917-JFK-MCO2011-12-31","DepartureGate"," 3"
"AA-1917-JFK-MCO2011-12-31","ExpectedArrivalTime","December 31, 2011               05:55 PM    "
"AA-1917-JFK-MCO2011-12-31","ActualArrivalTime","December 31, 2011               05:36 PM    "
"AA-1917-JFK-MCO2011-12-31","ArrivalGate"," 16    "
"AA-1544-SAN-ORD2011-12-31","ExpectedDepartureTime","December 31, 2011               11:25 AM    "
"AA-1544-SAN-ORD2011-12-31","ActualDepartureTime","December 31, 2011               11:29 AM    "
"AA-1544-SAN-ORD2011-12-31","DepartureGate"," 27"
"AA-1544-SAN-ORD2011-12-31","ExpectedArrivalTime","December 31, 2011               05:25 PM    "
"AA-1544-SAN-ORD2011-12-31","ActualArrivalTime","December 31, 2011               05:14 PM    "
"AA-1544-SAN-ORD2011-12-31","ArrivalGate"," H11B    "
"AA-649-ORD-SNA2011-12-31","ExpectedDepartureTime","December 31, 2011               01:30 PM    "
"AA-649-ORD-SNA2011-12-31","ActualDepartureTime","December 31, 2011     "
"AA-649-ORD-SNA2011-12-31","DepartureGate"," H17"
"AA-649-ORD-SNA2011-12-31","ExpectedArrivalTime","December 31, 2011               03:50 PM    "
"AA-649-ORD-SNA2011-12-31","ActualArrivalTime","December 31, 2011     "
"AA-649-ORD-SNA2011-12-31","ArrivalGate"," 7    "
"AA-3809-PHX-LAX2011-12-31","ExpectedDepartureTime","December 31, 2011               06:00 AM    "
"AA-3809-PHX-LAX2011-12-31","ActualDepartureTime","December 31, 2011               07:00 AM    "
"AA-3809-PHX-LAX2011-12-31","DepartureGate"," 2"
"AA-3809-PHX-LAX2011-12-31","ExpectedArrivalTime","December 31, 2011               06:40 AM    "
"AA-3809-PHX-LAX2011-12-31","ActualArrivalTime","December 31, 2011               07:30 AM    "
"AA-3809-PHX-LAX2011-12-31","ArrivalGate"," 44F    "
"AA-2957-DFW-CVG2011-12-31","ExpectedDepartureTime","December 31, 2011               07:55 AM    "
"AA-2957-DFW-CVG2011-12-31","ActualDepartureTime","December 31, 2011               10:43 AM    "
"AA-2957-DFW-CVG2011-12-31","DepartureGate"," B13"
"AA-2957-DFW-CVG2011-12-31","ExpectedArrivalTime","December 31, 2011               11:05 AM    "
"AA-2957-DFW-CVG2011-12-31","ActualArrivalTime","December 31, 2011               01:48 PM    "
"AA-2957-DFW-CVG2011-12-31","ArrivalGate"," 1    "
"UA-1500-IAH-GUA2011-12-31","ExpectedDepartureTime","Sat, Dec 31 8:50 AM"
"UA-1500-IAH-GUA2011-12-31","ActualDepartureTime","Sat, Dec 31 8:47 AM            On Time"
"UA-1500-IAH-GUA2011-12-31","DepartureGate","E16"
"UA-1500-IAH-GUA2011-12-31","ExpectedArrivalTime","Sat, Dec 31 11:43 AM"
"UA-1500-IAH-GUA2011-12-31","ActualArrivalTime","Sat, Dec 31 11:43 AM"
"UA-3515-IAD-MSP2011-12-31","ExpectedDepartureTime","Sat, Dec 31 8:15 AM"
"UA-3515-IAD-MSP2011-12-31","ActualDepartureTime","Sat, Dec 31 8:13 AM"
"UA-3515-IAD-MSP2011-12-31","DepartureGate","D18"
"UA-3515-IAD-MSP2011-12-31","ExpectedArrivalTime","Sat, Dec 31 10:05 AM"
"UA-3515-IAD-MSP2011-12-31","ActualArrivalTime","Sat, Dec 31 9:53 AM"
"UA-3515-IAD-MSP2011-12-31","ArrivalGate","E10"
"UA-414-LAX-SFO2011-12-31","ExpectedDepartureTime","Sat, Dec 31 6:00 AM"
"UA-414-LAX-SFO2011-12-31","ActualDepartureTime","Sat, Dec 31 5:56 AM"
"UA-414-LAX-SFO2011-12-31","DepartureGate","84"
"UA-414-LAX-SFO2011-12-31","ExpectedArrivalTime","Sat, Dec 31 7:26 AM"
"UA-414-LAX-SFO2011-12-31","ActualArrivalTime","Sat, Dec 31 7:17 AM"
"UA-414-LAX-SFO2011-12-31","ArrivalGate","94"
"UA-257-JFK-SFO2011-12-31","ExpectedDepartureTime","Sat, Dec 31 2:30 PM"
"UA-257-JFK-SFO2011-12-31","ActualDepartureTime","Sat, Dec 31 2:23 PM"
"UA-257-JFK-SFO2011-12-31","DepartureGate","10"
"UA-257-JFK-SFO2011-12-31","ExpectedArrivalTime","Sat, Dec 31 6:14 PM"
"UA-257-JFK-SFO2011-12-31","ActualArrivalTime","Sat, Dec 31 5:32 PM"
"UA-257-JFK-SFO2011-12-31","ArrivalGate","94"
"UA-62-IAH-EWR2011-12-31","ExpectedDepartureTime","Sat, Dec 31 2:30 PM"
"UA-62-IAH-EWR2011-12-31","ActualDepartureTime","Sat, Dec 31 3:46 PM"
"UA-62-IAH-EWR2011-12-31","DepartureGate","C-29"
"UA-62-IAH-EWR2011-12-31","ExpectedArrivalTime","Sat, Dec 31 6:52 PM"
"UA-62-IAH-EWR2011-12-31","ActualArrivalTime","Sat, Dec 31 7:55 PM"
"UA-62-IAH-EWR2011-12-31","ArrivalGate","C98"
"UA-843-LAX-ORD2011-12-31","ExpectedDepartureTime","Sat, Dec 31 2:18 PM"
"UA-843-LAX-ORD2011-12-31","ActualDepartureTime","Sat, Dec 31 2:38 PM"
"UA-843-LAX-ORD2011-12-31","DepartureGate","73"
"UA-843-LAX-ORD2011-12-31","ExpectedArrivalTime","Sat, Dec 31 8:23 PM"
"UA-843-LAX-ORD2011-12-31","ActualArrivalTime","Sat, Dec 31 8:26 PM"
"UA-843-LAX-ORD2011-12-31","ArrivalGate","C23"
"UA-397-JFK-SFO2011-12-31","ExpectedDepartureTime","Sat, Dec 31 8:25 AM"
"UA-397-JFK-SFO2011-12-31","ActualDepartureTime","Sat, Dec 31 8:22 AM"
"UA-397-JFK-SFO2011-12-31","DepartureGate","10"
"UA-397-JFK-SFO2011-12-31","ExpectedArrivalTime","Sat, Dec 31 12:14 PM"
"UA-397-JFK-SFO2011-12-31","ActualArrivalTime","Sat, Dec 31 11:30 AM"
"UA-397-JFK-SFO2011-12-31","ArrivalGate","81"
"UA-2704-DTW-PHX2011-12-31","ExpectedDepartureTime","Sat, Dec 31 11:15 AM"
"UA-2704-DTW-PHX2011-12-31","ActualDepartureTime","Sat, Dec 31 11:15 AM"
"UA-2704-DTW-PHX2011-12-31","DepartureGate","D25"
"UA-2704-DTW-PHX2011-12-31","ExpectedArrivalTime","Sat, Dec 31 1:40 PM"
"UA-2704-DTW-PHX2011-12-31","ActualArrivalTime","Sat, Dec 31 1:37 PM"
"UA-2704-DTW-PHX2011-12-31","ArrivalGate","A27"
"UA-3373-IAD-PHL2011-12-31","ExpectedDepartureTime","Sat, Dec 31 8:30 AM"
"UA-3373-IAD-PHL2011-12-31","ActualDepartureTime","Sat, Dec 31 8:49 AM"
"UA-3373-IAD-PHL2011-12-31","DepartureGate","A4B"
"UA-3373-IAD-PHL2011-12-31","ExpectedArrivalTime","Sat, Dec 31 9:25 AM"
"UA-3373-IAD-PHL2011-12-31","ActualArrivalTime","Sat, Dec 31 9:37 AM"
"UA-3373-IAD-PHL2011-12-31","ArrivalGate","D9"
"UA-2906-PHL-MCO2011-12-31","ExpectedDepartureTime","Sat, Dec 31 3:50 PM"
"UA-2906-PHL-MCO2011-12-31","ActualDepartureTime","Sat, Dec 31 4:26 PM            Delayed"
"UA-2906-PHL-MCO2011-12-31","DepartureGate","C20"
"UA-2906-PHL-MCO2011-12-31","ExpectedArrivalTime","Sat, Dec 31 6:23 PM"
"UA-2906-PHL-MCO2011-12-31","ActualArrivalTime","Sat, Dec 31 6:30 PM"
"UA-2906-PHL-MCO2011-12-31","ArrivalGate","58"
"UA-938-DEN-ORD2011-12-31","ExpectedDepartureTime","Sat, Dec 31 3:54 PM"
"UA-938-DEN-ORD2011-12-31","ActualDepartureTime","Sat, Dec 31 4:11 PM"
"UA-938-DEN-ORD2011-12-31","DepartureGate","B38"
"UA-938-DEN-ORD2011-12-31","ExpectedArrivalTime","Sat, Dec 31 7:17 PM"
"UA-938-DEN-ORD2011-12-31","ActualArrivalTime","Sat, Dec 31 7:07 PM"
"UA-938-DEN-ORD2011-12-31","ArrivalGate","C26"
"UA-3099-PHX-PHL2011-12-31","ExpectedDepartureTime","Sat, Dec 31 11:55 AM"
"UA-3099-PHX-PHL2011-12-31","ActualDepartureTime","Sat, Dec 31 11:55 AM"
"UA-3099-PHX-PHL2011-12-31","DepartureGate","A24"
"UA-3099-PHX-PHL2011-12-31","ExpectedArrivalTime","Sat, Dec 31 6:17 PM"
"UA-3099-PHX-PHL2011-12-31","ActualArrivalTime","Sat, Dec 31 6:19 PM"
"UA-3099-PHX-PHL2011-12-31","ArrivalGate","C23"
"UA-3925-IAD-ORF2011-12-31","ExpectedDepartureTime","Sat, Dec 31 8:42 AM"
"UA-3925-IAD-ORF2011-12-31","ActualDepartureTime","Sat, Dec 31 10:05 AM"
"UA-3925-IAD-ORF2011-12-31","DepartureGate","A2C"
"UA-3925-IAD-ORF2011-12-31","ExpectedArrivalTime","Sat, Dec 31 9:55 AM"
"UA-3925-IAD-ORF2011-12-31","ActualArrivalTime","Sat, Dec 31 11:24 AM"
"UA-5487-SFO-MRY2011-12-31","ExpectedDepartureTime","Sat, Dec 31 10:30 AM"
"UA-5487-SFO-MRY2011-12-31","ActualDepartureTime","Sat, Dec 31 11:58 AM"
"UA-5487-SFO-MRY2011-12-31","DepartureGate","76B"
"UA-5487-SFO-MRY2011-12-31","ExpectedArrivalTime","Sat, Dec 31 11:17 AM"
"UA-5487-SFO-MRY2011-12-31","ActualArrivalTime","Sat, Dec 31 12:38 PM"
"UA-3050-PHX-CLT2011-12-31","ExpectedDepartureTime","Sat, Dec 31 11:05 AM"
"UA-3050-PHX-CLT2011-12-31","ActualDepartureTime","Sat, Dec 31 11:14 AM"
"UA-3050-PHX-CLT2011-12-31","DepartureGate","A30"
"UA-3050-PHX-CLT2011-12-31","ExpectedArrivalTime","Sat, Dec 31 4:57 PM"
"UA-3050-PHX-CLT2011-12-31","ActualArrivalTime","Sat, Dec 31 4:56 PM"
"UA-3050-PHX-CLT2011-12-31","ArrivalGate","B3"
"UA-2830-MCO-CLT2011-12-31","ExpectedDepartureTime","Sat, Dec 31 3:27 PM"
"UA-2830-MCO-CLT2011-12-31","ActualDepartureTime","Sat, Dec 31 3:27 PM"
"UA-2830-MCO-CLT2011-12-31","DepartureGate","58"
"UA-2830-MCO-CLT2011-12-31","ExpectedArrivalTime","Sat, Dec 31 5:05 PM"
"UA-2830-MCO-CLT2011-12-31","ActualArrivalTime","Sat, Dec 31 4:54 PM"
"UA-2830-MCO-CLT2011-12-31","ArrivalGate","B12"
"UA-37-EWR-MCO2011-12-31","ExpectedDepartureTime","Sat, Dec 31 1:29 PM"
"UA-37-EWR-MCO2011-12-31","ActualDepartureTime","Sat, Dec 31 1:26 PM            On Time"
"UA-37-EWR-MCO2011-12-31","DepartureGate","C137"
"UA-37-EWR-MCO2011-12-31","ExpectedArrivalTime","Sat, Dec 31 4:25 PM"
"UA-37-EWR-MCO2011-12-31","ActualArrivalTime","Sat, Dec 31 3:51 PM"
"UA-37-EWR-MCO2011-12-31","ArrivalGate","39"
"UA-37-EDI-EWR2011-12-31","ExpectedDepartureTime","Sat, Dec 31 9:05 AM"
"UA-37-EDI-EWR2011-12-31","ActualDepartureTime","Sat, Dec 31 8:53 AM"
"UA-37-EDI-EWR2011-12-31","ExpectedArrivalTime","Sat, Dec 31 11:53 AM"
"UA-37-EDI-EWR2011-12-31","ActualArrivalTime","Sat, Dec 31 11:37 AM"
"UA-37-EDI-EWR2011-12-31","ArrivalGate","C136"
"UA-2708-EWR-CLT2011-12-31","ExpectedDepartureTime","Sat, Dec 31 2:55 PM"
"UA-2708-EWR-CLT2011-12-31","ActualDepartureTime","Sat, Dec 31 2:55 PM"
"UA-2708-EWR-CLT2011-12-31","DepartureGate","A37"
"UA-2708-EWR-CLT2011-12-31","ExpectedArrivalTime","Sat, Dec 31 4:53 PM"
"UA-2708-EWR-CLT2011-12-31","ActualArrivalTime","Sat, Dec 31 4:18 PM"
"UA-2708-EWR-CLT2011-12-31","ArrivalGate","C17"
"UA-2726-FLL-PHL2011-12-31","ExpectedDepartureTime","Sat, Dec 31 4:00 PM"
"UA-2726-FLL-PHL2011-12-31","ActualDepartureTime","Sat, Dec 31 4:00 PM"
"UA-2726-FLL-PHL2011-12-31","DepartureGate","E3"
"UA-2726-FLL-PHL2011-12-31","ExpectedArrivalTime","Sat, Dec 31 6:46 PM"
"UA-2726-FLL-PHL2011-12-31","ActualArrivalTime","Sat, Dec 31 6:32 PM"
"UA-2726-FLL-PHL2011-12-31","ArrivalGate","C20"
"UA-2945-PHL-CLT2011-12-31","ExpectedDepartureTime","Sat, Dec 31 12:00 AM"
"UA-2945-PHL-CLT2011-12-31","ActualDepartureTime","Sat, Dec 31 4:11 AM"
"UA-2945-PHL-CLT2011-12-31","DepartureGate","C30"
"UA-2945-PHL-CLT2011-12-31","ExpectedArrivalTime","Sat, Dec 31 1:45 PM"
"UA-2945-PHL-CLT2011-12-31","ActualArrivalTime","Sat, Dec 31 1:10 PM"
"UA-2945-PHL-CLT2011-12-31","ArrivalGate","C17"
"UA-6273-YYC-SFO2011-12-31","ExpectedDepartureTime","Sat, Dec 31 7:45 AM"
"UA-6273-YYC-SFO2011-12-31","ActualDepartureTime","Sat, Dec 31 7:42 AM"
"UA-6273-YYC-SFO2011-12-31","ExpectedArrivalTime","Sat, Dec 31 9:53 AM"
"UA-6273-YYC-SFO2011-12-31","ActualArrivalTime","Sat, Dec 31 9:35 AM"
"UA-6273-YYC-SFO2011-12-31","ArrivalGate","69"
"UA-2314-ATL-PHL2011-12-31","ExpectedDepartureTime","Sat, Dec 31 2:55 PM"
"UA-2314-ATL-PHL2011-12-31","ActualDepartureTime","Sat, Dec 31 3:03 PM"
"UA-2314-ATL-PHL2011-12-31","DepartureGate","D23"
"UA-2314-ATL-PHL2011-12-31","ExpectedArrivalTime","Sat, Dec 31 5:00 PM"
"UA-2314-ATL-PHL2011-12-31","ActualArrivalTime","Sat, Dec 31 5:00 PM"
"UA-2314-ATL-PHL2011-12-31","ArrivalGate","C18"
"UA-382-IAD-LAX2011-12-31","ExpectedDepartureTime","Sat, Dec 31 12:20 PM"
"UA-382-IAD-LAX2011-12-31","ActualDepartureTime","Sat, Dec 31 1:50 PM            Delayed"
"UA-382-IAD-LAX2011-12-31","DepartureGate","C27"
"UA-382-IAD-LAX2011-12-31","ExpectedArrivalTime","Sat, Dec 31 3:08 PM"
"UA-382-IAD-LAX2011-12-31","ActualArrivalTime","Sat, Dec 31 4:18 PM"
"UA-382-IAD-LAX2011-12-31","ArrivalGate","73"
"UA-382-IAD-LAX2011-12-31","ExpectedDepartureTime","Sat, Dec 31 12:20 PM"
"UA-382-IAD-LAX2011-12-31","ActualDepartureTime","Sat, Dec 31 1:50 PM            Delayed"
"UA-382-IAD-LAX2011-12-31","DepartureGate","C27"
"UA-382-IAD-LAX2011-12-31","ExpectedArrivalTime","Sat, Dec 31 3:08 PM"
"UA-382-IAD-LAX2011-12-31","ActualArrivalTime","Sat, Dec 31 4:25 PM"
"UA-382-IAD-LAX2011-12-31","ArrivalGate","75B"
"UA-858-PVG-SFO2011-12-31","ExpectedDepartureTime","Sat, Dec 31 1:45 PM"
"UA-858-PVG-SFO2011-12-31","ActualDepartureTime","Sat, Dec 31 1:38 PM"
"UA-858-PVG-SFO2011-12-31","DepartureGate","77"
"UA-858-PVG-SFO2011-12-31","ExpectedArrivalTime","Sat, Dec 31 8:27 AM"
"UA-858-PVG-SFO2011-12-31","ActualArrivalTime","Sat, Dec 31 7:55 AM"
"UA-858-PVG-SFO2011-12-31","ArrivalGate","97"
"UA-854-SFO-IAH2011-12-31","ExpectedDepartureTime","Sat, Dec 31 7:35 AM"
"UA-854-SFO-IAH2011-12-31","ActualDepartureTime","Sat, Dec 31 7:31 AM"
"UA-854-SFO-IAH2011-12-31","DepartureGate","100"
"UA-854-SFO-IAH2011-12-31","ExpectedArrivalTime","Sat, Dec 31 1:30 PM"
"UA-854-SFO-IAH2011-12-31","ActualArrivalTime","Sat, Dec 31 1:12 PM"
"CO-1586-IAH-MCO2011-12-31","ExpectedDepartureTime","Sat., Dec.31, 2011 7:00 p.m."
"CO-1586-IAH-MCO2011-12-31","ActualDepartureTime","Sat., Dec.31, 2011 8:23 p.m."
"CO-1586-IAH-MCO2011-12-31","ExpectedArrivalTime","Sat., Dec.31, 2011 10:15 p.m."
"CO-1586-IAH-MCO2011-12-31","ActualArrivalTime","Sat., Dec.31, 2011 11:31 p.m."
"CO-1088-CLE-IAH2011-12-31","ExpectedDepartureTime","Sat., Dec.31, 2011 8:40 a.m."
"CO-1088-CLE-IAH2011-12-31","ActualDepartureTime","Sat., Dec.31, 2011 8:42 a.m."
"CO-1088-CLE-IAH2011-12-31","ExpectedArrivalTime","Sat., Dec.31, 2011 10:53 a.m."
"CO-1088-CLE-IAH2011-12-31","ActualArrivalTime","Sat., Dec.31, 2011 10:32 a.m."
"CO-16-LAX-EWR2011-12-31","ExpectedDepartureTime","Sat., Dec.31, 2011 10:25 a.m."
"CO-16-LAX-EWR2011-12-31","ActualDepartureTime","Sat., Dec.31, 2011 10:28 a.m."
"CO-16-LAX-EWR2011-12-31","ExpectedArrivalTime","Sat., Dec.31, 2011 6:39 p.m."
"CO-16-LAX-EWR2011-12-31","ActualArrivalTime","Sat., Dec.31, 2011 6:33 p.m."
"CO-58-DEN-IAH2011-12-31","ExpectedDepartureTime","Sat., Dec.31, 2011 11:33 a.m."
"CO-58-DEN-IAH2011-12-31","ActualDepartureTime","Sat., Dec.31, 2011 11:37 a.m."
"CO-58-DEN-IAH2011-12-31","ExpectedArrivalTime","Sat., Dec.31, 2011 2:59 p.m."
"CO-58-DEN-IAH2011-12-31","ActualArrivalTime","Sat., Dec.31, 2011 3:25 p.m."
"CO-1023-IAH-DEN2011-12-31","ExpectedDepartureTime","Sat., Dec.31, 2011 11:31 a.m."
"CO-1023-IAH-DEN2011-12-31","ActualDepartureTime","Sat., Dec.31, 2011 11:34 a.m."
"CO-1023-IAH-DEN2011-12-31","ExpectedArrivalTime","Sat., Dec.31, 2011 1:14 p.m."
"CO-1023-IAH-DEN2011-12-31","ActualArrivalTime","Sat., Dec.31, 2011 1:10 p.m."
"CO-1250-MIA-IAH2011-12-31","ExpectedDepartureTime","Sat., Dec.31, 2011 2:45 p.m."
"CO-1250-MIA-IAH2011-12-31","ActualDepartureTime","Sat., Dec.31, 2011 3:59 p.m."
"CO-1250-MIA-IAH2011-12-31","ExpectedArrivalTime","Sat., Dec.31, 2011 4:46 p.m."
"CO-1250-MIA-IAH2011-12-31","ActualArrivalTime","Sat., Dec.31, 2011 5:52 p.m."
"CO-62-IAH-EWR2011-12-31","ExpectedDepartureTime","Sat., Dec.31, 2011 2:30 p.m."
"CO-62-IAH-EWR2011-12-31","ActualDepartureTime","Sat., Dec.31, 2011 3:46 p.m."
"CO-62-IAH-EWR2011-12-31","ExpectedArrivalTime","Sat., Dec.31, 2011 6:52 p.m."
"CO-62-IAH-EWR2011-12-31","ActualArrivalTime","Sat., Dec.31, 2011 7:55 p.m."
"CO-52-IAH-LAX2011-12-31","ExpectedDepartureTime","Sat., Dec.31, 2011 7:35 a.m."
"CO-52-IAH-LAX2011-12-31","ActualDepartureTime","Sat., Dec.31, 2011 7:37 a.m."
"CO-52-IAH-LAX2011-12-31","ExpectedArrivalTime","Sat., Dec.31, 2011 9:30 a.m."
"CO-52-IAH-LAX2011-12-31","ActualArrivalTime","Sat., Dec.31, 2011 9:14 a.m."
"CO-1614-LAX-IAH2011-12-31","ExpectedDepartureTime","Sat., Dec.31, 2011 12:30 a.m."
"CO-1614-LAX-IAH2011-12-31","ActualDepartureTime","Sat., Dec.31, 2011 12:40 a.m."
"CO-1614-LAX-IAH2011-12-31","ExpectedArrivalTime","Sat., Dec.31, 2011 5:36 a.m."
"CO-1614-LAX-IAH2011-12-31","ActualArrivalTime","Sat., Dec.31, 2011 5:45 a.m."
"CO-89-IAH-EWR2011-12-31","ExpectedDepartureTime","Sat., Dec.31, 2011 6:00 a.m."
"CO-89-IAH-EWR2011-12-31","ActualDepartureTime","Sat., Dec.31, 2011 6:05 a.m."
"CO-89-IAH-EWR2011-12-31","ExpectedArrivalTime","Sat., Dec.31, 2011 10:20 a.m."
"CO-89-IAH-EWR2011-12-31","ActualArrivalTime","Sat., Dec.31, 2011 10:25 a.m."
"CO-1090-BOS-IAH2011-12-31","ExpectedDepartureTime","Sat., Dec.31, 2011 9:50 a.m."
"CO-1090-BOS-IAH2011-12-31","ActualDepartureTime","Sat., Dec.31, 2011 9:55 a.m."
"CO-1090-BOS-IAH2011-12-31","ExpectedArrivalTime","Sat., Dec.31, 2011 1:20 p.m."
"CO-1090-BOS-IAH2011-12-31","ActualArrivalTime","Sat., Dec.31, 2011 1:07 p.m."
"CO-45-EWR-MIA2011-12-31","ExpectedDepartureTime","Sat., Dec.31, 2011 3:50 p.m."
"CO-45-EWR-MIA2011-12-31","ActualDepartureTime","Sat., Dec.31, 2011 3:43 p.m."
"CO-45-EWR-MIA2011-12-31","ExpectedArrivalTime","Sat., Dec.31, 2011 6:57 p.m."
"CO-45-EWR-MIA2011-12-31","ActualArrivalTime","Sat., Dec.31, 2011 6:23 p.m."
"CO-63-EWR-IAH2011-12-31","ExpectedDepartureTime","Sat., Dec.31, 2011 5:25 p.m."
"CO-63-EWR-IAH2011-12-31","ActualDepartureTime","Sat., Dec.31, 2011 5:24 p.m."
"CO-63-EWR-IAH2011-12-31","ExpectedArrivalTime","Sat., Dec.31, 2011 8:30 p.m."
"CO-63-EWR-IAH2011-12-31","ActualArrivalTime","Sat., Dec.31, 2011 7:57 p.m."
"CO-1561-PHX-IAH2011-12-31","ExpectedDepartureTime","Sat., Dec.31, 2011 7:30 a.m."
"CO-1561-PHX-IAH2011-12-31","ActualDepartureTime","Sat., Dec.31, 2011 7:30 a.m."
"CO-1561-PHX-IAH2011-12-31","ExpectedArrivalTime","Sat., Dec.31, 2011 11:00 a.m."
"CO-1561-PHX-IAH2011-12-31","ActualArrivalTime","Sat., Dec.31, 2011 10:54 a.m."
