"ObjectID","PropertyID","PropertyValue"
"AA-1221-MCO-ORD2011-12-11","ExpectedDepartureTime","December 11, 2011               08:00 PM    "
"AA-1221-MCO-ORD2011-12-11","ActualDepartureTime","December 11, 2011               08:00 PM    "
"AA-1221-MCO-ORD2011-12-11","DepartureGate"," 15"
"AA-1221-MCO-ORD2011-12-11","ExpectedArrivalTime","December 11, 2011               09:50 PM    "
"AA-1221-MCO-ORD2011-12-11","ActualArrivalTime","December 11, 2011               09:38 PM    "
"AA-1221-MCO-ORD2011-12-11","ArrivalGate"," K3    "
"AA-4307-ORD-DTW2011-12-11","ExpectedDepartureTime","December 11, 2011               06:45 PM    "
"AA-4307-ORD-DTW2011-12-11","ActualDepartureTime","December 11, 2011               06:41 PM    "
"AA-4307-ORD-DTW2011-12-11","DepartureGate"," G19A"
"AA-4307-ORD-DTW2011-12-11","ExpectedArrivalTime","December 11, 2011               09:10 PM    "
"AA-4307-ORD-DTW2011-12-11","ActualArrivalTime","December 11, 2011               08:50 PM    "
"AA-4307-ORD-DTW2011-12-11","ArrivalGate"," D28    "
"AA-616-DFW-DTW2011-12-11","ExpectedDepartureTime","December 11, 2011               09:05 AM    "
"AA-616-DFW-DTW2011-12-11","ActualDepartureTime","December 11, 2011               09:01 AM    "
"AA-616-DFW-DTW2011-12-11","DepartureGate"," C19"
"AA-616-DFW-DTW2011-12-11","ExpectedArrivalTime","December 11, 2011               12:35 PM    "
"AA-616-DFW-DTW2011-12-11","ActualArrivalTime","December 11, 2011               12:35 PM    "
"AA-616-DFW-DTW2011-12-11","ArrivalGate"," D32    "
"AA-431-MIA-SFO2011-12-11","ExpectedDepartureTime","December 11, 2011               08:35 AM    "
"AA-431-MIA-SFO2011-12-11","ActualDepartureTime","December 11, 2011               08:25 AM    "
"AA-431-MIA-SFO2011-12-11","DepartureGate"," E9"
"AA-431-MIA-SFO2011-12-11","ExpectedArrivalTime","December 11, 2011               11:50 AM    "
"AA-431-MIA-SFO2011-12-11","ActualArrivalTime","December 11, 2011               11:30 AM    "
"AA-431-MIA-SFO2011-12-11","ArrivalGate"," 57    "
"AA-3756-ORD-SLC2011-12-11","ExpectedDepartureTime","December 11, 2011               12:15 PM    "
"AA-3756-ORD-SLC2011-12-11","ActualDepartureTime","December 11, 2011               12:24 PM    "
"AA-3756-ORD-SLC2011-12-11","DepartureGate"," G5"
"AA-3756-ORD-SLC2011-12-11","ExpectedArrivalTime","December 11, 2011               02:45 PM    "
"AA-3756-ORD-SLC2011-12-11","ActualArrivalTime","December 11, 2011               02:30 PM    "
"AA-3756-ORD-SLC2011-12-11","ArrivalGate"," A3    "
"AA-2050-ORD-MIA2011-12-11","ExpectedDepartureTime","December 11, 2011               10:40 AM    "
"AA-2050-ORD-MIA2011-12-11","ActualDepartureTime","December 11, 2011               10:42 AM    "
"AA-2050-ORD-MIA2011-12-11","DepartureGate"," K9"
"AA-2050-ORD-MIA2011-12-11","ExpectedArrivalTime","December 11, 2011               02:45 PM    "
"AA-2050-ORD-MIA2011-12-11","ActualArrivalTime","December 11, 2011               02:36 PM    "
"AA-2050-ORD-MIA2011-12-11","ArrivalGate"," D24    "
"AA-3804-PHL-ORD2011-12-11","ExpectedDepartureTime","December 11, 2011               02:35 PM    "
"AA-3804-PHL-ORD2011-12-11","ActualDepartureTime","December 11, 2011               02:28 PM    "
"AA-3804-PHL-ORD2011-12-11","DepartureGate"," A7"
"AA-3804-PHL-ORD2011-12-11","ExpectedArrivalTime","December 11, 2011               04:05 PM    "
"AA-3804-PHL-ORD2011-12-11","ActualArrivalTime","December 11, 2011               03:24 PM    "
"AA-3804-PHL-ORD2011-12-11","ArrivalGate"," G8    "
"AA-1664-MIA-ATL2011-12-11","ExpectedDepartureTime","December 11, 2011               10:15 AM    "
"AA-1664-MIA-ATL2011-12-11","ActualDepartureTime","December 11, 2011               10:15 AM    "
"AA-1664-MIA-ATL2011-12-11","DepartureGate"," D12"
"AA-1664-MIA-ATL2011-12-11","ExpectedArrivalTime","December 11, 2011               12:10 PM    "
"AA-1664-MIA-ATL2011-12-11","ActualArrivalTime","December 11, 2011               12:04 PM    "
"AA-1664-MIA-ATL2011-12-11","ArrivalGate"," T11    "
"AA-789-ORD-DEN2011-12-11","ExpectedDepartureTime","December 11, 2011               01:05 PM    "
"AA-789-ORD-DEN2011-12-11","ActualDepartureTime","December 11, 2011               01:02 PM    "
"AA-789-ORD-DEN2011-12-11","DepartureGate"," H11A"
"AA-789-ORD-DEN2011-12-11","ExpectedArrivalTime","December 11, 2011               02:35 PM    "
"AA-789-ORD-DEN2011-12-11","ActualArrivalTime","December 11, 2011               02:20 PM    "
"AA-789-ORD-DEN2011-12-11","ArrivalGate"," A49    "
"AA-1733-ORD-PHX2011-12-11","ExpectedDepartureTime","December 11, 2011               07:45 PM    "
"AA-1733-ORD-PHX2011-12-11","ActualDepartureTime","December 11, 2011               07:42 PM    "
"AA-1733-ORD-PHX2011-12-11","DepartureGate"," K12"
"AA-1733-ORD-PHX2011-12-11","ExpectedArrivalTime","December 11, 2011               10:30 PM    "
"AA-1733-ORD-PHX2011-12-11","ActualArrivalTime","December 11, 2011     "
"AA-1733-ORD-PHX2011-12-11","ArrivalGate"," 6    "
"AA-1733-ORD-PHX2011-12-11","ExpectedDepartureTime","December 11, 2011               07:45 PM    "
"AA-1733-ORD-PHX2011-12-11","ActualDepartureTime","December 11, 2011               07:42 PM    "
"AA-1733-ORD-PHX2011-12-11","DepartureGate"," K12"
"AA-1733-ORD-PHX2011-12-11","ExpectedArrivalTime","December 11, 2011               10:30 PM    "
"AA-1733-ORD-PHX2011-12-11","ActualArrivalTime","December 11, 2011     "
"AA-1733-ORD-PHX2011-12-11","ArrivalGate"," 6    "
"AA-4277-CVG-JFK2011-12-11","ExpectedDepartureTime","December 11, 2011               12:10 PM    "
"AA-4277-CVG-JFK2011-12-11","ActualDepartureTime","December 11, 2011               12:03 PM    "
"AA-4277-CVG-JFK2011-12-11","DepartureGate"," 1"
"AA-4277-CVG-JFK2011-12-11","ExpectedArrivalTime","December 11, 2011               02:15 PM    "
"AA-4277-CVG-JFK2011-12-11","ActualArrivalTime","December 11, 2011               02:03 PM    "
"AA-4277-CVG-JFK2011-12-11","ArrivalGate"," 31C    "
"AA-2312-DFW-DTW2011-12-11","ExpectedDepartureTime","December 11, 2011               08:25 PM    "
"AA-2312-DFW-DTW2011-12-11","ActualDepartureTime","December 11, 2011     "
"AA-2312-DFW-DTW2011-12-11","DepartureGate"," A18"
"AA-2312-DFW-DTW2011-12-11","ExpectedArrivalTime","December 11, 2011               11:50 PM    "
"AA-2312-DFW-DTW2011-12-11","ActualArrivalTime","December 11, 2011     "
"AA-2312-DFW-DTW2011-12-11","ArrivalGate"," D32    "
"AA-85-JFK-SFO2011-12-11","ExpectedDepartureTime","December 11, 2011               03:05 PM    "
"AA-85-JFK-SFO2011-12-11","ActualDepartureTime","December 11, 2011               03:05 PM    "
"AA-85-JFK-SFO2011-12-11","DepartureGate"," 41"
"AA-85-JFK-SFO2011-12-11","ExpectedArrivalTime","December 11, 2011               06:30 PM    "
"AA-85-JFK-SFO2011-12-11","ActualArrivalTime","December 11, 2011               06:34 PM    "
"AA-85-JFK-SFO2011-12-11","ArrivalGate"," 58B    "
"AA-404-MIA-MCO2011-12-11","ExpectedDepartureTime","December 11, 2011               06:45 AM    "
"AA-404-MIA-MCO2011-12-11","ActualDepartureTime","December 11, 2011               06:41 AM    "
"AA-404-MIA-MCO2011-12-11","DepartureGate"," E7"
"AA-404-MIA-MCO2011-12-11","ExpectedArrivalTime","December 11, 2011               07:45 AM    "
"AA-404-MIA-MCO2011-12-11","ActualArrivalTime","December 11, 2011               07:42 AM    "
"AA-404-MIA-MCO2011-12-11","ArrivalGate"," 15    "
"AA-446-DFW-PHL2011-12-11","ExpectedDepartureTime","December 11, 2011               11:50 AM    "
"AA-446-DFW-PHL2011-12-11","ActualDepartureTime","December 11, 2011               11:47 AM    "
"AA-446-DFW-PHL2011-12-11","DepartureGate"," D31"
"AA-446-DFW-PHL2011-12-11","ExpectedArrivalTime","December 11, 2011               03:50 PM    "
"AA-446-DFW-PHL2011-12-11","ActualArrivalTime","December 11, 2011               03:53 PM    "
"AA-446-DFW-PHL2011-12-11","ArrivalGate"," A9    "
"AA-2268-PHX-ORD2011-12-11","ExpectedDepartureTime","December 11, 2011               07:15 AM    "
"AA-2268-PHX-ORD2011-12-11","ActualDepartureTime","December 11, 2011               07:12 AM    "
"AA-2268-PHX-ORD2011-12-11","DepartureGate"," 6"
"AA-2268-PHX-ORD2011-12-11","ExpectedArrivalTime","December 11, 2011               11:35 AM    "
"AA-2268-PHX-ORD2011-12-11","ActualArrivalTime","December 11, 2011               11:20 AM    "
"AA-2268-PHX-ORD2011-12-11","ArrivalGate"," H15    "
"AA-4344-ORD-DTW2011-12-11","ExpectedDepartureTime","December 11, 2011               11:45 AM    "
"AA-4344-ORD-DTW2011-12-11","ActualDepartureTime","December 11, 2011               11:40 AM    "
"AA-4344-ORD-DTW2011-12-11","DepartureGate"," G6B"
"AA-4344-ORD-DTW2011-12-11","ExpectedArrivalTime","December 11, 2011               02:00 PM    "
"AA-4344-ORD-DTW2011-12-11","ActualArrivalTime","December 11, 2011               01:48 PM    "
"AA-4344-ORD-DTW2011-12-11","ArrivalGate"," D28    "
"AA-484-DFW-MIA2011-12-11","ExpectedDepartureTime","December 11, 2011               04:15 PM    "
"AA-484-DFW-MIA2011-12-11","ActualDepartureTime","December 11, 2011               04:14 PM    "
"AA-484-DFW-MIA2011-12-11","DepartureGate"," D22A"
"AA-484-DFW-MIA2011-12-11","ExpectedArrivalTime","December 11, 2011               07:55 PM    "
"AA-484-DFW-MIA2011-12-11","ActualArrivalTime","December 11, 2011               07:47 PM    "
"AA-484-DFW-MIA2011-12-11","ArrivalGate"," D2    "
"AA-3979-CVG-ORD2011-12-11","ExpectedDepartureTime","December 11, 2011               07:30 AM    "
"AA-3979-CVG-ORD2011-12-11","ActualDepartureTime","December 11, 2011               07:15 AM    "
"AA-3979-CVG-ORD2011-12-11","DepartureGate"," 3"
"AA-3979-CVG-ORD2011-12-11","ExpectedArrivalTime","December 11, 2011               08:00 AM    "
"AA-3979-CVG-ORD2011-12-11","ActualArrivalTime","December 11, 2011               07:45 AM    "
"AA-3979-CVG-ORD2011-12-11","ArrivalGate"," G19A    "
"AA-3063-SLC-LAX2011-12-11","ExpectedDepartureTime","December 11, 2011               08:20 PM    "
"AA-3063-SLC-LAX2011-12-11","ActualDepartureTime","December 11, 2011               08:09 PM    "
"AA-3063-SLC-LAX2011-12-11","DepartureGate"," A3"
"AA-3063-SLC-LAX2011-12-11","ExpectedArrivalTime","December 11, 2011               09:20 PM    "
"AA-3063-SLC-LAX2011-12-11","ActualArrivalTime","December 11, 2011     "
"AA-3063-SLC-LAX2011-12-11","ArrivalGate"," 44F    "
"AA-3859-IAH-ORD2011-12-11","ExpectedDepartureTime","December 11, 2011               07:10 AM    "
"AA-3859-IAH-ORD2011-12-11","ActualDepartureTime","December 11, 2011               07:02 AM    "
"AA-3859-IAH-ORD2011-12-11","DepartureGate"," A30"
"AA-3859-IAH-ORD2011-12-11","ExpectedArrivalTime","December 11, 2011               09:40 AM    "
"AA-3859-IAH-ORD2011-12-11","ActualArrivalTime","December 11, 2011               09:21 AM    "
"AA-3859-IAH-ORD2011-12-11","ArrivalGate"," H1A    "
"AA-3842-MSP-ORD2011-12-11","ExpectedDepartureTime","December 11, 2011               06:00 AM    "
"AA-3842-MSP-ORD2011-12-11","ActualDepartureTime","December 11, 2011               06:02 AM    "
"AA-3842-MSP-ORD2011-12-11","DepartureGate"," E14"
"AA-3842-MSP-ORD2011-12-11","ExpectedArrivalTime","December 11, 2011               07:30 AM    "
"AA-3842-MSP-ORD2011-12-11","ActualArrivalTime","December 11, 2011               07:21 AM    "
"AA-3842-MSP-ORD2011-12-11","ArrivalGate"," G11    "
"AA-1544-SAN-ORD2011-12-11","ExpectedDepartureTime","December 11, 2011               11:25 AM    "
"AA-1544-SAN-ORD2011-12-11","ActualDepartureTime","December 11, 2011               11:18 AM    "
"AA-1544-SAN-ORD2011-12-11","DepartureGate"," 27"
"AA-1544-SAN-ORD2011-12-11","ExpectedArrivalTime","December 11, 2011               05:25 PM    "
"AA-1544-SAN-ORD2011-12-11","ActualArrivalTime","December 11, 2011               05:04 PM    "
"AA-1544-SAN-ORD2011-12-11","ArrivalGate"," H11B    "
"AA-649-ORD-SNA2011-12-11","ExpectedDepartureTime","December 11, 2011               01:30 PM    "
"AA-649-ORD-SNA2011-12-11","ActualDepartureTime","December 11, 2011     "
"AA-649-ORD-SNA2011-12-11","DepartureGate"," K10"
"AA-649-ORD-SNA2011-12-11","ExpectedArrivalTime","December 11, 2011               03:50 PM    "
"AA-649-ORD-SNA2011-12-11","ActualArrivalTime","December 11, 2011     "
"AA-649-ORD-SNA2011-12-11","ArrivalGate"," 7    "
"AA-1640-MIA-MCO2011-12-11","ExpectedDepartureTime","December 11, 2011               06:30 PM    "
"AA-1640-MIA-MCO2011-12-11","ActualDepartureTime","December 11, 2011     "
"AA-1640-MIA-MCO2011-12-11","DepartureGate"," D33"
"AA-1640-MIA-MCO2011-12-11","ExpectedArrivalTime","December 11, 2011               07:25 PM    "
"AA-1640-MIA-MCO2011-12-11","ActualArrivalTime","December 11, 2011     "
"AA-1640-MIA-MCO2011-12-11","ArrivalGate"," 14    "
"AA-518-MIA-JFK2011-12-11","ExpectedDepartureTime","December 11, 2011               06:30 AM    "
"AA-518-MIA-JFK2011-12-11","ActualDepartureTime","December 11, 2011               06:36 AM    "
"AA-518-MIA-JFK2011-12-11","DepartureGate"," D11"
"AA-518-MIA-JFK2011-12-11","ExpectedArrivalTime","December 11, 2011               09:15 AM    "
"AA-518-MIA-JFK2011-12-11","ActualArrivalTime","December 11, 2011               09:23 AM    "
"AA-518-MIA-JFK2011-12-11","ArrivalGate"," 42    "
"AA-2525-DFW-MIA2011-12-11","ExpectedDepartureTime","December 11, 2011               07:25 AM    "
"AA-2525-DFW-MIA2011-12-11","ActualDepartureTime","December 11, 2011               07:21 AM    "
"AA-2525-DFW-MIA2011-12-11","DepartureGate"," D30"
"AA-2525-DFW-MIA2011-12-11","ExpectedArrivalTime","December 11, 2011               11:10 AM    "
"AA-2525-DFW-MIA2011-12-11","ActualArrivalTime","December 11, 2011               11:17 AM    "
"AA-2525-DFW-MIA2011-12-11","ArrivalGate"," D2    "
"AA-1279-DFW-PHX2011-12-11","ExpectedDepartureTime","December 11, 2011               01:00 PM    "
"AA-1279-DFW-PHX2011-12-11","ActualDepartureTime","December 11, 2011               01:02 PM    "
"AA-1279-DFW-PHX2011-12-11","DepartureGate"," C2"
"AA-1279-DFW-PHX2011-12-11","ExpectedArrivalTime","December 11, 2011               02:35 PM    "
"AA-1279-DFW-PHX2011-12-11","ActualArrivalTime","December 11, 2011               02:44 PM    "
"AA-1279-DFW-PHX2011-12-11","ArrivalGate"," 4    "
"AA-1522-SFO-ORD2011-12-11","ExpectedDepartureTime","December 11, 2011               11:55 PM    "
"AA-1522-SFO-ORD2011-12-11","ActualDepartureTime","December 11, 2011     "
"AA-1522-SFO-ORD2011-12-11","DepartureGate"," 57"
"AA-1522-SFO-ORD2011-12-11","ExpectedArrivalTime","December 12, 2011               05:50 AM    "
"AA-1522-SFO-ORD2011-12-11","ActualArrivalTime","December 12, 2011     "
"AA-1522-SFO-ORD2011-12-11","ArrivalGate"," H9    "
"AA-1434-DFW-MCO2011-12-11","ExpectedDepartureTime","December 11, 2011               07:15 AM    "
"AA-1434-DFW-MCO2011-12-11","ActualDepartureTime","December 11, 2011               07:06 AM    "
"AA-1434-DFW-MCO2011-12-11","DepartureGate"," C33"
"AA-1434-DFW-MCO2011-12-11","ExpectedArrivalTime","December 11, 2011               10:35 AM    "
"AA-1434-DFW-MCO2011-12-11","ActualArrivalTime","December 11, 2011               10:33 AM    "
"AA-1434-DFW-MCO2011-12-11","ArrivalGate"," 17    "
"AA-59-JFK-SFO2011-12-11","ExpectedDepartureTime","December 11, 2011               07:10 AM    "
"AA-59-JFK-SFO2011-12-11","ActualDepartureTime","December 11, 2011               07:05 AM    "
"AA-59-JFK-SFO2011-12-11","DepartureGate"," 46"
"AA-59-JFK-SFO2011-12-11","ExpectedArrivalTime","December 11, 2011               10:45 AM    "
"AA-59-JFK-SFO2011-12-11","ActualArrivalTime","December 11, 2011               10:25 AM    "
"AA-59-JFK-SFO2011-12-11","ArrivalGate"," 58B    "
"AA-415-BOS-ORD2011-12-11","ExpectedDepartureTime","December 11, 2011               08:35 AM    "
"AA-415-BOS-ORD2011-12-11","ActualDepartureTime","December 11, 2011               08:31 AM    "
"AA-415-BOS-ORD2011-12-11","DepartureGate"," B31"
"AA-415-BOS-ORD2011-12-11","ExpectedArrivalTime","December 11, 2011               10:40 AM    "
"AA-415-BOS-ORD2011-12-11","ActualArrivalTime","December 11, 2011               10:08 AM    "
"AA-415-BOS-ORD2011-12-11","ArrivalGate"," H10    "
"AA-222-LAX-BOS2011-12-11","ExpectedDepartureTime","December 11, 2011               07:10 AM    "
"AA-222-LAX-BOS2011-12-11","ActualDepartureTime","December 11, 2011               07:02 AM    "
"AA-222-LAX-BOS2011-12-11","DepartureGate"," 47B"
"AA-222-LAX-BOS2011-12-11","ExpectedArrivalTime","December 11, 2011               03:30 PM    "
"AA-222-LAX-BOS2011-12-11","ActualArrivalTime","December 11, 2011               03:10 PM    "
"AA-222-LAX-BOS2011-12-11","ArrivalGate"," B32    "
"AA-3823-LAX-DEN2011-12-11","ExpectedDepartureTime","December 11, 2011               09:00 PM    "
"AA-3823-LAX-DEN2011-12-11","ActualDepartureTime","December 11, 2011     "
"AA-3823-LAX-DEN2011-12-11","DepartureGate"," 44J"
"AA-3823-LAX-DEN2011-12-11","ExpectedArrivalTime","December 12, 2011               12:15 AM    "
"AA-3823-LAX-DEN2011-12-11","ActualArrivalTime","December 12, 2011     "
"AA-3823-LAX-DEN2011-12-11","ArrivalGate"," A49    "
"AA-1165-JFK-MIA2011-12-11","ExpectedDepartureTime","December 11, 2011               06:59 AM    "
"AA-1165-JFK-MIA2011-12-11","ActualDepartureTime","December 11, 2011               06:55 AM    "
"AA-1165-JFK-MIA2011-12-11","DepartureGate"," 3"
"AA-1165-JFK-MIA2011-12-11","ExpectedArrivalTime","December 11, 2011               10:34 AM    "
"AA-1165-JFK-MIA2011-12-11","ActualArrivalTime","December 11, 2011               10:14 AM    "
"AA-1165-JFK-MIA2011-12-11","ArrivalGate"," D24    "
"AA-3786-IAH-ORD2011-12-11","ExpectedDepartureTime","December 11, 2011               04:00 PM    "
"AA-3786-IAH-ORD2011-12-11","ActualDepartureTime","December 11, 2011               03:52 PM    "
"AA-3786-IAH-ORD2011-12-11","DepartureGate"," A29"
"AA-3786-IAH-ORD2011-12-11","ExpectedArrivalTime","December 11, 2011               06:40 PM    "
"AA-3786-IAH-ORD2011-12-11","ActualArrivalTime","December 11, 2011               06:17 PM    "
"AA-3786-IAH-ORD2011-12-11","ArrivalGate"," G13    "
"AA-4330-CVG-ORD2011-12-11","ExpectedDepartureTime","December 11, 2011               03:35 PM    "
"AA-4330-CVG-ORD2011-12-11","ActualDepartureTime","December 11, 2011               03:26 PM    "
"AA-4330-CVG-ORD2011-12-11","DepartureGate"," 5"
"AA-4330-CVG-ORD2011-12-11","ExpectedArrivalTime","December 11, 2011               04:00 PM    "
"AA-4330-CVG-ORD2011-12-11","ActualArrivalTime","December 11, 2011               03:31 PM    "
"AA-4330-CVG-ORD2011-12-11","ArrivalGate"," H3B    "
"AA-3468-CVG-MIA2011-12-11","ExpectedDepartureTime","December 11, 2011               07:00 AM    "
"AA-3468-CVG-MIA2011-12-11","ActualDepartureTime","December 11, 2011               07:21 AM    "
"AA-3468-CVG-MIA2011-12-11","DepartureGate"," 5"
"AA-3468-CVG-MIA2011-12-11","ExpectedArrivalTime","December 11, 2011               09:55 AM    "
"AA-3468-CVG-MIA2011-12-11","ActualArrivalTime","December 11, 2011               10:15 AM    "
"AA-3468-CVG-MIA2011-12-11","ArrivalGate"," D60F    "
"AA-204-LAX-MCO2011-12-11","ExpectedDepartureTime","December 11, 2011               11:25 PM    "
"AA-204-LAX-MCO2011-12-11","ActualDepartureTime","December 11, 2011     "
"AA-204-LAX-MCO2011-12-11","DepartureGate"," 43"
"AA-204-LAX-MCO2011-12-11","ExpectedArrivalTime","December 12, 2011               06:55 AM    "
"AA-204-LAX-MCO2011-12-11","ActualArrivalTime","December 12, 2011     "
"AA-204-LAX-MCO2011-12-11","ArrivalGate"," TBA    "
"AA-466-IAH-MIA2011-12-11","ExpectedDepartureTime","December 11, 2011               06:00 AM    "
"AA-466-IAH-MIA2011-12-11","ActualDepartureTime","December 11, 2011               05:54 AM    "
"AA-466-IAH-MIA2011-12-11","DepartureGate"," A27"
"AA-466-IAH-MIA2011-12-11","ExpectedArrivalTime","December 11, 2011               09:20 AM    "
"AA-466-IAH-MIA2011-12-11","ActualArrivalTime","December 11, 2011               08:56 AM    "
"AA-466-IAH-MIA2011-12-11","ArrivalGate"," D12    "
"AA-3-JFK-LAX2011-12-11","ExpectedDepartureTime","December 11, 2011               12:00 PM    "
"AA-3-JFK-LAX2011-12-11","ActualDepartureTime","December 11, 2011               11:54 AM    "
"AA-3-JFK-LAX2011-12-11","DepartureGate"," 44"
"AA-3-JFK-LAX2011-12-11","ExpectedArrivalTime","December 11, 2011               03:15 PM    "
"AA-3-JFK-LAX2011-12-11","ActualArrivalTime","December 11, 2011               03:03 PM    "
"AA-3-JFK-LAX2011-12-11","ArrivalGate"," 47B    "
"AA-1007-MIA-PHX2011-12-11","ExpectedDepartureTime","December 11, 2011               04:55 PM    "
"AA-1007-MIA-PHX2011-12-11","ActualDepartureTime","December 11, 2011               05:25 PM    "
"AA-1007-MIA-PHX2011-12-11","DepartureGate"," D19"
"AA-1007-MIA-PHX2011-12-11","ExpectedArrivalTime","December 11, 2011               08:05 PM    "
"AA-1007-MIA-PHX2011-12-11","ActualArrivalTime","December 11, 2011               08:39 PM    "
"AA-1007-MIA-PHX2011-12-11","ArrivalGate"," 6    "
"AA-271-MIA-LAX2011-12-11","ExpectedDepartureTime","December 11, 2011               11:35 AM    "
"AA-271-MIA-LAX2011-12-11","ActualDepartureTime","December 11, 2011               12:28 PM    "
"AA-271-MIA-LAX2011-12-11","DepartureGate"," D19"
"AA-271-MIA-LAX2011-12-11","ExpectedArrivalTime","December 11, 2011               02:25 PM    "
"AA-271-MIA-LAX2011-12-11","ActualArrivalTime","December 11, 2011     "
"AA-271-MIA-LAX2011-12-11","ArrivalGate"," 45    "
"AA-643-MIA-ORD2011-12-11","ExpectedDepartureTime","December 11, 2011               07:10 AM    "
"AA-643-MIA-ORD2011-12-11","ActualDepartureTime","December 11, 2011               07:08 AM    "
"AA-643-MIA-ORD2011-12-11","DepartureGate"," D2"
"AA-643-MIA-ORD2011-12-11","ExpectedArrivalTime","December 11, 2011               09:35 AM    "
"AA-643-MIA-ORD2011-12-11","ActualArrivalTime","December 11, 2011               09:23 AM    "
"AA-643-MIA-ORD2011-12-11","ArrivalGate"," K9    "
"AA-4198-ORD-CLE2011-12-11","ExpectedDepartureTime","December 11, 2011               10:40 AM    "
"AA-4198-ORD-CLE2011-12-11","ActualDepartureTime","December 11, 2011               10:36 AM    "
"AA-4198-ORD-CLE2011-12-11","DepartureGate"," G8"
"AA-4198-ORD-CLE2011-12-11","ExpectedArrivalTime","December 11, 2011               12:55 PM    "
"AA-4198-ORD-CLE2011-12-11","ActualArrivalTime","December 11, 2011               12:43 PM    "
"AA-4198-ORD-CLE2011-12-11","ArrivalGate"," A1    "
"AA-400-DFW-JFK2011-12-11","ExpectedDepartureTime","December 11, 2011               10:40 AM    "
"AA-400-DFW-JFK2011-12-11","ActualDepartureTime","December 11, 2011               10:41 AM    "
"AA-400-DFW-JFK2011-12-11","DepartureGate"," C6"
"AA-400-DFW-JFK2011-12-11","ExpectedArrivalTime","December 11, 2011               02:59 PM    "
"AA-400-DFW-JFK2011-12-11","ActualArrivalTime","December 11, 2011               02:55 PM    "
"AA-400-DFW-JFK2011-12-11","ArrivalGate"," 34    "
"AA-1886-BOS-MIA2011-12-11","ExpectedDepartureTime","December 11, 2011               10:45 AM    "
"AA-1886-BOS-MIA2011-12-11","ActualDepartureTime","December 11, 2011               10:45 AM    "
"AA-1886-BOS-MIA2011-12-11","DepartureGate"," B31"
"AA-1886-BOS-MIA2011-12-11","ExpectedArrivalTime","December 11, 2011               02:20 PM    "
"AA-1886-BOS-MIA2011-12-11","ActualArrivalTime","December 11, 2011               02:03 PM    "
"AA-1886-BOS-MIA2011-12-11","ArrivalGate"," D48    "
"AA-1917-JFK-MCO2011-12-11","ExpectedDepartureTime","December 11, 2011               02:55 PM    "
"AA-1917-JFK-MCO2011-12-11","ActualDepartureTime","December 11, 2011               02:55 PM    "
"AA-1917-JFK-MCO2011-12-11","DepartureGate"," 46"
"AA-1917-JFK-MCO2011-12-11","ExpectedArrivalTime","December 11, 2011               05:55 PM    "
"AA-1917-JFK-MCO2011-12-11","ActualArrivalTime","December 11, 2011               05:48 PM    "
"AA-1917-JFK-MCO2011-12-11","ArrivalGate"," 16    "
"AA-3809-PHX-LAX2011-12-11","ExpectedDepartureTime","December 11, 2011               06:00 AM    "
"AA-3809-PHX-LAX2011-12-11","ActualDepartureTime","December 11, 2011               07:23 AM    "
"AA-3809-PHX-LAX2011-12-11","DepartureGate"," 2"
"AA-3809-PHX-LAX2011-12-11","ExpectedArrivalTime","December 11, 2011               06:40 AM    "
"AA-3809-PHX-LAX2011-12-11","ActualArrivalTime","December 11, 2011               07:43 AM    "
"AA-3809-PHX-LAX2011-12-11","ArrivalGate"," 44J    "
"AA-2957-DFW-CVG2011-12-11","ExpectedDepartureTime","December 11, 2011               07:55 AM    "
"AA-2957-DFW-CVG2011-12-11","ActualDepartureTime","December 11, 2011               07:55 AM    "
"AA-2957-DFW-CVG2011-12-11","DepartureGate"," B18"
"AA-2957-DFW-CVG2011-12-11","ExpectedArrivalTime","December 11, 2011               11:05 AM    "
"AA-2957-DFW-CVG2011-12-11","ActualArrivalTime","December 11, 2011               10:58 AM    "
"AA-2957-DFW-CVG2011-12-11","ArrivalGate"," 3    "
"UA-1500-IAH-GUA2011-12-11","ExpectedDepartureTime","Sun, Dec 11 8:55 AM"
"UA-1500-IAH-GUA2011-12-11","ActualDepartureTime","Sun, Dec 11 9:19 AM            Delayed"
"UA-1500-IAH-GUA2011-12-11","DepartureGate","E17"
"UA-1500-IAH-GUA2011-12-11","ExpectedArrivalTime","Sun, Dec 11 11:45 AM"
"UA-1500-IAH-GUA2011-12-11","ActualArrivalTime","Sun, Dec 11 11:52 AM"
"UA-1500-IAH-GUA2011-12-11","ArrivalGate","15"
"UA-3515-IAD-MSP2011-12-11","ExpectedDepartureTime","Sun, Dec 11 8:15 AM"
"UA-3515-IAD-MSP2011-12-11","ActualDepartureTime","Sun, Dec 11 8:13 AM"
"UA-3515-IAD-MSP2011-12-11","DepartureGate","D20"
"UA-3515-IAD-MSP2011-12-11","ExpectedArrivalTime","Sun, Dec 11 10:06 AM"
"UA-3515-IAD-MSP2011-12-11","ActualArrivalTime","Sun, Dec 11 9:52 AM"
"UA-3515-IAD-MSP2011-12-11","ArrivalGate","E8"
"UA-664-ORD-PHL2011-12-11","ExpectedDepartureTime","Sun, Dec 11 1:20 PM"
"UA-664-ORD-PHL2011-12-11","ActualDepartureTime","Sun, Dec 11 1:19 PM"
"UA-664-ORD-PHL2011-12-11","DepartureGate","B5"
"UA-664-ORD-PHL2011-12-11","ExpectedArrivalTime","Sun, Dec 11 4:25 PM"
"UA-664-ORD-PHL2011-12-11","ActualArrivalTime","Sun, Dec 11 4:15 PM"
"UA-664-ORD-PHL2011-12-11","ArrivalGate","D9"
"UA-414-LAX-SFO2011-12-11","ExpectedDepartureTime","Sun, Dec 11 6:00 AM"
"UA-414-LAX-SFO2011-12-11","ActualDepartureTime","Sun, Dec 11 6:00 AM"
"UA-414-LAX-SFO2011-12-11","DepartureGate","73"
"UA-414-LAX-SFO2011-12-11","ExpectedArrivalTime","Sun, Dec 11 7:23 AM"
"UA-414-LAX-SFO2011-12-11","ActualArrivalTime","Sun, Dec 11 7:20 AM"
"UA-414-LAX-SFO2011-12-11","ArrivalGate","88"
"UA-257-JFK-SFO2011-12-11","ExpectedDepartureTime","Sun, Dec 11 2:30 PM"
"UA-257-JFK-SFO2011-12-11","ActualDepartureTime","Sun, Dec 11 2:27 PM"
"UA-257-JFK-SFO2011-12-11","DepartureGate","7"
"UA-257-JFK-SFO2011-12-11","ExpectedArrivalTime","Sun, Dec 11 6:10 PM"
"UA-257-JFK-SFO2011-12-11","ActualArrivalTime","Sun, Dec 11 5:38 PM"
"UA-257-JFK-SFO2011-12-11","ArrivalGate","81"
"UA-62-IAH-EWR2011-12-11","ExpectedDepartureTime","Sun, Dec 11 2:30 PM"
"UA-62-IAH-EWR2011-12-11","ActualDepartureTime","Sun, Dec 11 3:05 PM"
"UA-62-IAH-EWR2011-12-11","DepartureGate","C-44"
"UA-62-IAH-EWR2011-12-11","ExpectedArrivalTime","Sun, Dec 11 7:03 PM"
"UA-62-IAH-EWR2011-12-11","ActualArrivalTime","Sun, Dec 11 7:27 PM"
"UA-62-IAH-EWR2011-12-11","ArrivalGate","C75"
"UA-843-LAX-ORD2011-12-11","ExpectedDepartureTime","Sun, Dec 11 1:50 PM"
"UA-843-LAX-ORD2011-12-11","ActualDepartureTime","Sun, Dec 11 1:58 PM"
"UA-843-LAX-ORD2011-12-11","DepartureGate","73"
"UA-843-LAX-ORD2011-12-11","ExpectedArrivalTime","Sun, Dec 11 7:55 PM"
"UA-843-LAX-ORD2011-12-11","ActualArrivalTime","Sun, Dec 11 7:32 PM"
"UA-843-LAX-ORD2011-12-11","ArrivalGate","C19"
"UA-248-PHX-ORD2011-12-11","ExpectedDepartureTime","Sun, Dec 11 12:47 PM"
"UA-248-PHX-ORD2011-12-11","ActualDepartureTime","Sun, Dec 11 12:47 PM"
"UA-248-PHX-ORD2011-12-11","DepartureGate","3"
"UA-248-PHX-ORD2011-12-11","ExpectedArrivalTime","Sun, Dec 11 5:15 PM"
"UA-248-PHX-ORD2011-12-11","ActualArrivalTime","Sun, Dec 11 5:03 PM"
"UA-248-PHX-ORD2011-12-11","ArrivalGate","B10"
"UA-248-PHX-ORD2011-12-11","ExpectedDepartureTime","Sun, Dec 11 12:47 PM"
"UA-248-PHX-ORD2011-12-11","ActualDepartureTime","Sun, Dec 11 12:41 PM"
"UA-248-PHX-ORD2011-12-11","DepartureGate","3"
"UA-248-PHX-ORD2011-12-11","ExpectedArrivalTime","Sun, Dec 11 5:15 PM"
"UA-248-PHX-ORD2011-12-11","ActualArrivalTime","Sun, Dec 11 4:39 PM"
"UA-248-PHX-ORD2011-12-11","ArrivalGate","B10"
"UA-397-JFK-SFO2011-12-11","ExpectedDepartureTime","Sun, Dec 11 8:00 AM"
"UA-397-JFK-SFO2011-12-11","ActualDepartureTime","Sun, Dec 11 7:53 AM"
"UA-397-JFK-SFO2011-12-11","DepartureGate","10"
"UA-397-JFK-SFO2011-12-11","ExpectedArrivalTime","Sun, Dec 11 11:49 AM"
"UA-397-JFK-SFO2011-12-11","ActualArrivalTime","Sun, Dec 11 10:56 AM"
"UA-397-JFK-SFO2011-12-11","ArrivalGate","81"
"UA-2704-DTW-PHX2011-12-11","ExpectedDepartureTime","Sun, Dec 11 11:15 AM"
"UA-2704-DTW-PHX2011-12-11","ActualDepartureTime","Sun, Dec 11 11:15 AM"
"UA-2704-DTW-PHX2011-12-11","DepartureGate","D14"
"UA-2704-DTW-PHX2011-12-11","ExpectedArrivalTime","Sun, Dec 11 1:40 PM"
"UA-2704-DTW-PHX2011-12-11","ActualArrivalTime","Sun, Dec 11 1:20 PM"
"UA-2704-DTW-PHX2011-12-11","ArrivalGate","A6"
"UA-3373-IAD-PHL2011-12-11","ExpectedDepartureTime","Sun, Dec 11 8:25 AM"
"UA-3373-IAD-PHL2011-12-11","ActualDepartureTime","Sun, Dec 11 9:30 AM"
"UA-3373-IAD-PHL2011-12-11","DepartureGate","C22"
"UA-3373-IAD-PHL2011-12-11","ExpectedArrivalTime","Sun, Dec 11 9:20 AM"
"UA-3373-IAD-PHL2011-12-11","ActualArrivalTime","Sun, Dec 11 10:22 AM"
"UA-3373-IAD-PHL2011-12-11","ArrivalGate","D7"
"UA-2906-PHL-MCO2011-12-11","ExpectedDepartureTime","Sun, Dec 11 3:50 PM"
"UA-2906-PHL-MCO2011-12-11","ActualDepartureTime","Sun, Dec 11 3:50 PM            Delayed"
"UA-2906-PHL-MCO2011-12-11","DepartureGate","B13"
"UA-2906-PHL-MCO2011-12-11","ExpectedArrivalTime","Sun, Dec 11 6:23 PM"
"UA-2906-PHL-MCO2011-12-11","ActualArrivalTime","Sun, Dec 11 6:06 PM"
"UA-2906-PHL-MCO2011-12-11","ArrivalGate","58"
"UA-938-DEN-ORD2011-12-11","ExpectedDepartureTime","Sun, Dec 11 4:16 PM"
"UA-938-DEN-ORD2011-12-11","ActualDepartureTime","Sun, Dec 11 4:18 PM"
"UA-938-DEN-ORD2011-12-11","DepartureGate","B42"
"UA-938-DEN-ORD2011-12-11","ExpectedArrivalTime","Sun, Dec 11 7:34 PM"
"UA-938-DEN-ORD2011-12-11","ActualArrivalTime","Sun, Dec 11 7:30 PM"
"UA-938-DEN-ORD2011-12-11","ArrivalGate","C15"
"UA-3099-PHX-PHL2011-12-11","ExpectedDepartureTime","Sun, Dec 11 11:55 AM"
"UA-3099-PHX-PHL2011-12-11","ActualDepartureTime","Sun, Dec 11 12:04 PM"
"UA-3099-PHX-PHL2011-12-11","DepartureGate","B13"
"UA-3099-PHX-PHL2011-12-11","ExpectedArrivalTime","Sun, Dec 11 6:17 PM"
"UA-3099-PHX-PHL2011-12-11","ActualArrivalTime","Sun, Dec 11 6:11 PM"
"UA-3099-PHX-PHL2011-12-11","ArrivalGate","A16"
"UA-3925-IAD-ORF2011-12-11","ExpectedDepartureTime","Sun, Dec 11 8:42 AM"
"UA-3925-IAD-ORF2011-12-11","ActualDepartureTime","Sun, Dec 11 8:37 AM"
"UA-3925-IAD-ORF2011-12-11","DepartureGate","A2A"
"UA-3925-IAD-ORF2011-12-11","ExpectedArrivalTime","Sun, Dec 11 9:55 AM"
"UA-3925-IAD-ORF2011-12-11","ActualArrivalTime","Sun, Dec 11 9:31 AM"
"UA-5487-SFO-MRY2011-12-11","ExpectedDepartureTime","Sun, Dec 11 10:39 AM"
"UA-5487-SFO-MRY2011-12-11","ActualDepartureTime","Sun, Dec 11 10:35 AM"
"UA-5487-SFO-MRY2011-12-11","DepartureGate","87A"
"UA-5487-SFO-MRY2011-12-11","ExpectedArrivalTime","Sun, Dec 11 11:19 AM"
"UA-5487-SFO-MRY2011-12-11","ActualArrivalTime","Sun, Dec 11 11:13 AM"
"UA-3050-PHX-CLT2011-12-11","ExpectedDepartureTime","Sun, Dec 11 11:05 AM"
"UA-3050-PHX-CLT2011-12-11","ActualDepartureTime","Sun, Dec 11 11:05 AM"
"UA-3050-PHX-CLT2011-12-11","DepartureGate","A3"
"UA-3050-PHX-CLT2011-12-11","ExpectedArrivalTime","Sun, Dec 11 4:57 PM"
"UA-3050-PHX-CLT2011-12-11","ActualArrivalTime","Sun, Dec 11 4:55 PM"
"UA-3050-PHX-CLT2011-12-11","ArrivalGate","B7"
"UA-828-SFO-ORD2011-12-11","ExpectedDepartureTime","Sun, Dec 11 11:55 PM"
"UA-828-SFO-ORD2011-12-11","ActualDepartureTime","Sun, Dec 11 11:55 PM"
"UA-828-SFO-ORD2011-12-11","DepartureGate","70"
"UA-828-SFO-ORD2011-12-11","ExpectedArrivalTime","Mon, Dec 12 5:55 AM"
"UA-828-SFO-ORD2011-12-11","ActualArrivalTime","Mon, Dec 12 5:55 AM"
"UA-828-SFO-ORD2011-12-11","ArrivalGate","C22"
"UA-2830-MCO-CLT2011-12-11","ExpectedDepartureTime","Sun, Dec 11 3:27 PM"
"UA-2830-MCO-CLT2011-12-11","ActualDepartureTime","Sun, Dec 11 3:33 PM"
"UA-2830-MCO-CLT2011-12-11","DepartureGate","58"
"UA-2830-MCO-CLT2011-12-11","ExpectedArrivalTime","Sun, Dec 11 5:05 PM"
"UA-2830-MCO-CLT2011-12-11","ActualArrivalTime","Sun, Dec 11 5:05 PM"
"UA-2830-MCO-CLT2011-12-11","ArrivalGate","C12"
"UA-37-EWR-MCO2011-12-11","ExpectedDepartureTime","Sun, Dec 11 1:29 PM"
"UA-37-EWR-MCO2011-12-11","ActualDepartureTime","Sun, Dec 11 1:52 PM            Delayed"
"UA-37-EWR-MCO2011-12-11","DepartureGate","C73"
"UA-37-EWR-MCO2011-12-11","ExpectedArrivalTime","Sun, Dec 11 4:17 PM"
"UA-37-EWR-MCO2011-12-11","ActualArrivalTime","Sun, Dec 11 4:34 PM"
"UA-37-EWR-MCO2011-12-11","ArrivalGate","39"
"UA-37-EDI-EWR2011-12-11","ExpectedDepartureTime","Sun, Dec 11 9:05 AM"
"UA-37-EDI-EWR2011-12-11","ActualDepartureTime","Sun, Dec 11 8:58 AM"
"UA-37-EDI-EWR2011-12-11","ExpectedArrivalTime","Sun, Dec 11 11:53 AM"
"UA-37-EDI-EWR2011-12-11","ActualArrivalTime","Sun, Dec 11 11:51 AM"
"UA-37-EDI-EWR2011-12-11","ArrivalGate","B60"
"UA-2708-EWR-CLT2011-12-11","ExpectedDepartureTime","Sun, Dec 11 2:55 PM"
"UA-2708-EWR-CLT2011-12-11","ActualDepartureTime","Sun, Dec 11 2:55 PM"
"UA-2708-EWR-CLT2011-12-11","DepartureGate","A37"
"UA-2708-EWR-CLT2011-12-11","ExpectedArrivalTime","Sun, Dec 11 4:53 PM"
"UA-2708-EWR-CLT2011-12-11","ActualArrivalTime","Sun, Dec 11 4:42 PM"
"UA-2708-EWR-CLT2011-12-11","ArrivalGate","C19"
"UA-233-LAX-JFK2011-12-11","ExpectedDepartureTime","Sun, Dec 11 4:20 PM"
"UA-233-LAX-JFK2011-12-11","ActualDepartureTime","Sun, Dec 11 4:20 PM"
"UA-233-LAX-JFK2011-12-11","DepartureGate","72"
"UA-233-LAX-JFK2011-12-11","ExpectedArrivalTime","Mon, Dec 12 12:29 AM"
"UA-233-LAX-JFK2011-12-11","ActualArrivalTime","Mon, Dec 12 12:29 AM"
"UA-233-LAX-JFK2011-12-11","ArrivalGate","6"
"UA-2726-FLL-PHL2011-12-11","ExpectedDepartureTime","Sun, Dec 11 4:00 PM"
"UA-2726-FLL-PHL2011-12-11","ActualDepartureTime","Sun, Dec 11 4:00 PM"
"UA-2726-FLL-PHL2011-12-11","DepartureGate","E3"
"UA-2726-FLL-PHL2011-12-11","ExpectedArrivalTime","Sun, Dec 11 6:46 PM"
"UA-2726-FLL-PHL2011-12-11","ActualArrivalTime","Sun, Dec 11 6:28 PM"
"UA-2726-FLL-PHL2011-12-11","ArrivalGate","B5"
"UA-2945-PHL-CLT2011-12-11","ExpectedDepartureTime","Sun, Dec 11 12:00 AM"
"UA-2945-PHL-CLT2011-12-11","ActualDepartureTime","Sun, Dec 11 5:12 PM            Delayed"
"UA-2945-PHL-CLT2011-12-11","DepartureGate","B11"
"UA-2945-PHL-CLT2011-12-11","ExpectedArrivalTime","Sun, Dec 11 1:45 PM"
"UA-2945-PHL-CLT2011-12-11","ActualArrivalTime","Sun, Dec 11 1:46 PM"
"UA-2945-PHL-CLT2011-12-11","ArrivalGate","B8"
"UA-6273-YYC-SFO2011-12-11","ExpectedDepartureTime","Sun, Dec 11 7:35 AM"
"UA-6273-YYC-SFO2011-12-11","ActualDepartureTime","Sun, Dec 11 7:20 AM"
"UA-6273-YYC-SFO2011-12-11","ExpectedArrivalTime","Sun, Dec 11 9:43 AM"
"UA-6273-YYC-SFO2011-12-11","ActualArrivalTime","Sun, Dec 11 9:55 AM"
"UA-6273-YYC-SFO2011-12-11","ArrivalGate","76B"
"UA-2314-ATL-PHL2011-12-11","ExpectedDepartureTime","Sun, Dec 11 2:55 PM"
"UA-2314-ATL-PHL2011-12-11","ActualDepartureTime","Sun, Dec 11 2:55 PM"
"UA-2314-ATL-PHL2011-12-11","DepartureGate","D23"
"UA-2314-ATL-PHL2011-12-11","ExpectedArrivalTime","Sun, Dec 11 5:00 PM"
"UA-2314-ATL-PHL2011-12-11","ActualArrivalTime","Sun, Dec 11 4:48 PM"
"UA-2314-ATL-PHL2011-12-11","ArrivalGate","A14"
"UA-382-IAD-LAX2011-12-11","ExpectedDepartureTime","Sun, Dec 11 12:30 PM"
"UA-382-IAD-LAX2011-12-11","ActualDepartureTime","Sun, Dec 11 12:53 PM            Delayed"
"UA-382-IAD-LAX2011-12-11","DepartureGate","D7"
"UA-382-IAD-LAX2011-12-11","ExpectedArrivalTime","Sun, Dec 11 3:19 PM"
"UA-382-IAD-LAX2011-12-11","ActualArrivalTime","Sun, Dec 11 3:27 PM"
"UA-382-IAD-LAX2011-12-11","ArrivalGate","75B"
"UA-382-IAD-LAX2011-12-11","ExpectedDepartureTime","Sun, Dec 11 12:30 PM"
"UA-382-IAD-LAX2011-12-11","ActualDepartureTime","Sun, Dec 11 12:53 PM            Delayed"
"UA-382-IAD-LAX2011-12-11","DepartureGate","D7"
"UA-382-IAD-LAX2011-12-11","ExpectedArrivalTime","Sun, Dec 11 3:19 PM"
"UA-382-IAD-LAX2011-12-11","ActualArrivalTime","Sun, Dec 11 3:33 PM"
"UA-382-IAD-LAX2011-12-11","ArrivalGate","75B"
"UA-858-PVG-SFO2011-12-11","ExpectedDepartureTime","Sun, Dec 11 1:45 PM"
"UA-858-PVG-SFO2011-12-11","ActualDepartureTime","Sun, Dec 11 1:40 PM"
"UA-858-PVG-SFO2011-12-11","DepartureGate","75"
"UA-858-PVG-SFO2011-12-11","ExpectedArrivalTime","Sun, Dec 11 8:27 AM"
"UA-858-PVG-SFO2011-12-11","ActualArrivalTime","Sun, Dec 11 7:50 AM"
"UA-858-PVG-SFO2011-12-11","ArrivalGate","98"
"UA-854-SFO-IAH2011-12-11","ExpectedDepartureTime","Sun, Dec 11 7:53 AM"
"UA-854-SFO-IAH2011-12-11","ActualDepartureTime","Sun, Dec 11 7:51 AM"
"UA-854-SFO-IAH2011-12-11","DepartureGate","85"
"UA-854-SFO-IAH2011-12-11","ExpectedArrivalTime","Sun, Dec 11 1:35 PM"
"UA-854-SFO-IAH2011-12-11","ActualArrivalTime","Sun, Dec 11 1:11 PM"
"UA-854-SFO-IAH2011-12-11","ArrivalGate","C16"
"CO-1586-IAH-MCO2011-12-11","ExpectedDepartureTime","Sun., Dec.11, 2011 7:00 p.m."
"CO-1586-IAH-MCO2011-12-11","ActualDepartureTime","Sun., Dec.11, 2011 7:07 p.m."
"CO-1586-IAH-MCO2011-12-11","ExpectedArrivalTime","Sun., Dec.11, 2011 10:15 p.m."
"CO-1586-IAH-MCO2011-12-11","ActualArrivalTime","Sun., Dec.11, 2011 10:21 p.m."
"CO-1694-LAX-IAH2011-12-11","ExpectedDepartureTime","Sun., Dec.11, 2011 7:15 p.m."
"CO-1694-LAX-IAH2011-12-11","ActualDepartureTime","Sun., Dec.11, 2011 7:15 p.m."
"CO-1694-LAX-IAH2011-12-11","ExpectedArrivalTime","Sun., Dec.11, 2011 12:21 a.m."
"CO-1694-LAX-IAH2011-12-11","ActualArrivalTime","Sun., Dec.11, 2011 12:21 a.m."
"CO-4888-IAH-DAL2011-12-11","ExpectedDepartureTime","Sun., Dec.11, 2011 5:30 p.m."
"CO-4888-IAH-DAL2011-12-11","ActualDepartureTime","Sun., Dec.11, 2011 5:30 p.m."
"CO-4888-IAH-DAL2011-12-11","ExpectedArrivalTime","Sun., Dec.11, 2011 6:40 p.m."
"CO-4888-IAH-DAL2011-12-11","ActualArrivalTime","Sun., Dec.11, 2011 6:40 p.m."
"CO-1088-CLE-IAH2011-12-11","ExpectedDepartureTime","Sun., Dec.11, 2011 8:40 a.m."
"CO-1088-CLE-IAH2011-12-11","ActualDepartureTime","Sun., Dec.11, 2011 8:31 a.m."
"CO-1088-CLE-IAH2011-12-11","ExpectedArrivalTime","Sun., Dec.11, 2011 10:54 a.m."
"CO-1088-CLE-IAH2011-12-11","ActualArrivalTime","Sun., Dec.11, 2011 10:29 a.m."
"CO-16-LAX-EWR2011-12-11","ExpectedDepartureTime","Sun., Dec.11, 2011 10:25 a.m."
"CO-16-LAX-EWR2011-12-11","ActualDepartureTime","Sun., Dec.11, 2011 10:32 a.m."
"CO-16-LAX-EWR2011-12-11","ExpectedArrivalTime","Sun., Dec.11, 2011 6:42 p.m."
"CO-16-LAX-EWR2011-12-11","ActualArrivalTime","Sun., Dec.11, 2011 6:44 p.m."
"CO-58-DEN-IAH2011-12-11","ExpectedDepartureTime","Sun., Dec.11, 2011 11:25 a.m."
"CO-58-DEN-IAH2011-12-11","ActualDepartureTime","Sun., Dec.11, 2011 11:25 a.m."
"CO-58-DEN-IAH2011-12-11","ExpectedArrivalTime","Sun., Dec.11, 2011 2:50 p.m."
"CO-58-DEN-IAH2011-12-11","ActualArrivalTime","Sun., Dec.11, 2011 2:33 p.m."
"CO-1193-EWR-MCO2011-12-11","ExpectedDepartureTime","Sun., Dec.11, 2011 9:00 a.m."
"CO-1193-EWR-MCO2011-12-11","ActualDepartureTime","Sun., Dec.11, 2011 8:54 a.m."
"CO-1193-EWR-MCO2011-12-11","ExpectedArrivalTime","Sun., Dec.11, 2011 12:00 p.m."
"CO-1193-EWR-MCO2011-12-11","ActualArrivalTime","Sun., Dec.11, 2011 11:42 a.m."
"CO-1023-IAH-DEN2011-12-11","ExpectedDepartureTime","Sun., Dec.11, 2011 11:40 a.m."
"CO-1023-IAH-DEN2011-12-11","ActualDepartureTime","Sun., Dec.11, 2011 11:45 a.m."
"CO-1023-IAH-DEN2011-12-11","ExpectedArrivalTime","Sun., Dec.11, 2011 1:16 p.m."
"CO-1023-IAH-DEN2011-12-11","ActualArrivalTime","Sun., Dec.11, 2011 1:13 p.m."
"CO-1250-MIA-IAH2011-12-11","ExpectedDepartureTime","Sun., Dec.11, 2011 2:53 p.m."
"CO-1250-MIA-IAH2011-12-11","ActualDepartureTime","Sun., Dec.11, 2011 3:01 p.m."
"CO-1250-MIA-IAH2011-12-11","ExpectedArrivalTime","Sun., Dec.11, 2011 4:48 p.m."
"CO-1250-MIA-IAH2011-12-11","ActualArrivalTime","Sun., Dec.11, 2011 5:09 p.m."
"CO-62-IAH-EWR2011-12-11","ExpectedDepartureTime","Sun., Dec.11, 2011 2:30 p.m."
"CO-62-IAH-EWR2011-12-11","ActualDepartureTime","Sun., Dec.11, 2011 3:05 p.m."
"CO-62-IAH-EWR2011-12-11","ExpectedArrivalTime","Sun., Dec.11, 2011 7:03 p.m."
"CO-62-IAH-EWR2011-12-11","ActualArrivalTime","Sun., Dec.11, 2011 7:27 p.m."
"CO-52-IAH-LAX2011-12-11","ExpectedDepartureTime","Sun., Dec.11, 2011 7:35 a.m."
"CO-52-IAH-LAX2011-12-11","ActualDepartureTime","Sun., Dec.11, 2011 7:42 a.m."
"CO-52-IAH-LAX2011-12-11","ExpectedArrivalTime","Sun., Dec.11, 2011 9:21 a.m."
"CO-52-IAH-LAX2011-12-11","ActualArrivalTime","Sun., Dec.11, 2011 9:36 a.m."
"CO-1614-LAX-IAH2011-12-11","ExpectedDepartureTime","Sun., Dec.11, 2011 12:30 a.m."
"CO-1614-LAX-IAH2011-12-11","ActualDepartureTime","Sun., Dec.11, 2011 12:33 a.m."
"CO-1614-LAX-IAH2011-12-11","ExpectedArrivalTime","Sun., Dec.11, 2011 5:35 a.m."
"CO-1614-LAX-IAH2011-12-11","ActualArrivalTime","Sun., Dec.11, 2011 5:17 a.m."
"CO-89-IAH-EWR2011-12-11","ExpectedDepartureTime","Sun., Dec.11, 2011 6:00 a.m."
"CO-89-IAH-EWR2011-12-11","ActualDepartureTime","Sun., Dec.11, 2011 6:03 a.m."
"CO-89-IAH-EWR2011-12-11","ExpectedArrivalTime","Sun., Dec.11, 2011 10:20 a.m."
"CO-89-IAH-EWR2011-12-11","ActualArrivalTime","Sun., Dec.11, 2011 10:27 a.m."
"CO-1090-BOS-IAH2011-12-11","ExpectedDepartureTime","Sun., Dec.11, 2011 9:45 a.m."
"CO-1090-BOS-IAH2011-12-11","ActualDepartureTime","Sun., Dec.11, 2011 9:41 a.m."
"CO-1090-BOS-IAH2011-12-11","ExpectedArrivalTime","Sun., Dec.11, 2011 1:16 p.m."
"CO-1090-BOS-IAH2011-12-11","ActualArrivalTime","Sun., Dec.11, 2011 12:46 p.m."
"CO-45-EWR-MIA2011-12-11","ExpectedDepartureTime","Sun., Dec.11, 2011 4:00 p.m."
"CO-45-EWR-MIA2011-12-11","ActualDepartureTime","Sun., Dec.11, 2011 4:02 p.m."
"CO-45-EWR-MIA2011-12-11","ExpectedArrivalTime","Sun., Dec.11, 2011 7:05 p.m."
"CO-45-EWR-MIA2011-12-11","ActualArrivalTime","Sun., Dec.11, 2011 7:00 p.m."
"CO-63-EWR-IAH2011-12-11","ExpectedDepartureTime","Sun., Dec.11, 2011 5:25 p.m."
"CO-63-EWR-IAH2011-12-11","ActualDepartureTime","Sun., Dec.11, 2011 6:18 p.m."
"CO-63-EWR-IAH2011-12-11","ExpectedArrivalTime","Sun., Dec.11, 2011 8:22 p.m."
"CO-63-EWR-IAH2011-12-11","ActualArrivalTime","Sun., Dec.11, 2011 9:02 p.m."
"CO-50-CLE-EWR2011-12-11","ExpectedDepartureTime","Sun., Dec.11, 2011 3:10 p.m."
"CO-50-CLE-EWR2011-12-11","ActualDepartureTime","Sun., Dec.11, 2011 3:08 p.m."
"CO-50-CLE-EWR2011-12-11","ExpectedArrivalTime","Sun., Dec.11, 2011 5:04 p.m."
"CO-50-CLE-EWR2011-12-11","ActualArrivalTime","Sun., Dec.11, 2011 5:11 p.m."
"CO-1561-PHX-IAH2011-12-11","ExpectedDepartureTime","Sun., Dec.11, 2011 8:05 a.m."
"CO-1561-PHX-IAH2011-12-11","ActualDepartureTime","Sun., Dec.11, 2011 8:02 a.m."
"CO-1561-PHX-IAH2011-12-11","ExpectedArrivalTime","Sun., Dec.11, 2011 11:35 a.m."
"CO-1561-PHX-IAH2011-12-11","ActualArrivalTime","Sun., Dec.11, 2011 11:10 a.m."
"CO-47-IAH-LAX2011-12-11","ExpectedDepartureTime","Sun., Dec.11, 2011 7:10 p.m."
"CO-47-IAH-LAX2011-12-11","ActualDepartureTime","Sun., Dec.11, 2011 7:23 p.m."
"CO-47-IAH-LAX2011-12-11","ExpectedArrivalTime","Sun., Dec.11, 2011 8:56 p.m."
"CO-47-IAH-LAX2011-12-11","ActualArrivalTime","Sun., Dec.11, 2011 9:14 p.m."
