"ObjectID","PropertyID","PropertyValue"
"AA-1221-MCO-ORD2011-12-27","ExpectedDepartureTime","December 27, 2011               08:00 PM    "
"AA-1221-MCO-ORD2011-12-27","ActualDepartureTime","December 27, 2011               07:54 PM    "
"AA-1221-MCO-ORD2011-12-27","DepartureGate"," 15"
"AA-1221-MCO-ORD2011-12-27","ExpectedArrivalTime","December 27, 2011               09:50 PM    "
"AA-1221-MCO-ORD2011-12-27","ActualArrivalTime","December 27, 2011               09:45 PM    "
"AA-1221-MCO-ORD2011-12-27","ArrivalGate"," K5    "
"AA-4307-ORD-DTW2011-12-27","ExpectedDepartureTime","December 27, 2011               06:45 PM    "
"AA-4307-ORD-DTW2011-12-27","ActualDepartureTime","December 27, 2011               06:45 PM    "
"AA-4307-ORD-DTW2011-12-27","DepartureGate"," G19A"
"AA-4307-ORD-DTW2011-12-27","ExpectedArrivalTime","December 27, 2011               09:10 PM    "
"AA-4307-ORD-DTW2011-12-27","ActualArrivalTime","December 27, 2011               09:09 PM    "
"AA-4307-ORD-DTW2011-12-27","ArrivalGate"," D28    "
"AA-616-DFW-DTW2011-12-27","ExpectedDepartureTime","December 27, 2011               09:05 AM    "
"AA-616-DFW-DTW2011-12-27","ActualDepartureTime","December 27, 2011               09:03 AM    "
"AA-616-DFW-DTW2011-12-27","DepartureGate"," A19"
"AA-616-DFW-DTW2011-12-27","ExpectedArrivalTime","December 27, 2011               12:35 PM    "
"AA-616-DFW-DTW2011-12-27","ActualArrivalTime","December 27, 2011               12:41 PM    "
"AA-616-DFW-DTW2011-12-27","ArrivalGate"," D32    "
"AA-431-MIA-SFO2011-12-27","ExpectedDepartureTime","December 27, 2011               08:35 AM    "
"AA-431-MIA-SFO2011-12-27","ActualDepartureTime","December 27, 2011               08:36 AM    "
"AA-431-MIA-SFO2011-12-27","DepartureGate"," D3"
"AA-431-MIA-SFO2011-12-27","ExpectedArrivalTime","December 27, 2011               11:50 AM    "
"AA-431-MIA-SFO2011-12-27","ActualArrivalTime","December 27, 2011               11:33 AM    "
"AA-431-MIA-SFO2011-12-27","ArrivalGate"," 57    "
"AA-3756-ORD-SLC2011-12-27","ExpectedDepartureTime","December 27, 2011               12:15 PM    "
"AA-3756-ORD-SLC2011-12-27","ActualDepartureTime","December 27, 2011               12:08 PM    "
"AA-3756-ORD-SLC2011-12-27","DepartureGate"," G19"
"AA-3756-ORD-SLC2011-12-27","ExpectedArrivalTime","December 27, 2011               02:45 PM    "
"AA-3756-ORD-SLC2011-12-27","ActualArrivalTime","December 27, 2011               02:27 PM    "
"AA-3756-ORD-SLC2011-12-27","ArrivalGate"," A1    "
"AA-2050-ORD-MIA2011-12-27","ExpectedDepartureTime","December 27, 2011               10:40 AM    "
"AA-2050-ORD-MIA2011-12-27","ActualDepartureTime","December 27, 2011               10:39 AM    "
"AA-2050-ORD-MIA2011-12-27","DepartureGate"," K15"
"AA-2050-ORD-MIA2011-12-27","ExpectedArrivalTime","December 27, 2011               02:45 PM    "
"AA-2050-ORD-MIA2011-12-27","ActualArrivalTime","December 27, 2011               02:45 PM    "
"AA-2050-ORD-MIA2011-12-27","ArrivalGate"," D23    "
"AA-3804-PHL-ORD2011-12-27","ExpectedDepartureTime","December 27, 2011               02:35 PM    "
"AA-3804-PHL-ORD2011-12-27","ActualDepartureTime","December 27, 2011               02:37 PM    "
"AA-3804-PHL-ORD2011-12-27","DepartureGate"," A7"
"AA-3804-PHL-ORD2011-12-27","ExpectedArrivalTime","December 27, 2011               04:05 PM    "
"AA-3804-PHL-ORD2011-12-27","ActualArrivalTime","December 27, 2011               03:55 PM    "
"AA-3804-PHL-ORD2011-12-27","ArrivalGate"," H2    "
"AA-1664-MIA-ATL2011-12-27","ExpectedDepartureTime","December 27, 2011               10:15 AM    "
"AA-1664-MIA-ATL2011-12-27","ActualDepartureTime","December 27, 2011               10:18 AM    "
"AA-1664-MIA-ATL2011-12-27","DepartureGate"," D14"
"AA-1664-MIA-ATL2011-12-27","ExpectedArrivalTime","December 27, 2011               12:10 PM    "
"AA-1664-MIA-ATL2011-12-27","ActualArrivalTime","December 27, 2011               12:30 PM    "
"AA-1664-MIA-ATL2011-12-27","ArrivalGate"," T11    "
"AA-789-ORD-DEN2011-12-27","ExpectedDepartureTime","December 27, 2011               01:05 PM    "
"AA-789-ORD-DEN2011-12-27","ActualDepartureTime","December 27, 2011               01:02 PM    "
"AA-789-ORD-DEN2011-12-27","DepartureGate"," H11A"
"AA-789-ORD-DEN2011-12-27","ExpectedArrivalTime","December 27, 2011               02:35 PM    "
"AA-789-ORD-DEN2011-12-27","ActualArrivalTime","December 27, 2011               02:26 PM    "
"AA-789-ORD-DEN2011-12-27","ArrivalGate"," A49    "
"AA-1733-ORD-PHX2011-12-27","ExpectedDepartureTime","December 27, 2011               07:45 PM    "
"AA-1733-ORD-PHX2011-12-27","ActualDepartureTime","December 27, 2011               08:12 PM    "
"AA-1733-ORD-PHX2011-12-27","DepartureGate"," H10"
"AA-1733-ORD-PHX2011-12-27","ExpectedArrivalTime","December 27, 2011               10:30 PM    "
"AA-1733-ORD-PHX2011-12-27","ActualArrivalTime","December 27, 2011     "
"AA-1733-ORD-PHX2011-12-27","ArrivalGate"," 6    "
"AA-1733-ORD-PHX2011-12-27","ExpectedDepartureTime","December 27, 2011               07:45 PM    "
"AA-1733-ORD-PHX2011-12-27","ActualDepartureTime","December 27, 2011               08:12 PM    "
"AA-1733-ORD-PHX2011-12-27","DepartureGate"," H10"
"AA-1733-ORD-PHX2011-12-27","ExpectedArrivalTime","December 27, 2011               10:30 PM    "
"AA-1733-ORD-PHX2011-12-27","ActualArrivalTime","December 27, 2011     "
"AA-1733-ORD-PHX2011-12-27","ArrivalGate"," 6    "
"AA-4277-CVG-JFK2011-12-27","ExpectedDepartureTime","December 27, 2011               12:10 PM    "
"AA-4277-CVG-JFK2011-12-27","ActualDepartureTime","December 27, 2011               12:57 PM    "
"AA-4277-CVG-JFK2011-12-27","DepartureGate"," 1"
"AA-4277-CVG-JFK2011-12-27","ExpectedArrivalTime","December 27, 2011               02:15 PM    "
"AA-4277-CVG-JFK2011-12-27","ActualArrivalTime","December 27, 2011               03:12 PM    "
"AA-4277-CVG-JFK2011-12-27","ArrivalGate"," 32I    "
"AA-2312-DFW-DTW2011-12-27","ExpectedDepartureTime","December 27, 2011               08:25 PM    "
"AA-2312-DFW-DTW2011-12-27","ActualDepartureTime","December 27, 2011     "
"AA-2312-DFW-DTW2011-12-27","DepartureGate"," A38"
"AA-2312-DFW-DTW2011-12-27","ExpectedArrivalTime","December 27, 2011               11:50 PM    "
"AA-2312-DFW-DTW2011-12-27","ActualArrivalTime","December 27, 2011     "
"AA-2312-DFW-DTW2011-12-27","ArrivalGate"," D32    "
"AA-85-JFK-SFO2011-12-27","ExpectedDepartureTime","December 27, 2011               03:05 PM    "
"AA-85-JFK-SFO2011-12-27","ActualDepartureTime","December 27, 2011               03:01 PM    "
"AA-85-JFK-SFO2011-12-27","DepartureGate"," 41"
"AA-85-JFK-SFO2011-12-27","ExpectedArrivalTime","December 27, 2011               06:30 PM    "
"AA-85-JFK-SFO2011-12-27","ActualArrivalTime","December 27, 2011               06:22 PM    "
"AA-85-JFK-SFO2011-12-27","ArrivalGate"," 58B    "
"AA-404-MIA-MCO2011-12-27","ExpectedDepartureTime","December 27, 2011               06:45 AM    "
"AA-404-MIA-MCO2011-12-27","ActualDepartureTime","December 27, 2011               06:41 AM    "
"AA-404-MIA-MCO2011-12-27","DepartureGate"," D43"
"AA-404-MIA-MCO2011-12-27","ExpectedArrivalTime","December 27, 2011               07:45 AM    "
"AA-404-MIA-MCO2011-12-27","ActualArrivalTime","December 27, 2011               07:42 AM    "
"AA-404-MIA-MCO2011-12-27","ArrivalGate"," 14    "
"AA-446-DFW-PHL2011-12-27","ExpectedDepartureTime","December 27, 2011               11:50 AM    "
"AA-446-DFW-PHL2011-12-27","ActualDepartureTime","December 27, 2011               11:48 AM    "
"AA-446-DFW-PHL2011-12-27","DepartureGate"," D34"
"AA-446-DFW-PHL2011-12-27","ExpectedArrivalTime","December 27, 2011               03:50 PM    "
"AA-446-DFW-PHL2011-12-27","ActualArrivalTime","December 27, 2011               04:05 PM    "
"AA-446-DFW-PHL2011-12-27","ArrivalGate"," A9    "
"AA-2268-PHX-ORD2011-12-27","ExpectedDepartureTime","December 27, 2011               07:15 AM    "
"AA-2268-PHX-ORD2011-12-27","ActualDepartureTime","December 27, 2011               07:11 AM    "
"AA-2268-PHX-ORD2011-12-27","DepartureGate"," 6"
"AA-2268-PHX-ORD2011-12-27","ExpectedArrivalTime","December 27, 2011               11:35 AM    "
"AA-2268-PHX-ORD2011-12-27","ActualArrivalTime","December 27, 2011               11:19 AM    "
"AA-2268-PHX-ORD2011-12-27","ArrivalGate"," K9    "
"AA-4344-ORD-DTW2011-12-27","ExpectedDepartureTime","December 27, 2011               11:45 AM    "
"AA-4344-ORD-DTW2011-12-27","ActualDepartureTime","December 27, 2011               11:50 AM    "
"AA-4344-ORD-DTW2011-12-27","DepartureGate"," G2B"
"AA-4344-ORD-DTW2011-12-27","ExpectedArrivalTime","December 27, 2011               02:00 PM    "
"AA-4344-ORD-DTW2011-12-27","ActualArrivalTime","December 27, 2011               02:13 PM    "
"AA-4344-ORD-DTW2011-12-27","ArrivalGate"," D28    "
"AA-484-DFW-MIA2011-12-27","ExpectedDepartureTime","December 27, 2011               04:15 PM    "
"AA-484-DFW-MIA2011-12-27","ActualDepartureTime","December 27, 2011               04:16 PM    "
"AA-484-DFW-MIA2011-12-27","DepartureGate"," D17"
"AA-484-DFW-MIA2011-12-27","ExpectedArrivalTime","December 27, 2011               07:55 PM    "
"AA-484-DFW-MIA2011-12-27","ActualArrivalTime","December 27, 2011               08:11 PM    "
"AA-484-DFW-MIA2011-12-27","ArrivalGate"," D11    "
"AA-3979-CVG-ORD2011-12-27","ExpectedDepartureTime","December 27, 2011               07:30 AM    "
"AA-3979-CVG-ORD2011-12-27","ActualDepartureTime","December 27, 2011               07:46 AM    "
"AA-3979-CVG-ORD2011-12-27","DepartureGate"," 1"
"AA-3979-CVG-ORD2011-12-27","ExpectedArrivalTime","December 27, 2011               08:00 AM    "
"AA-3979-CVG-ORD2011-12-27","ActualArrivalTime","December 27, 2011               08:07 AM    "
"AA-3979-CVG-ORD2011-12-27","ArrivalGate"," H4    "
"AA-3063-SLC-LAX2011-12-27","ExpectedDepartureTime","December 27, 2011               08:20 PM    "
"AA-3063-SLC-LAX2011-12-27","ActualDepartureTime","December 27, 2011               08:16 PM    "
"AA-3063-SLC-LAX2011-12-27","DepartureGate"," A3"
"AA-3063-SLC-LAX2011-12-27","ExpectedArrivalTime","December 27, 2011               09:20 PM    "
"AA-3063-SLC-LAX2011-12-27","ActualArrivalTime","December 27, 2011     "
"AA-3063-SLC-LAX2011-12-27","ArrivalGate"," 44H    "
"AA-3859-IAH-ORD2011-12-27","ExpectedDepartureTime","December 27, 2011               07:10 AM    "
"AA-3859-IAH-ORD2011-12-27","ActualDepartureTime","December 27, 2011               07:45 AM    "
"AA-3859-IAH-ORD2011-12-27","DepartureGate"," A29"
"AA-3859-IAH-ORD2011-12-27","ExpectedArrivalTime","December 27, 2011               09:40 AM    "
"AA-3859-IAH-ORD2011-12-27","ActualArrivalTime","December 27, 2011               10:04 AM    "
"AA-3859-IAH-ORD2011-12-27","ArrivalGate"," G17    "
"AA-3842-MSP-ORD2011-12-27","ExpectedDepartureTime","December 27, 2011               06:00 AM    "
"AA-3842-MSP-ORD2011-12-27","ActualDepartureTime","December 27, 2011               06:00 AM    "
"AA-3842-MSP-ORD2011-12-27","DepartureGate"," E12"
"AA-3842-MSP-ORD2011-12-27","ExpectedArrivalTime","December 27, 2011               07:30 AM    "
"AA-3842-MSP-ORD2011-12-27","ActualArrivalTime","December 27, 2011               07:34 AM    "
"AA-3842-MSP-ORD2011-12-27","ArrivalGate"," G3    "
"AA-1544-SAN-ORD2011-12-27","ExpectedDepartureTime","December 27, 2011               11:25 AM    "
"AA-1544-SAN-ORD2011-12-27","ActualDepartureTime","December 27, 2011               11:29 AM    "
"AA-1544-SAN-ORD2011-12-27","DepartureGate"," 27"
"AA-1544-SAN-ORD2011-12-27","ExpectedArrivalTime","December 27, 2011               05:25 PM    "
"AA-1544-SAN-ORD2011-12-27","ActualArrivalTime","December 27, 2011               05:32 PM    "
"AA-1544-SAN-ORD2011-12-27","ArrivalGate"," H6    "
"AA-649-ORD-SNA2011-12-27","ExpectedDepartureTime","December 27, 2011               01:30 PM    "
"AA-649-ORD-SNA2011-12-27","ActualDepartureTime","December 27, 2011     "
"AA-649-ORD-SNA2011-12-27","DepartureGate"," H12"
"AA-649-ORD-SNA2011-12-27","ExpectedArrivalTime","December 27, 2011               03:50 PM    "
"AA-649-ORD-SNA2011-12-27","ActualArrivalTime","December 27, 2011     "
"AA-649-ORD-SNA2011-12-27","ArrivalGate"," 7    "
"AA-1640-MIA-MCO2011-12-27","ExpectedDepartureTime","December 27, 2011               06:30 PM    "
"AA-1640-MIA-MCO2011-12-27","ActualDepartureTime","December 27, 2011     "
"AA-1640-MIA-MCO2011-12-27","DepartureGate"," D42"
"AA-1640-MIA-MCO2011-12-27","ExpectedArrivalTime","December 27, 2011               07:25 PM    "
"AA-1640-MIA-MCO2011-12-27","ActualArrivalTime","December 27, 2011     "
"AA-1640-MIA-MCO2011-12-27","ArrivalGate"," 14    "
"AA-518-MIA-JFK2011-12-27","ExpectedDepartureTime","December 27, 2011               06:30 AM    "
"AA-518-MIA-JFK2011-12-27","ActualDepartureTime","December 27, 2011               06:32 AM    "
"AA-518-MIA-JFK2011-12-27","DepartureGate"," D11"
"AA-518-MIA-JFK2011-12-27","ExpectedArrivalTime","December 27, 2011               09:15 AM    "
"AA-518-MIA-JFK2011-12-27","ActualArrivalTime","December 27, 2011               09:08 AM    "
"AA-518-MIA-JFK2011-12-27","ArrivalGate"," 12    "
"AA-2525-DFW-MIA2011-12-27","ExpectedDepartureTime","December 27, 2011               07:25 AM    "
"AA-2525-DFW-MIA2011-12-27","ActualDepartureTime","December 27, 2011               07:36 AM    "
"AA-2525-DFW-MIA2011-12-27","DepartureGate"," D30"
"AA-2525-DFW-MIA2011-12-27","ExpectedArrivalTime","December 27, 2011               11:10 AM    "
"AA-2525-DFW-MIA2011-12-27","ActualArrivalTime","December 27, 2011               11:11 AM    "
"AA-2525-DFW-MIA2011-12-27","ArrivalGate"," D40    "
"AA-1279-DFW-PHX2011-12-27","ExpectedDepartureTime","December 27, 2011               01:00 PM    "
"AA-1279-DFW-PHX2011-12-27","ActualDepartureTime","December 27, 2011               01:01 PM    "
"AA-1279-DFW-PHX2011-12-27","DepartureGate"," C17"
"AA-1279-DFW-PHX2011-12-27","ExpectedArrivalTime","December 27, 2011               02:35 PM    "
"AA-1279-DFW-PHX2011-12-27","ActualArrivalTime","December 27, 2011               02:35 PM    "
"AA-1279-DFW-PHX2011-12-27","ArrivalGate"," 4    "
"AA-1522-SFO-ORD2011-12-27","ExpectedDepartureTime","December 27, 2011               11:55 PM    "
"AA-1522-SFO-ORD2011-12-27","ActualDepartureTime","December 27, 2011     "
"AA-1522-SFO-ORD2011-12-27","DepartureGate"," 57"
"AA-1522-SFO-ORD2011-12-27","ExpectedArrivalTime","December 28, 2011               05:50 AM    "
"AA-1522-SFO-ORD2011-12-27","ActualArrivalTime","December 28, 2011     "
"AA-1522-SFO-ORD2011-12-27","ArrivalGate"," H10    "
"AA-1434-DFW-MCO2011-12-27","ExpectedDepartureTime","December 27, 2011               07:15 AM    "
"AA-1434-DFW-MCO2011-12-27","ActualDepartureTime","December 27, 2011               07:43 AM    "
"AA-1434-DFW-MCO2011-12-27","DepartureGate"," C33"
"AA-1434-DFW-MCO2011-12-27","ExpectedArrivalTime","December 27, 2011               10:35 AM    "
"AA-1434-DFW-MCO2011-12-27","ActualArrivalTime","December 27, 2011               11:02 AM    "
"AA-1434-DFW-MCO2011-12-27","ArrivalGate"," 17    "
"AA-59-JFK-SFO2011-12-27","ExpectedDepartureTime","December 27, 2011               07:10 AM    "
"AA-59-JFK-SFO2011-12-27","ActualDepartureTime","December 27, 2011               07:10 AM    "
"AA-59-JFK-SFO2011-12-27","DepartureGate"," 40"
"AA-59-JFK-SFO2011-12-27","ExpectedArrivalTime","December 27, 2011               10:45 AM    "
"AA-59-JFK-SFO2011-12-27","ActualArrivalTime","December 27, 2011               10:36 AM    "
"AA-59-JFK-SFO2011-12-27","ArrivalGate"," 58B    "
"AA-415-BOS-ORD2011-12-27","ExpectedDepartureTime","December 27, 2011               08:35 AM    "
"AA-415-BOS-ORD2011-12-27","ActualDepartureTime","December 27, 2011               08:31 AM    "
"AA-415-BOS-ORD2011-12-27","DepartureGate"," B35"
"AA-415-BOS-ORD2011-12-27","ExpectedArrivalTime","December 27, 2011               10:40 AM    "
"AA-415-BOS-ORD2011-12-27","ActualArrivalTime","December 27, 2011               10:29 AM    "
"AA-415-BOS-ORD2011-12-27","ArrivalGate"," H12    "
"AA-222-LAX-BOS2011-12-27","ExpectedDepartureTime","December 27, 2011               07:10 AM    "
"AA-222-LAX-BOS2011-12-27","ActualDepartureTime","December 27, 2011               07:08 AM    "
"AA-222-LAX-BOS2011-12-27","DepartureGate"," 47B"
"AA-222-LAX-BOS2011-12-27","ExpectedArrivalTime","December 27, 2011               03:30 PM    "
"AA-222-LAX-BOS2011-12-27","ActualArrivalTime","December 27, 2011               03:20 PM    "
"AA-222-LAX-BOS2011-12-27","ArrivalGate"," B28    "
"AA-3823-LAX-DEN2011-12-27","ExpectedDepartureTime","December 27, 2011               09:00 PM    "
"AA-3823-LAX-DEN2011-12-27","ActualDepartureTime","December 27, 2011     "
"AA-3823-LAX-DEN2011-12-27","DepartureGate"," 44E"
"AA-3823-LAX-DEN2011-12-27","ExpectedArrivalTime","December 28, 2011               12:15 AM    "
"AA-3823-LAX-DEN2011-12-27","ActualArrivalTime","December 28, 2011     "
"AA-3823-LAX-DEN2011-12-27","ArrivalGate"," A49    "
"AA-1165-JFK-MIA2011-12-27","ExpectedDepartureTime","December 27, 2011               06:59 AM    "
"AA-1165-JFK-MIA2011-12-27","ActualDepartureTime","December 27, 2011               06:54 AM    "
"AA-1165-JFK-MIA2011-12-27","DepartureGate"," 43"
"AA-1165-JFK-MIA2011-12-27","ExpectedArrivalTime","December 27, 2011               10:34 AM    "
"AA-1165-JFK-MIA2011-12-27","ActualArrivalTime","December 27, 2011               10:01 AM    "
"AA-1165-JFK-MIA2011-12-27","ArrivalGate"," D25    "
"AA-3786-IAH-ORD2011-12-27","ExpectedDepartureTime","December 27, 2011               04:00 PM    "
"AA-3786-IAH-ORD2011-12-27","ActualDepartureTime","December 27, 2011               03:53 PM    "
"AA-3786-IAH-ORD2011-12-27","DepartureGate"," A29"
"AA-3786-IAH-ORD2011-12-27","ExpectedArrivalTime","December 27, 2011               06:40 PM    "
"AA-3786-IAH-ORD2011-12-27","ActualArrivalTime","December 27, 2011               06:32 PM    "
"AA-3786-IAH-ORD2011-12-27","ArrivalGate"," G19    "
"AA-3468-CVG-MIA2011-12-27","ExpectedDepartureTime","December 27, 2011               07:00 AM    "
"AA-3468-CVG-MIA2011-12-27","ActualDepartureTime","December 27, 2011               07:07 AM    "
"AA-3468-CVG-MIA2011-12-27","DepartureGate"," 1"
"AA-3468-CVG-MIA2011-12-27","ExpectedArrivalTime","December 27, 2011               09:55 AM    "
"AA-3468-CVG-MIA2011-12-27","ActualArrivalTime","December 27, 2011               10:11 AM    "
"AA-3468-CVG-MIA2011-12-27","ArrivalGate"," D60K    "
"AA-204-LAX-MCO2011-12-27","ExpectedDepartureTime","December 27, 2011               11:25 PM    "
"AA-204-LAX-MCO2011-12-27","ActualDepartureTime","December 27, 2011     "
"AA-204-LAX-MCO2011-12-27","DepartureGate"," 47A"
"AA-204-LAX-MCO2011-12-27","ExpectedArrivalTime","December 28, 2011               06:55 AM    "
"AA-204-LAX-MCO2011-12-27","ActualArrivalTime","December 28, 2011     "
"AA-204-LAX-MCO2011-12-27","ArrivalGate"," TBA    "
"AA-466-IAH-MIA2011-12-27","ExpectedDepartureTime","December 27, 2011               06:00 AM    "
"AA-466-IAH-MIA2011-12-27","ActualDepartureTime","December 27, 2011               05:57 AM    "
"AA-466-IAH-MIA2011-12-27","DepartureGate"," A27"
"AA-466-IAH-MIA2011-12-27","ExpectedArrivalTime","December 27, 2011               09:20 AM    "
"AA-466-IAH-MIA2011-12-27","ActualArrivalTime","December 27, 2011               09:03 AM    "
"AA-466-IAH-MIA2011-12-27","ArrivalGate"," D14    "
"AA-3-JFK-LAX2011-12-27","ExpectedDepartureTime","December 27, 2011               12:00 PM    "
"AA-3-JFK-LAX2011-12-27","ActualDepartureTime","December 27, 2011               11:56 AM    "
"AA-3-JFK-LAX2011-12-27","DepartureGate"," 40"
"AA-3-JFK-LAX2011-12-27","ExpectedArrivalTime","December 27, 2011               03:15 PM    "
"AA-3-JFK-LAX2011-12-27","ActualArrivalTime","December 27, 2011               02:49 PM    "
"AA-3-JFK-LAX2011-12-27","ArrivalGate"," 46A    "
"AA-1007-MIA-PHX2011-12-27","ExpectedDepartureTime","December 27, 2011               04:55 PM    "
"AA-1007-MIA-PHX2011-12-27","ActualDepartureTime","December 27, 2011               04:48 PM    "
"AA-1007-MIA-PHX2011-12-27","DepartureGate"," D39"
"AA-1007-MIA-PHX2011-12-27","ExpectedArrivalTime","December 27, 2011               08:05 PM    "
"AA-1007-MIA-PHX2011-12-27","ActualArrivalTime","December 27, 2011               07:51 PM    "
"AA-1007-MIA-PHX2011-12-27","ArrivalGate"," 6    "
"AA-271-MIA-LAX2011-12-27","ExpectedDepartureTime","December 27, 2011               11:35 AM    "
"AA-271-MIA-LAX2011-12-27","ActualDepartureTime","December 27, 2011               11:40 AM    "
"AA-271-MIA-LAX2011-12-27","DepartureGate"," D10"
"AA-271-MIA-LAX2011-12-27","ExpectedArrivalTime","December 27, 2011               02:25 PM    "
"AA-271-MIA-LAX2011-12-27","ActualArrivalTime","December 27, 2011               02:17 PM    "
"AA-271-MIA-LAX2011-12-27","ArrivalGate"," 42A    "
"AA-643-MIA-ORD2011-12-27","ExpectedDepartureTime","December 27, 2011               07:10 AM    "
"AA-643-MIA-ORD2011-12-27","ActualDepartureTime","December 27, 2011               07:08 AM    "
"AA-643-MIA-ORD2011-12-27","DepartureGate"," D16"
"AA-643-MIA-ORD2011-12-27","ExpectedArrivalTime","December 27, 2011               09:35 AM    "
"AA-643-MIA-ORD2011-12-27","ActualArrivalTime","December 27, 2011               09:20 AM    "
"AA-643-MIA-ORD2011-12-27","ArrivalGate"," K15    "
"AA-4198-ORD-CLE2011-12-27","ExpectedDepartureTime","December 27, 2011               10:40 AM    "
"AA-4198-ORD-CLE2011-12-27","ActualDepartureTime","December 27, 2011               10:35 AM    "
"AA-4198-ORD-CLE2011-12-27","DepartureGate"," G6B"
"AA-4198-ORD-CLE2011-12-27","ExpectedArrivalTime","December 27, 2011               12:55 PM    "
"AA-4198-ORD-CLE2011-12-27","ActualArrivalTime","December 27, 2011               12:41 PM    "
"AA-4198-ORD-CLE2011-12-27","ArrivalGate"," A1    "
"AA-400-DFW-JFK2011-12-27","ExpectedDepartureTime","December 27, 2011               10:40 AM    "
"AA-400-DFW-JFK2011-12-27","ActualDepartureTime","December 27, 2011               10:43 AM    "
"AA-400-DFW-JFK2011-12-27","DepartureGate"," C7"
"AA-400-DFW-JFK2011-12-27","ExpectedArrivalTime","December 27, 2011               02:59 PM    "
"AA-400-DFW-JFK2011-12-27","ActualArrivalTime","December 27, 2011               03:04 PM    "
"AA-400-DFW-JFK2011-12-27","ArrivalGate"," 38    "
"AA-1886-BOS-MIA2011-12-27","ExpectedDepartureTime","December 27, 2011               10:45 AM    "
"AA-1886-BOS-MIA2011-12-27","ActualDepartureTime","December 27, 2011               10:42 AM    "
"AA-1886-BOS-MIA2011-12-27","DepartureGate"," B35"
"AA-1886-BOS-MIA2011-12-27","ExpectedArrivalTime","December 27, 2011               02:20 PM    "
"AA-1886-BOS-MIA2011-12-27","ActualArrivalTime","December 27, 2011               02:11 PM    "
"AA-1886-BOS-MIA2011-12-27","ArrivalGate"," D24    "
"AA-1917-JFK-MCO2011-12-27","ExpectedDepartureTime","December 27, 2011               02:55 PM    "
"AA-1917-JFK-MCO2011-12-27","ActualDepartureTime","December 27, 2011               03:02 PM    "
"AA-1917-JFK-MCO2011-12-27","DepartureGate"," 2"
"AA-1917-JFK-MCO2011-12-27","ExpectedArrivalTime","December 27, 2011               05:55 PM    "
"AA-1917-JFK-MCO2011-12-27","ActualArrivalTime","December 27, 2011               06:18 PM    "
"AA-1917-JFK-MCO2011-12-27","ArrivalGate"," 16    "
"AA-3809-PHX-LAX2011-12-27","ExpectedDepartureTime","December 27, 2011               06:00 AM    "
"AA-3809-PHX-LAX2011-12-27","ActualDepartureTime","December 27, 2011               06:06 AM    "
"AA-3809-PHX-LAX2011-12-27","DepartureGate"," 2"
"AA-3809-PHX-LAX2011-12-27","ExpectedArrivalTime","December 27, 2011               06:40 AM    "
"AA-3809-PHX-LAX2011-12-27","ActualArrivalTime","December 27, 2011               06:30 AM    "
"AA-3809-PHX-LAX2011-12-27","ArrivalGate"," 44E    "
"AA-2957-DFW-CVG2011-12-27","ExpectedDepartureTime","December 27, 2011               07:55 AM    "
"AA-2957-DFW-CVG2011-12-27","ActualDepartureTime","December 27, 2011               07:55 AM    "
"AA-2957-DFW-CVG2011-12-27","DepartureGate"," B9B"
"AA-2957-DFW-CVG2011-12-27","ExpectedArrivalTime","December 27, 2011               11:05 AM    "
"AA-2957-DFW-CVG2011-12-27","ActualArrivalTime","December 27, 2011               11:03 AM    "
"AA-2957-DFW-CVG2011-12-27","ArrivalGate"," 3    "
"UA-1500-IAH-GUA2011-12-27","ExpectedDepartureTime","Tue, Dec 27 8:50 AM"
"UA-1500-IAH-GUA2011-12-27","ActualDepartureTime","Tue, Dec 27 8:59 AM            Delayed"
"UA-1500-IAH-GUA2011-12-27","DepartureGate","E9"
"UA-1500-IAH-GUA2011-12-27","ExpectedArrivalTime","Tue, Dec 27 11:43 AM"
"UA-1500-IAH-GUA2011-12-27","ActualArrivalTime","Tue, Dec 27 11:43 AM"
"UA-1500-IAH-GUA2011-12-27","ArrivalGate","15"
"UA-3515-IAD-MSP2011-12-27","ExpectedDepartureTime","Tue, Dec 27 8:19 AM"
"UA-3515-IAD-MSP2011-12-27","ActualDepartureTime","Tue, Dec 27 8:49 AM"
"UA-3515-IAD-MSP2011-12-27","DepartureGate","D18"
"UA-3515-IAD-MSP2011-12-27","ExpectedArrivalTime","Tue, Dec 27 10:09 AM"
"UA-3515-IAD-MSP2011-12-27","ActualArrivalTime","Tue, Dec 27 10:40 AM"
"UA-3515-IAD-MSP2011-12-27","ArrivalGate","E10"
"UA-664-ORD-PHL2011-12-27","ExpectedDepartureTime","Tue, Dec 27 1:35 PM"
"UA-664-ORD-PHL2011-12-27","ActualDepartureTime","Tue, Dec 27 1:43 PM            Delayed"
"UA-664-ORD-PHL2011-12-27","DepartureGate","B8"
"UA-664-ORD-PHL2011-12-27","ExpectedArrivalTime","Tue, Dec 27 4:38 PM"
"UA-664-ORD-PHL2011-12-27","ActualArrivalTime","Tue, Dec 27 4:59 PM"
"UA-664-ORD-PHL2011-12-27","ArrivalGate","D9"
"UA-414-LAX-SFO2011-12-27","ExpectedDepartureTime","Tue, Dec 27 6:00 AM"
"UA-414-LAX-SFO2011-12-27","ActualDepartureTime","Tue, Dec 27 5:56 AM"
"UA-414-LAX-SFO2011-12-27","DepartureGate","86"
"UA-414-LAX-SFO2011-12-27","ExpectedArrivalTime","Tue, Dec 27 7:26 AM"
"UA-414-LAX-SFO2011-12-27","ActualArrivalTime","Tue, Dec 27 7:07 AM"
"UA-414-LAX-SFO2011-12-27","ArrivalGate","72"
"UA-257-JFK-SFO2011-12-27","ExpectedDepartureTime","Tue, Dec 27 2:30 PM"
"UA-257-JFK-SFO2011-12-27","ActualDepartureTime","Tue, Dec 27 2:26 PM"
"UA-257-JFK-SFO2011-12-27","DepartureGate","10"
"UA-257-JFK-SFO2011-12-27","ExpectedArrivalTime","Tue, Dec 27 6:14 PM"
"UA-257-JFK-SFO2011-12-27","ActualArrivalTime","Tue, Dec 27 5:18 PM"
"UA-257-JFK-SFO2011-12-27","ArrivalGate","84"
"UA-62-IAH-EWR2011-12-27","ExpectedDepartureTime","Tue, Dec 27 2:30 PM"
"UA-62-IAH-EWR2011-12-27","ActualDepartureTime","Tue, Dec 27 2:30 PM"
"UA-62-IAH-EWR2011-12-27","DepartureGate","E17"
"UA-62-IAH-EWR2011-12-27","ExpectedArrivalTime","Tue, Dec 27 7:03 PM"
"UA-62-IAH-EWR2011-12-27","ActualArrivalTime","Tue, Dec 27 6:45 PM"
"UA-62-IAH-EWR2011-12-27","ArrivalGate","C126"
"UA-843-LAX-ORD2011-12-27","ExpectedDepartureTime","Tue, Dec 27 2:10 PM"
"UA-843-LAX-ORD2011-12-27","ActualDepartureTime","Tue, Dec 27 2:11 PM"
"UA-843-LAX-ORD2011-12-27","DepartureGate","73"
"UA-843-LAX-ORD2011-12-27","ExpectedArrivalTime","Tue, Dec 27 8:12 PM"
"UA-843-LAX-ORD2011-12-27","ActualArrivalTime","Tue, Dec 27 7:56 PM"
"UA-843-LAX-ORD2011-12-27","ArrivalGate","C23"
"UA-248-PHX-ORD2011-12-27","ExpectedDepartureTime","Tue, Dec 27 12:52 PM"
"UA-248-PHX-ORD2011-12-27","ActualDepartureTime","Tue, Dec 27 12:52 PM            On Time"
"UA-248-PHX-ORD2011-12-27","DepartureGate","3"
"UA-248-PHX-ORD2011-12-27","ExpectedArrivalTime","Tue, Dec 27 5:13 PM"
"UA-248-PHX-ORD2011-12-27","ActualArrivalTime","Tue, Dec 27 5:08 PM"
"UA-248-PHX-ORD2011-12-27","ArrivalGate","B11"
"UA-248-PHX-ORD2011-12-27","ExpectedDepartureTime","Tue, Dec 27 12:52 PM"
"UA-248-PHX-ORD2011-12-27","ActualDepartureTime","Tue, Dec 27 12:47 PM            On Time"
"UA-248-PHX-ORD2011-12-27","DepartureGate","3"
"UA-248-PHX-ORD2011-12-27","ExpectedArrivalTime","Tue, Dec 27 5:13 PM"
"UA-248-PHX-ORD2011-12-27","ActualArrivalTime","Tue, Dec 27 5:02 PM"
"UA-248-PHX-ORD2011-12-27","ArrivalGate","B17"
"UA-397-JFK-SFO2011-12-27","ExpectedDepartureTime","Tue, Dec 27 8:25 AM"
"UA-397-JFK-SFO2011-12-27","ActualDepartureTime","Tue, Dec 27 8:25 AM"
"UA-397-JFK-SFO2011-12-27","DepartureGate","8"
"UA-397-JFK-SFO2011-12-27","ExpectedArrivalTime","Tue, Dec 27 12:14 PM"
"UA-397-JFK-SFO2011-12-27","ActualArrivalTime","Tue, Dec 27 11:40 AM"
"UA-397-JFK-SFO2011-12-27","ArrivalGate","80"
"UA-2704-DTW-PHX2011-12-27","ExpectedDepartureTime","Tue, Dec 27 11:15 AM"
"UA-2704-DTW-PHX2011-12-27","ActualDepartureTime","Tue, Dec 27 11:15 AM"
"UA-2704-DTW-PHX2011-12-27","DepartureGate","D14"
"UA-2704-DTW-PHX2011-12-27","ExpectedArrivalTime","Tue, Dec 27 1:40 PM"
"UA-2704-DTW-PHX2011-12-27","ActualArrivalTime","Tue, Dec 27 1:23 PM"
"UA-2704-DTW-PHX2011-12-27","ArrivalGate","A3"
"UA-2515-DFW-CLT2011-12-27","ExpectedDepartureTime","Tue, Dec 27 7:00 AM"
"UA-2515-DFW-CLT2011-12-27","ActualDepartureTime","Tue, Dec 27 7:00 AM"
"UA-2515-DFW-CLT2011-12-27","DepartureGate","E35"
"UA-2515-DFW-CLT2011-12-27","ExpectedArrivalTime","Tue, Dec 27 10:26 AM"
"UA-2515-DFW-CLT2011-12-27","ActualArrivalTime","Tue, Dec 27 10:30 AM"
"UA-2515-DFW-CLT2011-12-27","ArrivalGate","B10"
"UA-3373-IAD-PHL2011-12-27","ExpectedDepartureTime","Tue, Dec 27 8:30 AM"
"UA-3373-IAD-PHL2011-12-27","ActualDepartureTime","Tue, Dec 27 8:29 AM"
"UA-3373-IAD-PHL2011-12-27","DepartureGate","C20"
"UA-3373-IAD-PHL2011-12-27","ExpectedArrivalTime","Tue, Dec 27 9:25 AM"
"UA-3373-IAD-PHL2011-12-27","ActualArrivalTime","Tue, Dec 27 9:24 AM"
"UA-3373-IAD-PHL2011-12-27","ArrivalGate","D7"
"UA-2906-PHL-MCO2011-12-27","ExpectedDepartureTime","Tue, Dec 27 3:50 PM"
"UA-2906-PHL-MCO2011-12-27","ActualDepartureTime","Tue, Dec 27 3:50 PM            Delayed"
"UA-2906-PHL-MCO2011-12-27","DepartureGate","B15"
"UA-2906-PHL-MCO2011-12-27","ExpectedArrivalTime","Tue, Dec 27 6:23 PM"
"UA-2906-PHL-MCO2011-12-27","ActualArrivalTime","Tue, Dec 27 6:39 PM"
"UA-2906-PHL-MCO2011-12-27","ArrivalGate","58"
"UA-938-DEN-ORD2011-12-27","ExpectedDepartureTime","Tue, Dec 27 3:54 PM"
"UA-938-DEN-ORD2011-12-27","ActualDepartureTime","Tue, Dec 27 3:50 PM"
"UA-938-DEN-ORD2011-12-27","DepartureGate","B26"
"UA-938-DEN-ORD2011-12-27","ExpectedArrivalTime","Tue, Dec 27 7:17 PM"
"UA-938-DEN-ORD2011-12-27","ActualArrivalTime","Tue, Dec 27 7:14 PM"
"UA-938-DEN-ORD2011-12-27","ArrivalGate","C17"
"UA-3099-PHX-PHL2011-12-27","ExpectedDepartureTime","Tue, Dec 27 11:55 AM"
"UA-3099-PHX-PHL2011-12-27","ActualDepartureTime","Tue, Dec 27 11:55 AM"
"UA-3099-PHX-PHL2011-12-27","DepartureGate","A11"
"UA-3099-PHX-PHL2011-12-27","ExpectedArrivalTime","Tue, Dec 27 6:17 PM"
"UA-3099-PHX-PHL2011-12-27","ActualArrivalTime","Tue, Dec 27 6:57 PM"
"UA-3099-PHX-PHL2011-12-27","ArrivalGate","C27"
"UA-3925-IAD-ORF2011-12-27","ExpectedDepartureTime","Tue, Dec 27 8:42 AM"
"UA-3925-IAD-ORF2011-12-27","ActualDepartureTime","Tue, Dec 27 8:43 AM"
"UA-3925-IAD-ORF2011-12-27","DepartureGate","A2G"
"UA-3925-IAD-ORF2011-12-27","ExpectedArrivalTime","Tue, Dec 27 9:55 AM"
"UA-3925-IAD-ORF2011-12-27","ActualArrivalTime","Tue, Dec 27 9:40 AM"
"UA-5487-SFO-MRY2011-12-27","ExpectedDepartureTime","Tue, Dec 27 10:37 AM"
"UA-5487-SFO-MRY2011-12-27","ActualDepartureTime","Tue, Dec 27 11:49 AM"
"UA-5487-SFO-MRY2011-12-27","DepartureGate","78A"
"UA-5487-SFO-MRY2011-12-27","ExpectedArrivalTime","Tue, Dec 27 11:24 AM"
"UA-5487-SFO-MRY2011-12-27","ActualArrivalTime","Tue, Dec 27 12:33 PM"
"UA-3050-PHX-CLT2011-12-27","ExpectedDepartureTime","Tue, Dec 27 11:05 AM"
"UA-3050-PHX-CLT2011-12-27","ActualDepartureTime","Tue, Dec 27 11:05 AM"
"UA-3050-PHX-CLT2011-12-27","DepartureGate","A3"
"UA-3050-PHX-CLT2011-12-27","ExpectedArrivalTime","Tue, Dec 27 4:57 PM"
"UA-3050-PHX-CLT2011-12-27","ActualArrivalTime","Tue, Dec 27 4:52 PM"
"UA-3050-PHX-CLT2011-12-27","ArrivalGate","B16"
"UA-828-SFO-ORD2011-12-27","ExpectedDepartureTime","Tue, Dec 27 11:13 PM"
"UA-828-SFO-ORD2011-12-27","ActualDepartureTime","Tue, Dec 27 11:13 PM            On Time"
"UA-828-SFO-ORD2011-12-27","DepartureGate","87"
"UA-828-SFO-ORD2011-12-27","ExpectedArrivalTime","Wed, Dec 28 5:15 AM"
"UA-828-SFO-ORD2011-12-27","ActualArrivalTime","Wed, Dec 28 5:15 AM"
"UA-828-SFO-ORD2011-12-27","ArrivalGate","C11"
"UA-2830-MCO-CLT2011-12-27","ExpectedDepartureTime","Tue, Dec 27 3:27 PM"
"UA-2830-MCO-CLT2011-12-27","ActualDepartureTime","Tue, Dec 27 4:05 PM"
"UA-2830-MCO-CLT2011-12-27","DepartureGate","58"
"UA-2830-MCO-CLT2011-12-27","ExpectedArrivalTime","Tue, Dec 27 5:05 PM"
"UA-2830-MCO-CLT2011-12-27","ActualArrivalTime","Tue, Dec 27 5:40 PM"
"UA-2830-MCO-CLT2011-12-27","ArrivalGate","B6"
"UA-37-EWR-MCO2011-12-27","ExpectedDepartureTime","Tue, Dec 27 1:29 PM"
"UA-37-EWR-MCO2011-12-27","ActualDepartureTime","Tue, Dec 27 3:17 PM            Delayed"
"UA-37-EWR-MCO2011-12-27","DepartureGate","C125"
"UA-37-EWR-MCO2011-12-27","ExpectedArrivalTime","Tue, Dec 27 4:22 PM"
"UA-37-EWR-MCO2011-12-27","ActualArrivalTime","Tue, Dec 27 5:56 PM"
"UA-37-EWR-MCO2011-12-27","ArrivalGate","39"
"UA-37-EDI-EWR2011-12-27","ExpectedDepartureTime","Tue, Dec 27 9:05 AM"
"UA-37-EDI-EWR2011-12-27","ActualDepartureTime","Tue, Dec 27 8:50 AM"
"UA-37-EDI-EWR2011-12-27","ExpectedArrivalTime","Tue, Dec 27 11:53 AM"
"UA-37-EDI-EWR2011-12-27","ActualArrivalTime","Tue, Dec 27 12:08 PM"
"UA-37-EDI-EWR2011-12-27","ArrivalGate","B57"
"UA-2708-EWR-CLT2011-12-27","ExpectedDepartureTime","Tue, Dec 27 2:55 PM"
"UA-2708-EWR-CLT2011-12-27","ActualDepartureTime","Tue, Dec 27 2:55 PM"
"UA-2708-EWR-CLT2011-12-27","DepartureGate","A37"
"UA-2708-EWR-CLT2011-12-27","ExpectedArrivalTime","Tue, Dec 27 4:53 PM"
"UA-2708-EWR-CLT2011-12-27","ActualArrivalTime","Tue, Dec 27 4:52 PM"
"UA-2708-EWR-CLT2011-12-27","ArrivalGate","C7"
"UA-233-LAX-JFK2011-12-27","ExpectedDepartureTime","Tue, Dec 27 4:25 PM"
"UA-233-LAX-JFK2011-12-27","ActualDepartureTime","Tue, Dec 27 4:25 PM"
"UA-233-LAX-JFK2011-12-27","DepartureGate","73"
"UA-233-LAX-JFK2011-12-27","ExpectedArrivalTime","Wed, Dec 28 12:44 AM"
"UA-233-LAX-JFK2011-12-27","ActualArrivalTime","Wed, Dec 28 12:44 AM"
"UA-233-LAX-JFK2011-12-27","ArrivalGate","7"
"UA-2726-FLL-PHL2011-12-27","ExpectedDepartureTime","Tue, Dec 27 4:00 PM"
"UA-2726-FLL-PHL2011-12-27","ActualDepartureTime","Tue, Dec 27 8:01 PM"
"UA-2726-FLL-PHL2011-12-27","DepartureGate","E3"
"UA-2726-FLL-PHL2011-12-27","ExpectedArrivalTime","Tue, Dec 27 6:46 PM"
"UA-2726-FLL-PHL2011-12-27","ActualArrivalTime","Tue, Dec 27 8:26 PM"
"UA-2726-FLL-PHL2011-12-27","ArrivalGate","C17"
"UA-2945-PHL-CLT2011-12-27","ExpectedDepartureTime","Tue, Dec 27 12:00 AM"
"UA-2945-PHL-CLT2011-12-27","ActualDepartureTime","Tue, Dec 27 1:12 AM"
"UA-2945-PHL-CLT2011-12-27","DepartureGate","C21"
"UA-2945-PHL-CLT2011-12-27","ExpectedArrivalTime","Tue, Dec 27 1:45 PM"
"UA-2945-PHL-CLT2011-12-27","ActualArrivalTime","Tue, Dec 27 2:16 PM"
"UA-2945-PHL-CLT2011-12-27","ArrivalGate","C12"
"UA-6273-YYC-SFO2011-12-27","ExpectedDepartureTime","Tue, Dec 27 7:45 AM"
"UA-6273-YYC-SFO2011-12-27","ActualDepartureTime","Tue, Dec 27 7:52 AM"
"UA-6273-YYC-SFO2011-12-27","ExpectedArrivalTime","Tue, Dec 27 9:53 AM"
"UA-6273-YYC-SFO2011-12-27","ActualArrivalTime","Tue, Dec 27 10:03 AM"
"UA-6273-YYC-SFO2011-12-27","ArrivalGate","77A"
"UA-2314-ATL-PHL2011-12-27","ExpectedDepartureTime","Tue, Dec 27 2:55 PM"
"UA-2314-ATL-PHL2011-12-27","ActualDepartureTime","Tue, Dec 27 2:55 PM"
"UA-2314-ATL-PHL2011-12-27","DepartureGate","D23"
"UA-2314-ATL-PHL2011-12-27","ExpectedArrivalTime","Tue, Dec 27 5:00 PM"
"UA-2314-ATL-PHL2011-12-27","ActualArrivalTime","Tue, Dec 27 5:18 PM"
"UA-2314-ATL-PHL2011-12-27","ArrivalGate","C26"
"UA-382-IAD-LAX2011-12-27","ExpectedDepartureTime","Tue, Dec 27 12:20 PM"
"UA-382-IAD-LAX2011-12-27","ActualDepartureTime","Tue, Dec 27 12:18 PM            On Time"
"UA-382-IAD-LAX2011-12-27","DepartureGate","C27"
"UA-382-IAD-LAX2011-12-27","ExpectedArrivalTime","Tue, Dec 27 3:08 PM"
"UA-382-IAD-LAX2011-12-27","ActualArrivalTime","Tue, Dec 27 2:32 PM"
"UA-382-IAD-LAX2011-12-27","ArrivalGate","75B"
"UA-382-IAD-LAX2011-12-27","ExpectedDepartureTime","Tue, Dec 27 12:20 PM"
"UA-382-IAD-LAX2011-12-27","ActualDepartureTime","Tue, Dec 27 12:18 PM            On Time"
"UA-382-IAD-LAX2011-12-27","DepartureGate","C27"
"UA-382-IAD-LAX2011-12-27","ExpectedArrivalTime","Tue, Dec 27 3:08 PM"
"UA-382-IAD-LAX2011-12-27","ActualArrivalTime","Tue, Dec 27 2:38 PM"
"UA-382-IAD-LAX2011-12-27","ArrivalGate","75B"
"UA-858-PVG-SFO2011-12-27","ExpectedDepartureTime","Tue, Dec 27 1:45 PM"
"UA-858-PVG-SFO2011-12-27","ActualDepartureTime","Tue, Dec 27 4:23 PM"
"UA-858-PVG-SFO2011-12-27","DepartureGate","75"
"UA-858-PVG-SFO2011-12-27","ExpectedArrivalTime","Tue, Dec 27 8:27 AM"
"UA-858-PVG-SFO2011-12-27","ActualArrivalTime","Tue, Dec 27 10:34 AM"
"UA-858-PVG-SFO2011-12-27","ArrivalGate","100"
"UA-854-SFO-IAH2011-12-27","ExpectedDepartureTime","Tue, Dec 27 7:35 AM"
"UA-854-SFO-IAH2011-12-27","ActualDepartureTime","Tue, Dec 27 7:34 AM"
"UA-854-SFO-IAH2011-12-27","DepartureGate","96"
"UA-854-SFO-IAH2011-12-27","ExpectedArrivalTime","Tue, Dec 27 1:30 PM"
"UA-854-SFO-IAH2011-12-27","ActualArrivalTime","Tue, Dec 27 1:24 PM"
"CO-1586-IAH-MCO2011-12-27","ExpectedDepartureTime","Tue., Dec.27, 2011 7:00 p.m."
"CO-1586-IAH-MCO2011-12-27","ActualDepartureTime","Tue., Dec.27, 2011 7:04 p.m."
"CO-1586-IAH-MCO2011-12-27","ExpectedArrivalTime","Tue., Dec.27, 2011 10:12 p.m."
"CO-1586-IAH-MCO2011-12-27","ActualArrivalTime","Tue., Dec.27, 2011 10:08 p.m."
"CO-1694-LAX-IAH2011-12-27","ExpectedDepartureTime","Tue., Dec.27, 2011 7:41 p.m."
"CO-1694-LAX-IAH2011-12-27","ActualDepartureTime","Tue., Dec.27, 2011 7:41 p.m."
"CO-1694-LAX-IAH2011-12-27","ExpectedArrivalTime","Tue., Dec.27, 2011 12:44 a.m."
"CO-1694-LAX-IAH2011-12-27","ActualArrivalTime","Tue., Dec.27, 2011 12:44 a.m."
"CO-1088-CLE-IAH2011-12-27","ExpectedDepartureTime","Tue., Dec.27, 2011 8:35 a.m."
"CO-1088-CLE-IAH2011-12-27","ActualDepartureTime","Tue., Dec.27, 2011 8:34 a.m."
"CO-1088-CLE-IAH2011-12-27","ExpectedArrivalTime","Tue., Dec.27, 2011 10:55 a.m."
"CO-1088-CLE-IAH2011-12-27","ActualArrivalTime","Tue., Dec.27, 2011 10:37 a.m."
"CO-16-LAX-EWR2011-12-27","ExpectedDepartureTime","Tue., Dec.27, 2011 10:25 a.m."
"CO-16-LAX-EWR2011-12-27","ActualDepartureTime","Tue., Dec.27, 2011 10:47 a.m."
"CO-16-LAX-EWR2011-12-27","ExpectedArrivalTime","Tue., Dec.27, 2011 6:39 p.m."
"CO-16-LAX-EWR2011-12-27","ActualArrivalTime","Tue., Dec.27, 2011 8:49 p.m."
"CO-58-DEN-IAH2011-12-27","ExpectedDepartureTime","Tue., Dec.27, 2011 11:30 a.m."
"CO-58-DEN-IAH2011-12-27","ActualDepartureTime","Tue., Dec.27, 2011 11:43 a.m."
"CO-58-DEN-IAH2011-12-27","ExpectedArrivalTime","Tue., Dec.27, 2011 2:56 p.m."
"CO-58-DEN-IAH2011-12-27","ActualArrivalTime","Tue., Dec.27, 2011 2:49 p.m."
"CO-1193-EWR-MCO2011-12-27","ExpectedDepartureTime","Tue., Dec.27, 2011 9:15 a.m."
"CO-1193-EWR-MCO2011-12-27","ActualDepartureTime","Tue., Dec.27, 2011 9:13 a.m."
"CO-1193-EWR-MCO2011-12-27","ExpectedArrivalTime","Tue., Dec.27, 2011 12:16 p.m."
"CO-1193-EWR-MCO2011-12-27","ActualArrivalTime","Tue., Dec.27, 2011 12:18 p.m."
"CO-1023-IAH-DEN2011-12-27","ExpectedDepartureTime","Tue., Dec.27, 2011 11:40 a.m."
"CO-1023-IAH-DEN2011-12-27","ActualDepartureTime","Tue., Dec.27, 2011 11:51 a.m."
"CO-1023-IAH-DEN2011-12-27","ExpectedArrivalTime","Tue., Dec.27, 2011 1:20 p.m."
"CO-1023-IAH-DEN2011-12-27","ActualArrivalTime","Tue., Dec.27, 2011 1:30 p.m."
"CO-1250-MIA-IAH2011-12-27","ExpectedDepartureTime","Tue., Dec.27, 2011 2:55 p.m."
"CO-1250-MIA-IAH2011-12-27","ActualDepartureTime","Tue., Dec.27, 2011 3:01 p.m."
"CO-1250-MIA-IAH2011-12-27","ExpectedArrivalTime","Tue., Dec.27, 2011 4:53 p.m."
"CO-1250-MIA-IAH2011-12-27","ActualArrivalTime","Tue., Dec.27, 2011 5:04 p.m."
"CO-62-IAH-EWR2011-12-27","ExpectedDepartureTime","Tue., Dec.27, 2011 2:30 p.m."
"CO-62-IAH-EWR2011-12-27","ActualDepartureTime","Tue., Dec.27, 2011 2:30 p.m."
"CO-62-IAH-EWR2011-12-27","ExpectedArrivalTime","Tue., Dec.27, 2011 7:03 p.m."
"CO-62-IAH-EWR2011-12-27","ActualArrivalTime","Tue., Dec.27, 2011 6:45 p.m."
"CO-52-IAH-LAX2011-12-27","ExpectedDepartureTime","Tue., Dec.27, 2011 7:35 a.m."
"CO-52-IAH-LAX2011-12-27","ActualDepartureTime","Tue., Dec.27, 2011 7:43 a.m."
"CO-52-IAH-LAX2011-12-27","ExpectedArrivalTime","Tue., Dec.27, 2011 9:30 a.m."
"CO-52-IAH-LAX2011-12-27","ActualArrivalTime","Tue., Dec.27, 2011 9:45 a.m."
"CO-1614-LAX-IAH2011-12-27","ExpectedDepartureTime","Tue., Dec.27, 2011 12:30 a.m."
"CO-1614-LAX-IAH2011-12-27","ActualDepartureTime","Tue., Dec.27, 2011 12:45 a.m."
"CO-1614-LAX-IAH2011-12-27","ExpectedArrivalTime","Tue., Dec.27, 2011 5:36 a.m."
"CO-1614-LAX-IAH2011-12-27","ActualArrivalTime","Tue., Dec.27, 2011 5:33 a.m."
"CO-89-IAH-EWR2011-12-27","ExpectedDepartureTime","Tue., Dec.27, 2011 6:00 a.m."
"CO-89-IAH-EWR2011-12-27","ActualDepartureTime","Tue., Dec.27, 2011 6:03 a.m."
"CO-89-IAH-EWR2011-12-27","ExpectedArrivalTime","Tue., Dec.27, 2011 10:20 a.m."
"CO-89-IAH-EWR2011-12-27","ActualArrivalTime","Tue., Dec.27, 2011 10:32 a.m."
"CO-1090-BOS-IAH2011-12-27","ExpectedDepartureTime","Tue., Dec.27, 2011 9:50 a.m."
"CO-1090-BOS-IAH2011-12-27","ActualDepartureTime","Tue., Dec.27, 2011 9:57 a.m."
"CO-1090-BOS-IAH2011-12-27","ExpectedArrivalTime","Tue., Dec.27, 2011 1:20 p.m."
"CO-1090-BOS-IAH2011-12-27","ActualArrivalTime","Tue., Dec.27, 2011 1:02 p.m."
"CO-45-EWR-MIA2011-12-27","ExpectedDepartureTime","Tue., Dec.27, 2011 3:50 p.m."
"CO-45-EWR-MIA2011-12-27","ActualDepartureTime","Tue., Dec.27, 2011 4:10 p.m."
"CO-45-EWR-MIA2011-12-27","ExpectedArrivalTime","Tue., Dec.27, 2011 7:05 p.m."
"CO-45-EWR-MIA2011-12-27","ActualArrivalTime","Tue., Dec.27, 2011 7:29 p.m."
"CO-63-EWR-IAH2011-12-27","ExpectedDepartureTime","Tue., Dec.27, 2011 5:25 p.m."
"CO-63-EWR-IAH2011-12-27","ActualDepartureTime","Tue., Dec.27, 2011 5:25 p.m."
"CO-63-EWR-IAH2011-12-27","ExpectedArrivalTime","Tue., Dec.27, 2011 8:30 p.m."
"CO-63-EWR-IAH2011-12-27","ActualArrivalTime","Tue., Dec.27, 2011 8:18 p.m."
"CO-50-CLE-EWR2011-12-27","ExpectedDepartureTime","Tue., Dec.27, 2011 2:55 p.m."
"CO-50-CLE-EWR2011-12-27","ActualDepartureTime","Tue., Dec.27, 2011 2:52 p.m."
"CO-50-CLE-EWR2011-12-27","ExpectedArrivalTime","Tue., Dec.27, 2011 4:53 p.m."
"CO-50-CLE-EWR2011-12-27","ActualArrivalTime","Tue., Dec.27, 2011 4:49 p.m."
"CO-1561-PHX-IAH2011-12-27","ExpectedDepartureTime","Tue., Dec.27, 2011 8:05 a.m."
"CO-1561-PHX-IAH2011-12-27","ActualDepartureTime","Tue., Dec.27, 2011 8:06 a.m."
"CO-1561-PHX-IAH2011-12-27","ExpectedArrivalTime","Tue., Dec.27, 2011 11:37 a.m."
"CO-1561-PHX-IAH2011-12-27","ActualArrivalTime","Tue., Dec.27, 2011 11:23 a.m."
"CO-47-IAH-LAX2011-12-27","ExpectedDepartureTime","Tue., Dec.27, 2011 7:10 p.m."
"CO-47-IAH-LAX2011-12-27","ActualDepartureTime","Tue., Dec.27, 2011 7:11 p.m."
"CO-47-IAH-LAX2011-12-27","ExpectedArrivalTime","Tue., Dec.27, 2011 9:06 p.m."
"CO-47-IAH-LAX2011-12-27","ActualArrivalTime","Tue., Dec.27, 2011 9:13 p.m."
