"ObjectID","PropertyID","PropertyValue"
"AA-1221-MCO-ORD2011-12-30","ExpectedDepartureTime","December 30, 2011               08:00 PM    "
"AA-1221-MCO-ORD2011-12-30","ActualDepartureTime","December 30, 2011               08:21 PM    "
"AA-1221-MCO-ORD2011-12-30","DepartureGate"," 15"
"AA-1221-MCO-ORD2011-12-30","ExpectedArrivalTime","December 30, 2011               09:50 PM    "
"AA-1221-MCO-ORD2011-12-30","ActualArrivalTime","December 30, 2011               10:00 PM    "
"AA-1221-MCO-ORD2011-12-30","ArrivalGate"," H10    "
"AA-4307-ORD-DTW2011-12-30","ExpectedDepartureTime","December 30, 2011               06:45 PM    "
"AA-4307-ORD-DTW2011-12-30","ActualDepartureTime","December 30, 2011               06:42 PM    "
"AA-4307-ORD-DTW2011-12-30","DepartureGate"," G20"
"AA-4307-ORD-DTW2011-12-30","ExpectedArrivalTime","December 30, 2011               09:10 PM    "
"AA-4307-ORD-DTW2011-12-30","ActualArrivalTime","December 30, 2011               08:58 PM    "
"AA-4307-ORD-DTW2011-12-30","ArrivalGate"," D28    "
"AA-616-DFW-DTW2011-12-30","ExpectedDepartureTime","December 30, 2011               09:05 AM    "
"AA-616-DFW-DTW2011-12-30","ActualDepartureTime","December 30, 2011               09:01 AM    "
"AA-616-DFW-DTW2011-12-30","DepartureGate"," C17"
"AA-616-DFW-DTW2011-12-30","ExpectedArrivalTime","December 30, 2011               12:35 PM    "
"AA-616-DFW-DTW2011-12-30","ActualArrivalTime","December 30, 2011               12:31 PM    "
"AA-616-DFW-DTW2011-12-30","ArrivalGate"," D32    "
"AA-431-MIA-SFO2011-12-30","ExpectedDepartureTime","December 30, 2011               08:35 AM    "
"AA-431-MIA-SFO2011-12-30","ActualDepartureTime","December 30, 2011               09:10 AM    "
"AA-431-MIA-SFO2011-12-30","DepartureGate"," D40"
"AA-431-MIA-SFO2011-12-30","ExpectedArrivalTime","December 30, 2011               11:50 AM    "
"AA-431-MIA-SFO2011-12-30","ActualArrivalTime","December 30, 2011     "
"AA-431-MIA-SFO2011-12-30","ArrivalGate"," 58B    "
"AA-3756-ORD-SLC2011-12-30","ExpectedDepartureTime","December 30, 2011               12:15 PM    "
"AA-3756-ORD-SLC2011-12-30","ActualDepartureTime","December 30, 2011               12:11 PM    "
"AA-3756-ORD-SLC2011-12-30","DepartureGate"," G19"
"AA-3756-ORD-SLC2011-12-30","ExpectedArrivalTime","December 30, 2011               02:45 PM    "
"AA-3756-ORD-SLC2011-12-30","ActualArrivalTime","December 30, 2011               02:45 PM    "
"AA-3756-ORD-SLC2011-12-30","ArrivalGate"," A3    "
"AA-2050-ORD-MIA2011-12-30","ExpectedDepartureTime","December 30, 2011               10:40 AM    "
"AA-2050-ORD-MIA2011-12-30","ActualDepartureTime","December 30, 2011               12:08 PM    "
"AA-2050-ORD-MIA2011-12-30","DepartureGate"," K15"
"AA-2050-ORD-MIA2011-12-30","ExpectedArrivalTime","December 30, 2011               02:45 PM    "
"AA-2050-ORD-MIA2011-12-30","ActualArrivalTime","December 30, 2011               03:54 PM    "
"AA-2050-ORD-MIA2011-12-30","ArrivalGate"," D2    "
"AA-3804-PHL-ORD2011-12-30","ExpectedDepartureTime","December 30, 2011               02:35 PM    "
"AA-3804-PHL-ORD2011-12-30","ActualDepartureTime","December 30, 2011               03:20 PM    "
"AA-3804-PHL-ORD2011-12-30","DepartureGate"," A7"
"AA-3804-PHL-ORD2011-12-30","ExpectedArrivalTime","December 30, 2011               04:05 PM    "
"AA-3804-PHL-ORD2011-12-30","ActualArrivalTime","December 30, 2011               04:21 PM    "
"AA-3804-PHL-ORD2011-12-30","ArrivalGate"," G18    "
"AA-1664-MIA-ATL2011-12-30","ExpectedDepartureTime","December 30, 2011               10:15 AM    "
"AA-1664-MIA-ATL2011-12-30","ActualDepartureTime","December 30, 2011               10:11 AM    "
"AA-1664-MIA-ATL2011-12-30","DepartureGate"," D4"
"AA-1664-MIA-ATL2011-12-30","ExpectedArrivalTime","December 30, 2011               12:10 PM    "
"AA-1664-MIA-ATL2011-12-30","ActualArrivalTime","December 30, 2011               11:58 AM    "
"AA-1664-MIA-ATL2011-12-30","ArrivalGate"," T11    "
"AA-789-ORD-DEN2011-12-30","ExpectedDepartureTime","December 30, 2011               01:05 PM    "
"AA-789-ORD-DEN2011-12-30","ActualDepartureTime","December 30, 2011               01:01 PM    "
"AA-789-ORD-DEN2011-12-30","DepartureGate"," K7"
"AA-789-ORD-DEN2011-12-30","ExpectedArrivalTime","December 30, 2011               02:35 PM    "
"AA-789-ORD-DEN2011-12-30","ActualArrivalTime","December 30, 2011               02:36 PM    "
"AA-789-ORD-DEN2011-12-30","ArrivalGate"," A49    "
"AA-1733-ORD-PHX2011-12-30","ExpectedDepartureTime","December 30, 2011               07:45 PM    "
"AA-1733-ORD-PHX2011-12-30","ActualDepartureTime","December 30, 2011               08:03 PM    "
"AA-1733-ORD-PHX2011-12-30","DepartureGate"," H16"
"AA-1733-ORD-PHX2011-12-30","ExpectedArrivalTime","December 30, 2011               10:30 PM    "
"AA-1733-ORD-PHX2011-12-30","ActualArrivalTime","December 30, 2011     "
"AA-1733-ORD-PHX2011-12-30","ArrivalGate"," 6    "
"AA-1733-ORD-PHX2011-12-30","ExpectedDepartureTime","December 30, 2011               07:45 PM    "
"AA-1733-ORD-PHX2011-12-30","ActualDepartureTime","December 30, 2011               08:03 PM    "
"AA-1733-ORD-PHX2011-12-30","DepartureGate"," H16"
"AA-1733-ORD-PHX2011-12-30","ExpectedArrivalTime","December 30, 2011               10:30 PM    "
"AA-1733-ORD-PHX2011-12-30","ActualArrivalTime","December 30, 2011     "
"AA-1733-ORD-PHX2011-12-30","ArrivalGate"," 6    "
"AA-4277-CVG-JFK2011-12-30","ExpectedDepartureTime","December 30, 2011               12:10 PM    "
"AA-4277-CVG-JFK2011-12-30","ActualDepartureTime","December 30, 2011               12:01 PM    "
"AA-4277-CVG-JFK2011-12-30","DepartureGate"," 1"
"AA-4277-CVG-JFK2011-12-30","ExpectedArrivalTime","December 30, 2011               02:15 PM    "
"AA-4277-CVG-JFK2011-12-30","ActualArrivalTime","December 30, 2011               01:51 PM    "
"AA-4277-CVG-JFK2011-12-30","ArrivalGate"," 31A    "
"AA-2312-DFW-DTW2011-12-30","ExpectedDepartureTime","December 30, 2011               08:25 PM    "
"AA-2312-DFW-DTW2011-12-30","ActualDepartureTime","December 30, 2011     "
"AA-2312-DFW-DTW2011-12-30","DepartureGate"," C30"
"AA-2312-DFW-DTW2011-12-30","ExpectedArrivalTime","December 30, 2011               11:50 PM    "
"AA-2312-DFW-DTW2011-12-30","ActualArrivalTime","December 30, 2011     "
"AA-2312-DFW-DTW2011-12-30","ArrivalGate"," D32    "
"AA-85-JFK-SFO2011-12-30","ExpectedDepartureTime","December 30, 2011               03:05 PM    "
"AA-85-JFK-SFO2011-12-30","ActualDepartureTime","December 30, 2011               03:06 PM    "
"AA-85-JFK-SFO2011-12-30","DepartureGate"," 5"
"AA-85-JFK-SFO2011-12-30","ExpectedArrivalTime","December 30, 2011               06:30 PM    "
"AA-85-JFK-SFO2011-12-30","ActualArrivalTime","December 30, 2011               06:47 PM    "
"AA-85-JFK-SFO2011-12-30","ArrivalGate"," 58B    "
"AA-404-MIA-MCO2011-12-30","ExpectedDepartureTime","December 30, 2011               06:45 AM    "
"AA-404-MIA-MCO2011-12-30","ActualDepartureTime","December 30, 2011               06:46 AM    "
"AA-404-MIA-MCO2011-12-30","DepartureGate"," E7"
"AA-404-MIA-MCO2011-12-30","ExpectedArrivalTime","December 30, 2011               07:45 AM    "
"AA-404-MIA-MCO2011-12-30","ActualArrivalTime","December 30, 2011               07:58 AM    "
"AA-404-MIA-MCO2011-12-30","ArrivalGate"," 14    "
"AA-2268-PHX-ORD2011-12-30","ExpectedDepartureTime","December 30, 2011               07:15 AM    "
"AA-2268-PHX-ORD2011-12-30","ActualDepartureTime","December 30, 2011               07:13 AM    "
"AA-2268-PHX-ORD2011-12-30","DepartureGate"," 6"
"AA-2268-PHX-ORD2011-12-30","ExpectedArrivalTime","December 30, 2011               11:35 AM    "
"AA-2268-PHX-ORD2011-12-30","ActualArrivalTime","December 30, 2011               11:42 AM    "
"AA-2268-PHX-ORD2011-12-30","ArrivalGate"," K8    "
"AA-4344-ORD-DTW2011-12-30","ExpectedDepartureTime","December 30, 2011               11:45 AM    "
"AA-4344-ORD-DTW2011-12-30","ActualDepartureTime","December 30, 2011               11:51 AM    "
"AA-4344-ORD-DTW2011-12-30","DepartureGate"," G11"
"AA-4344-ORD-DTW2011-12-30","ExpectedArrivalTime","December 30, 2011               02:00 PM    "
"AA-4344-ORD-DTW2011-12-30","ActualArrivalTime","December 30, 2011               02:13 PM    "
"AA-4344-ORD-DTW2011-12-30","ArrivalGate"," D28    "
"AA-484-DFW-MIA2011-12-30","ExpectedDepartureTime","December 30, 2011               04:15 PM    "
"AA-484-DFW-MIA2011-12-30","ActualDepartureTime","December 30, 2011               04:30 PM    "
"AA-484-DFW-MIA2011-12-30","DepartureGate"," C4"
"AA-484-DFW-MIA2011-12-30","ExpectedArrivalTime","December 30, 2011               07:55 PM    "
"AA-484-DFW-MIA2011-12-30","ActualArrivalTime","December 30, 2011               08:13 PM    "
"AA-484-DFW-MIA2011-12-30","ArrivalGate"," D15    "
"AA-3979-CVG-ORD2011-12-30","ExpectedDepartureTime","December 30, 2011               07:30 AM    "
"AA-3979-CVG-ORD2011-12-30","ActualDepartureTime","December 30, 2011               07:29 AM    "
"AA-3979-CVG-ORD2011-12-30","DepartureGate"," 3"
"AA-3979-CVG-ORD2011-12-30","ExpectedArrivalTime","December 30, 2011               08:00 AM    "
"AA-3979-CVG-ORD2011-12-30","ActualArrivalTime","December 30, 2011               07:41 AM    "
"AA-3979-CVG-ORD2011-12-30","ArrivalGate"," H1A    "
"AA-3063-SLC-LAX2011-12-30","ActualDepartureTime","December 30, 2011     "
"AA-3063-SLC-LAX2011-12-30","DepartureGate"," A3"
"AA-3063-SLC-LAX2011-12-30","ActualArrivalTime","December 30, 2011     "
"AA-3063-SLC-LAX2011-12-30","ArrivalGate"," 44H    "
"AA-3859-IAH-ORD2011-12-30","ExpectedDepartureTime","December 30, 2011               07:10 AM    "
"AA-3859-IAH-ORD2011-12-30","ActualDepartureTime","December 30, 2011               07:03 AM    "
"AA-3859-IAH-ORD2011-12-30","DepartureGate"," A29"
"AA-3859-IAH-ORD2011-12-30","ExpectedArrivalTime","December 30, 2011               09:40 AM    "
"AA-3859-IAH-ORD2011-12-30","ActualArrivalTime","December 30, 2011               09:33 AM    "
"AA-3859-IAH-ORD2011-12-30","ArrivalGate"," G6A    "
"AA-3842-MSP-ORD2011-12-30","ExpectedDepartureTime","December 30, 2011               06:00 AM    "
"AA-3842-MSP-ORD2011-12-30","ActualDepartureTime","December 30, 2011               06:00 AM    "
"AA-3842-MSP-ORD2011-12-30","DepartureGate"," E14"
"AA-3842-MSP-ORD2011-12-30","ExpectedArrivalTime","December 30, 2011               07:30 AM    "
"AA-3842-MSP-ORD2011-12-30","ActualArrivalTime","December 30, 2011               07:10 AM    "
"AA-3842-MSP-ORD2011-12-30","ArrivalGate"," G3    "
"AA-1544-SAN-ORD2011-12-30","ExpectedDepartureTime","December 30, 2011               11:25 AM    "
"AA-1544-SAN-ORD2011-12-30","ActualDepartureTime","December 30, 2011               12:27 PM    "
"AA-1544-SAN-ORD2011-12-30","DepartureGate"," 27"
"AA-1544-SAN-ORD2011-12-30","ExpectedArrivalTime","December 30, 2011               05:25 PM    "
"AA-1544-SAN-ORD2011-12-30","ActualArrivalTime","December 30, 2011               06:42 PM    "
"AA-1544-SAN-ORD2011-12-30","ArrivalGate"," K12    "
"AA-649-ORD-SNA2011-12-30","ExpectedArrivalTime","December 30, 2011               03:50 PM    "
"AA-649-ORD-SNA2011-12-30","ActualArrivalTime","December 30, 2011     "
"AA-649-ORD-SNA2011-12-30","ArrivalGate"," 7    "
"AA-1640-MIA-MCO2011-12-30","ExpectedDepartureTime","December 30, 2011               06:30 PM    "
"AA-1640-MIA-MCO2011-12-30","ActualDepartureTime","December 30, 2011     "
"AA-1640-MIA-MCO2011-12-30","DepartureGate"," D43"
"AA-1640-MIA-MCO2011-12-30","ExpectedArrivalTime","December 30, 2011               07:25 PM    "
"AA-1640-MIA-MCO2011-12-30","ActualArrivalTime","December 30, 2011     "
"AA-1640-MIA-MCO2011-12-30","ArrivalGate"," 14    "
"AA-518-MIA-JFK2011-12-30","ExpectedDepartureTime","December 30, 2011               06:30 AM    "
"AA-518-MIA-JFK2011-12-30","ActualDepartureTime","December 30, 2011               06:27 AM    "
"AA-518-MIA-JFK2011-12-30","DepartureGate"," D11"
"AA-518-MIA-JFK2011-12-30","ExpectedArrivalTime","December 30, 2011               09:15 AM    "
"AA-518-MIA-JFK2011-12-30","ActualArrivalTime","December 30, 2011               09:14 AM    "
"AA-518-MIA-JFK2011-12-30","ArrivalGate"," 8    "
"AA-2525-DFW-MIA2011-12-30","ExpectedDepartureTime","December 30, 2011               07:25 AM    "
"AA-2525-DFW-MIA2011-12-30","ActualDepartureTime","December 30, 2011               07:25 AM    "
"AA-2525-DFW-MIA2011-12-30","DepartureGate"," D30"
"AA-2525-DFW-MIA2011-12-30","ExpectedArrivalTime","December 30, 2011               11:10 AM    "
"AA-2525-DFW-MIA2011-12-30","ActualArrivalTime","December 30, 2011               10:56 AM    "
"AA-2525-DFW-MIA2011-12-30","ArrivalGate"," D1    "
"AA-1434-DFW-MCO2011-12-30","ExpectedDepartureTime","December 30, 2011               07:15 AM    "
"AA-1434-DFW-MCO2011-12-30","ActualDepartureTime","December 30, 2011               07:10 AM    "
"AA-1434-DFW-MCO2011-12-30","DepartureGate"," C12"
"AA-1434-DFW-MCO2011-12-30","ExpectedArrivalTime","December 30, 2011               10:35 AM    "
"AA-1434-DFW-MCO2011-12-30","ActualArrivalTime","December 30, 2011               10:42 AM    "
"AA-1434-DFW-MCO2011-12-30","ArrivalGate"," 17    "
"AA-59-JFK-SFO2011-12-30","ExpectedDepartureTime","December 30, 2011               07:10 AM    "
"AA-59-JFK-SFO2011-12-30","ActualDepartureTime","December 30, 2011               07:08 AM    "
"AA-59-JFK-SFO2011-12-30","DepartureGate"," 42"
"AA-59-JFK-SFO2011-12-30","ExpectedArrivalTime","December 30, 2011               10:45 AM    "
"AA-59-JFK-SFO2011-12-30","ActualArrivalTime","December 30, 2011               10:43 AM    "
"AA-59-JFK-SFO2011-12-30","ArrivalGate"," 57    "
"AA-415-BOS-ORD2011-12-30","ExpectedDepartureTime","December 30, 2011               08:35 AM    "
"AA-415-BOS-ORD2011-12-30","ActualDepartureTime","December 30, 2011               08:58 AM    "
"AA-415-BOS-ORD2011-12-30","DepartureGate"," B31"
"AA-415-BOS-ORD2011-12-30","ExpectedArrivalTime","December 30, 2011               10:40 AM    "
"AA-415-BOS-ORD2011-12-30","ActualArrivalTime","December 30, 2011               10:48 AM    "
"AA-415-BOS-ORD2011-12-30","ArrivalGate"," H17    "
"AA-222-LAX-BOS2011-12-30","ExpectedDepartureTime","December 30, 2011               07:10 AM    "
"AA-222-LAX-BOS2011-12-30","ActualDepartureTime","December 30, 2011               07:03 AM    "
"AA-222-LAX-BOS2011-12-30","DepartureGate"," 48B"
"AA-222-LAX-BOS2011-12-30","ExpectedArrivalTime","December 30, 2011               03:30 PM    "
"AA-222-LAX-BOS2011-12-30","ActualArrivalTime","December 30, 2011               03:37 PM    "
"AA-222-LAX-BOS2011-12-30","ArrivalGate"," B28    "
"AA-3823-LAX-DEN2011-12-30","ExpectedDepartureTime","December 30, 2011               09:00 PM    "
"AA-3823-LAX-DEN2011-12-30","ActualDepartureTime","December 30, 2011     "
"AA-3823-LAX-DEN2011-12-30","DepartureGate"," 44F"
"AA-3823-LAX-DEN2011-12-30","ExpectedArrivalTime","December 31, 2011               12:15 AM    "
"AA-3823-LAX-DEN2011-12-30","ActualArrivalTime","December 31, 2011     "
"AA-3823-LAX-DEN2011-12-30","ArrivalGate"," A49    "
"AA-1165-JFK-MIA2011-12-30","ExpectedDepartureTime","December 30, 2011               06:59 AM    "
"AA-1165-JFK-MIA2011-12-30","ActualDepartureTime","December 30, 2011               06:51 AM    "
"AA-1165-JFK-MIA2011-12-30","DepartureGate"," 39"
"AA-1165-JFK-MIA2011-12-30","ExpectedArrivalTime","December 30, 2011               10:34 AM    "
"AA-1165-JFK-MIA2011-12-30","ActualArrivalTime","December 30, 2011               10:00 AM    "
"AA-1165-JFK-MIA2011-12-30","ArrivalGate"," D50    "
"AA-3786-IAH-ORD2011-12-30","ExpectedDepartureTime","December 30, 2011               04:00 PM    "
"AA-3786-IAH-ORD2011-12-30","ActualDepartureTime","December 30, 2011               04:25 PM    "
"AA-3786-IAH-ORD2011-12-30","DepartureGate"," A29"
"AA-3786-IAH-ORD2011-12-30","ExpectedArrivalTime","December 30, 2011               06:40 PM    "
"AA-3786-IAH-ORD2011-12-30","ActualArrivalTime","December 30, 2011               07:10 PM    "
"AA-3786-IAH-ORD2011-12-30","ArrivalGate"," G11    "
"AA-4330-CVG-ORD2011-12-30","ExpectedDepartureTime","December 30, 2011               03:35 PM    "
"AA-4330-CVG-ORD2011-12-30","ActualDepartureTime","December 30, 2011               04:09 PM    "
"AA-4330-CVG-ORD2011-12-30","DepartureGate"," 5"
"AA-4330-CVG-ORD2011-12-30","ExpectedArrivalTime","December 30, 2011               04:00 PM    "
"AA-4330-CVG-ORD2011-12-30","ActualArrivalTime","December 30, 2011               04:22 PM    "
"AA-4330-CVG-ORD2011-12-30","ArrivalGate"," G6B    "
"AA-3468-CVG-MIA2011-12-30","ExpectedDepartureTime","December 30, 2011               07:00 AM    "
"AA-3468-CVG-MIA2011-12-30","ActualDepartureTime","December 30, 2011               06:51 AM    "
"AA-3468-CVG-MIA2011-12-30","DepartureGate"," 1"
"AA-3468-CVG-MIA2011-12-30","ExpectedArrivalTime","December 30, 2011               09:55 AM    "
"AA-3468-CVG-MIA2011-12-30","ActualArrivalTime","December 30, 2011               09:15 AM    "
"AA-3468-CVG-MIA2011-12-30","ArrivalGate"," D60J    "
"AA-204-LAX-MCO2011-12-30","ExpectedDepartureTime","December 30, 2011               11:25 PM    "
"AA-204-LAX-MCO2011-12-30","ActualDepartureTime","December 30, 2011     "
"AA-204-LAX-MCO2011-12-30","DepartureGate"," 46A"
"AA-204-LAX-MCO2011-12-30","ExpectedArrivalTime","December 31, 2011               06:55 AM    "
"AA-204-LAX-MCO2011-12-30","ActualArrivalTime","December 31, 2011     "
"AA-204-LAX-MCO2011-12-30","ArrivalGate"," 14    "
"AA-466-IAH-MIA2011-12-30","ExpectedDepartureTime","December 30, 2011               06:00 AM    "
"AA-466-IAH-MIA2011-12-30","ActualDepartureTime","December 30, 2011               05:59 AM    "
"AA-466-IAH-MIA2011-12-30","DepartureGate"," A27"
"AA-466-IAH-MIA2011-12-30","ExpectedArrivalTime","December 30, 2011               09:20 AM    "
"AA-466-IAH-MIA2011-12-30","ActualArrivalTime","December 30, 2011               09:16 AM    "
"AA-466-IAH-MIA2011-12-30","ArrivalGate"," D1    "
"AA-3-JFK-LAX2011-12-30","ExpectedDepartureTime","December 30, 2011               12:00 PM    "
"AA-3-JFK-LAX2011-12-30","ActualDepartureTime","December 30, 2011               11:50 AM    "
"AA-3-JFK-LAX2011-12-30","DepartureGate"," 38"
"AA-3-JFK-LAX2011-12-30","ExpectedArrivalTime","December 30, 2011               03:15 PM    "
"AA-3-JFK-LAX2011-12-30","ActualArrivalTime","December 30, 2011               02:48 PM    "
"AA-3-JFK-LAX2011-12-30","ArrivalGate"," 46A    "
"AA-1007-MIA-PHX2011-12-30","ExpectedDepartureTime","December 30, 2011               04:55 PM    "
"AA-1007-MIA-PHX2011-12-30","ActualDepartureTime","December 30, 2011               04:53 PM    "
"AA-1007-MIA-PHX2011-12-30","DepartureGate"," D19"
"AA-1007-MIA-PHX2011-12-30","ExpectedArrivalTime","December 30, 2011               08:05 PM    "
"AA-1007-MIA-PHX2011-12-30","ActualArrivalTime","December 30, 2011               07:52 PM    "
"AA-1007-MIA-PHX2011-12-30","ArrivalGate"," 6    "
"AA-271-MIA-LAX2011-12-30","ExpectedDepartureTime","December 30, 2011               11:35 AM    "
"AA-271-MIA-LAX2011-12-30","ActualDepartureTime","December 30, 2011               12:29 PM    "
"AA-271-MIA-LAX2011-12-30","DepartureGate"," D20"
"AA-271-MIA-LAX2011-12-30","ExpectedArrivalTime","December 30, 2011               02:25 PM    "
"AA-271-MIA-LAX2011-12-30","ActualArrivalTime","December 30, 2011     "
"AA-271-MIA-LAX2011-12-30","ArrivalGate"," 46B    "
"AA-643-MIA-ORD2011-12-30","ExpectedDepartureTime","December 30, 2011               07:10 AM    "
"AA-643-MIA-ORD2011-12-30","ActualDepartureTime","December 30, 2011               07:10 AM    "
"AA-643-MIA-ORD2011-12-30","DepartureGate"," D3"
"AA-643-MIA-ORD2011-12-30","ExpectedArrivalTime","December 30, 2011               09:35 AM    "
"AA-643-MIA-ORD2011-12-30","ActualArrivalTime","December 30, 2011               09:16 AM    "
"AA-643-MIA-ORD2011-12-30","ArrivalGate"," H15    "
"AA-4198-ORD-CLE2011-12-30","ExpectedDepartureTime","December 30, 2011               10:40 AM    "
"AA-4198-ORD-CLE2011-12-30","ActualDepartureTime","December 30, 2011               10:35 AM    "
"AA-4198-ORD-CLE2011-12-30","DepartureGate"," H2"
"AA-4198-ORD-CLE2011-12-30","ExpectedArrivalTime","December 30, 2011               12:55 PM    "
"AA-4198-ORD-CLE2011-12-30","ActualArrivalTime","December 30, 2011               01:17 PM    "
"AA-4198-ORD-CLE2011-12-30","ArrivalGate"," A3    "
"AA-400-DFW-JFK2011-12-30","ExpectedDepartureTime","December 30, 2011               10:40 AM    "
"AA-400-DFW-JFK2011-12-30","ActualDepartureTime","December 30, 2011               11:47 AM    "
"AA-400-DFW-JFK2011-12-30","DepartureGate"," C6"
"AA-400-DFW-JFK2011-12-30","ExpectedArrivalTime","December 30, 2011               02:59 PM    "
"AA-400-DFW-JFK2011-12-30","ActualArrivalTime","December 30, 2011               03:55 PM    "
"AA-400-DFW-JFK2011-12-30","ArrivalGate"," 33    "
"AA-1886-BOS-MIA2011-12-30","ExpectedDepartureTime","December 30, 2011               10:45 AM    "
"AA-1886-BOS-MIA2011-12-30","ActualDepartureTime","December 30, 2011               10:43 AM    "
"AA-1886-BOS-MIA2011-12-30","DepartureGate"," B32"
"AA-1886-BOS-MIA2011-12-30","ExpectedArrivalTime","December 30, 2011               02:20 PM    "
"AA-1886-BOS-MIA2011-12-30","ActualArrivalTime","December 30, 2011               01:59 PM    "
"AA-1886-BOS-MIA2011-12-30","ArrivalGate"," D15    "
"AA-1917-JFK-MCO2011-12-30","ExpectedDepartureTime","December 30, 2011               02:55 PM    "
"AA-1917-JFK-MCO2011-12-30","ActualDepartureTime","December 30, 2011               02:51 PM    "
"AA-1917-JFK-MCO2011-12-30","DepartureGate"," 44"
"AA-1917-JFK-MCO2011-12-30","ExpectedArrivalTime","December 30, 2011               05:55 PM    "
"AA-1917-JFK-MCO2011-12-30","ActualArrivalTime","December 30, 2011               05:36 PM    "
"AA-1917-JFK-MCO2011-12-30","ArrivalGate"," 16    "
"AA-2957-DFW-CVG2011-12-30","ExpectedDepartureTime","December 30, 2011               07:55 AM    "
"AA-2957-DFW-CVG2011-12-30","ActualDepartureTime","December 30, 2011               08:00 AM    "
"AA-2957-DFW-CVG2011-12-30","DepartureGate"," B11"
"AA-2957-DFW-CVG2011-12-30","ExpectedArrivalTime","December 30, 2011               11:05 AM    "
"AA-2957-DFW-CVG2011-12-30","ActualArrivalTime","December 30, 2011               11:07 AM    "
"AA-2957-DFW-CVG2011-12-30","ArrivalGate"," 3    "
"UA-1500-IAH-GUA2011-12-30","ExpectedDepartureTime","Fri, Dec 30 8:50 AM"
"UA-1500-IAH-GUA2011-12-30","ActualDepartureTime","Fri, Dec 30 8:56 AM            Delayed"
"UA-1500-IAH-GUA2011-12-30","DepartureGate","E6"
"UA-1500-IAH-GUA2011-12-30","ExpectedArrivalTime","Fri, Dec 30 11:43 AM"
"UA-1500-IAH-GUA2011-12-30","ActualArrivalTime","Fri, Dec 30 11:40 AM"
"UA-1500-IAH-GUA2011-12-30","ArrivalGate","15"
"UA-3515-IAD-MSP2011-12-30","ExpectedDepartureTime","Fri, Dec 30 8:19 AM"
"UA-3515-IAD-MSP2011-12-30","ActualDepartureTime","Fri, Dec 30 8:23 AM"
"UA-3515-IAD-MSP2011-12-30","DepartureGate","D10"
"UA-3515-IAD-MSP2011-12-30","ExpectedArrivalTime","Fri, Dec 30 10:09 AM"
"UA-3515-IAD-MSP2011-12-30","ActualArrivalTime","Fri, Dec 30 9:55 AM"
"UA-3515-IAD-MSP2011-12-30","ArrivalGate","E10"
"UA-664-ORD-PHL2011-12-30","ExpectedDepartureTime","Fri, Dec 30 1:35 PM"
"UA-664-ORD-PHL2011-12-30","ActualDepartureTime","Fri, Dec 30 1:46 PM            Delayed"
"UA-664-ORD-PHL2011-12-30","DepartureGate","C29"
"UA-664-ORD-PHL2011-12-30","ExpectedArrivalTime","Fri, Dec 30 4:38 PM"
"UA-664-ORD-PHL2011-12-30","ActualArrivalTime","Fri, Dec 30 4:43 PM"
"UA-664-ORD-PHL2011-12-30","ArrivalGate","D9"
"UA-414-LAX-SFO2011-12-30","ExpectedDepartureTime","Fri, Dec 30 6:00 AM"
"UA-414-LAX-SFO2011-12-30","ActualDepartureTime","Fri, Dec 30 5:58 AM"
"UA-414-LAX-SFO2011-12-30","DepartureGate","81"
"UA-414-LAX-SFO2011-12-30","ExpectedArrivalTime","Fri, Dec 30 7:26 AM"
"UA-414-LAX-SFO2011-12-30","ActualArrivalTime","Fri, Dec 30 7:15 AM"
"UA-414-LAX-SFO2011-12-30","ArrivalGate","74"
"UA-257-JFK-SFO2011-12-30","ExpectedDepartureTime","Fri, Dec 30 2:30 PM"
"UA-257-JFK-SFO2011-12-30","ActualDepartureTime","Fri, Dec 30 2:28 PM"
"UA-257-JFK-SFO2011-12-30","DepartureGate","10"
"UA-257-JFK-SFO2011-12-30","ExpectedArrivalTime","Fri, Dec 30 6:14 PM"
"UA-257-JFK-SFO2011-12-30","ActualArrivalTime","Fri, Dec 30 6:00 PM"
"UA-257-JFK-SFO2011-12-30","ArrivalGate","81"
"UA-62-IAH-EWR2011-12-30","ExpectedDepartureTime","Fri, Dec 30 2:30 PM"
"UA-62-IAH-EWR2011-12-30","ActualDepartureTime","Fri, Dec 30 3:10 PM"
"UA-62-IAH-EWR2011-12-30","DepartureGate","C-39"
"UA-62-IAH-EWR2011-12-30","ExpectedArrivalTime","Fri, Dec 30 7:03 PM"
"UA-62-IAH-EWR2011-12-30","ActualArrivalTime","Fri, Dec 30 7:16 PM"
"UA-62-IAH-EWR2011-12-30","ArrivalGate","C71"
"UA-843-LAX-ORD2011-12-30","ExpectedDepartureTime","Fri, Dec 30 2:10 PM"
"UA-843-LAX-ORD2011-12-30","ActualDepartureTime","Fri, Dec 30 3:45 PM"
"UA-843-LAX-ORD2011-12-30","DepartureGate","72"
"UA-843-LAX-ORD2011-12-30","ExpectedArrivalTime","Fri, Dec 30 8:12 PM"
"UA-843-LAX-ORD2011-12-30","ActualArrivalTime","Fri, Dec 30 9:33 PM"
"UA-843-LAX-ORD2011-12-30","ArrivalGate","C19"
"UA-248-PHX-ORD2011-12-30","ExpectedDepartureTime","Fri, Dec 30 12:52 PM"
"UA-248-PHX-ORD2011-12-30","ActualDepartureTime","Fri, Dec 30 1:05 PM            Delayed"
"UA-248-PHX-ORD2011-12-30","DepartureGate","5"
"UA-248-PHX-ORD2011-12-30","ExpectedArrivalTime","Fri, Dec 30 5:13 PM"
"UA-248-PHX-ORD2011-12-30","ActualArrivalTime","Fri, Dec 30 5:28 PM"
"UA-248-PHX-ORD2011-12-30","ArrivalGate","B5"
"UA-248-PHX-ORD2011-12-30","ExpectedDepartureTime","Fri, Dec 30 12:52 PM"
"UA-248-PHX-ORD2011-12-30","ActualDepartureTime","Fri, Dec 30 1:02 PM            Delayed"
"UA-248-PHX-ORD2011-12-30","DepartureGate","5"
"UA-248-PHX-ORD2011-12-30","ExpectedArrivalTime","Fri, Dec 30 5:13 PM"
"UA-248-PHX-ORD2011-12-30","ActualArrivalTime","Fri, Dec 30 5:20 PM"
"UA-248-PHX-ORD2011-12-30","ArrivalGate","B5"
"UA-397-JFK-SFO2011-12-30","ExpectedDepartureTime","Fri, Dec 30 8:25 AM"
"UA-397-JFK-SFO2011-12-30","ActualDepartureTime","Fri, Dec 30 8:24 AM"
"UA-397-JFK-SFO2011-12-30","DepartureGate","9"
"UA-397-JFK-SFO2011-12-30","ExpectedArrivalTime","Fri, Dec 30 12:14 PM"
"UA-397-JFK-SFO2011-12-30","ActualArrivalTime","Fri, Dec 30 12:14 PM"
"UA-397-JFK-SFO2011-12-30","ArrivalGate","82"
"UA-2704-DTW-PHX2011-12-30","ExpectedDepartureTime","Fri, Dec 30 11:15 AM"
"UA-2704-DTW-PHX2011-12-30","ActualDepartureTime","Fri, Dec 30 11:15 AM"
"UA-2704-DTW-PHX2011-12-30","DepartureGate","D14"
"UA-2704-DTW-PHX2011-12-30","ExpectedArrivalTime","Fri, Dec 30 1:40 PM"
"UA-2704-DTW-PHX2011-12-30","ActualArrivalTime","Fri, Dec 30 1:08 PM"
"UA-2704-DTW-PHX2011-12-30","ArrivalGate","A24"
"UA-2515-DFW-CLT2011-12-30","ExpectedDepartureTime","Fri, Dec 30 7:00 AM"
"UA-2515-DFW-CLT2011-12-30","ActualDepartureTime","Fri, Dec 30 7:00 AM"
"UA-2515-DFW-CLT2011-12-30","DepartureGate","E36"
"UA-2515-DFW-CLT2011-12-30","ExpectedArrivalTime","Fri, Dec 30 10:26 AM"
"UA-2515-DFW-CLT2011-12-30","ActualArrivalTime","Fri, Dec 30 10:16 AM"
"UA-2515-DFW-CLT2011-12-30","ArrivalGate","B10"
"UA-3373-IAD-PHL2011-12-30","ExpectedDepartureTime","Fri, Dec 30 8:30 AM"
"UA-3373-IAD-PHL2011-12-30","ActualDepartureTime","Fri, Dec 30 8:30 AM"
"UA-3373-IAD-PHL2011-12-30","DepartureGate","A5D"
"UA-3373-IAD-PHL2011-12-30","ExpectedArrivalTime","Fri, Dec 30 9:25 AM"
"UA-3373-IAD-PHL2011-12-30","ActualArrivalTime","Fri, Dec 30 9:21 AM"
"UA-3373-IAD-PHL2011-12-30","ArrivalGate","D7"
"UA-2906-PHL-MCO2011-12-30","ExpectedDepartureTime","Fri, Dec 30 3:50 PM"
"UA-2906-PHL-MCO2011-12-30","ActualDepartureTime","Fri, Dec 30 3:50 PM            Delayed"
"UA-2906-PHL-MCO2011-12-30","DepartureGate","B13"
"UA-2906-PHL-MCO2011-12-30","ExpectedArrivalTime","Fri, Dec 30 6:23 PM"
"UA-2906-PHL-MCO2011-12-30","ActualArrivalTime","Fri, Dec 30 6:14 PM"
"UA-2906-PHL-MCO2011-12-30","ArrivalGate","54"
"UA-938-DEN-ORD2011-12-30","ExpectedDepartureTime","Fri, Dec 30 3:54 PM"
"UA-938-DEN-ORD2011-12-30","ActualDepartureTime","Fri, Dec 30 3:53 PM"
"UA-938-DEN-ORD2011-12-30","DepartureGate","B36"
"UA-938-DEN-ORD2011-12-30","ExpectedArrivalTime","Fri, Dec 30 7:17 PM"
"UA-938-DEN-ORD2011-12-30","ActualArrivalTime","Fri, Dec 30 8:31 PM"
"UA-938-DEN-ORD2011-12-30","ArrivalGate","C21"
"UA-3099-PHX-PHL2011-12-30","ExpectedDepartureTime","Fri, Dec 30 11:55 AM"
"UA-3099-PHX-PHL2011-12-30","ActualDepartureTime","Fri, Dec 30 11:55 AM"
"UA-3099-PHX-PHL2011-12-30","DepartureGate","A7"
"UA-3099-PHX-PHL2011-12-30","ExpectedArrivalTime","Fri, Dec 30 6:17 PM"
"UA-3099-PHX-PHL2011-12-30","ActualArrivalTime","Fri, Dec 30 6:14 PM"
"UA-3099-PHX-PHL2011-12-30","ArrivalGate","A24"
"UA-3925-IAD-ORF2011-12-30","ExpectedDepartureTime","Fri, Dec 30 8:42 AM"
"UA-3925-IAD-ORF2011-12-30","ActualDepartureTime","Fri, Dec 30 9:25 AM"
"UA-3925-IAD-ORF2011-12-30","DepartureGate","A1A"
"UA-3925-IAD-ORF2011-12-30","ExpectedArrivalTime","Fri, Dec 30 9:55 AM"
"UA-3925-IAD-ORF2011-12-30","ActualArrivalTime","Fri, Dec 30 10:19 AM"
"UA-5487-SFO-MRY2011-12-30","ExpectedDepartureTime","Fri, Dec 30 10:37 AM"
"UA-5487-SFO-MRY2011-12-30","DepartureGate","76A"
"UA-5487-SFO-MRY2011-12-30","ExpectedArrivalTime","Fri, Dec 30 11:24 AM"
"UA-3050-PHX-CLT2011-12-30","ExpectedDepartureTime","Fri, Dec 30 11:05 AM"
"UA-3050-PHX-CLT2011-12-30","ActualDepartureTime","Fri, Dec 30 11:05 AM"
"UA-3050-PHX-CLT2011-12-30","DepartureGate","A14"
"UA-3050-PHX-CLT2011-12-30","ExpectedArrivalTime","Fri, Dec 30 4:57 PM"
"UA-3050-PHX-CLT2011-12-30","ActualArrivalTime","Fri, Dec 30 4:50 PM"
"UA-3050-PHX-CLT2011-12-30","ArrivalGate","B6"
"UA-828-SFO-ORD2011-12-30","ExpectedDepartureTime","Fri, Dec 30 11:00 PM"
"UA-828-SFO-ORD2011-12-30","ActualDepartureTime","Fri, Dec 30 11:00 PM            On Time"
"UA-828-SFO-ORD2011-12-30","DepartureGate","100"
"UA-828-SFO-ORD2011-12-30","ExpectedArrivalTime","Sat, Dec 31 5:03 AM"
"UA-828-SFO-ORD2011-12-30","ActualArrivalTime","Sat, Dec 31 5:03 AM"
"UA-828-SFO-ORD2011-12-30","ArrivalGate","C29"
"UA-2830-MCO-CLT2011-12-30","ExpectedDepartureTime","Fri, Dec 30 3:27 PM"
"UA-2830-MCO-CLT2011-12-30","ActualDepartureTime","Fri, Dec 30 3:27 PM"
"UA-2830-MCO-CLT2011-12-30","DepartureGate","58"
"UA-2830-MCO-CLT2011-12-30","ExpectedArrivalTime","Fri, Dec 30 5:05 PM"
"UA-2830-MCO-CLT2011-12-30","ActualArrivalTime","Fri, Dec 30 5:00 PM"
"UA-2830-MCO-CLT2011-12-30","ArrivalGate","B3"
"UA-37-EWR-MCO2011-12-30","ExpectedDepartureTime","Fri, Dec 30 1:29 PM"
"UA-37-EWR-MCO2011-12-30","ActualDepartureTime","Fri, Dec 30 1:43 PM            Delayed"
"UA-37-EWR-MCO2011-12-30","DepartureGate","C133"
"UA-37-EWR-MCO2011-12-30","ExpectedArrivalTime","Fri, Dec 30 4:22 PM"
"UA-37-EWR-MCO2011-12-30","ActualArrivalTime","Fri, Dec 30 4:19 PM"
"UA-37-EWR-MCO2011-12-30","ArrivalGate","39"
"UA-37-EDI-EWR2011-12-30","ExpectedDepartureTime","Fri, Dec 30 9:05 AM"
"UA-37-EDI-EWR2011-12-30","ActualDepartureTime","Fri, Dec 30 9:02 AM"
"UA-37-EDI-EWR2011-12-30","ExpectedArrivalTime","Fri, Dec 30 11:53 AM"
"UA-37-EDI-EWR2011-12-30","ActualArrivalTime","Fri, Dec 30 11:32 AM"
"UA-37-EDI-EWR2011-12-30","ArrivalGate","B63"
"UA-2708-EWR-CLT2011-12-30","ExpectedDepartureTime","Fri, Dec 30 2:55 PM"
"UA-2708-EWR-CLT2011-12-30","ActualDepartureTime","Fri, Dec 30 2:55 PM"
"UA-2708-EWR-CLT2011-12-30","DepartureGate","A37"
"UA-2708-EWR-CLT2011-12-30","ExpectedArrivalTime","Fri, Dec 30 4:53 PM"
"UA-2708-EWR-CLT2011-12-30","ActualArrivalTime","Fri, Dec 30 4:42 PM"
"UA-2708-EWR-CLT2011-12-30","ArrivalGate","C13"
"UA-233-LAX-JFK2011-12-30","ExpectedDepartureTime","Fri, Dec 30 4:25 PM"
"UA-233-LAX-JFK2011-12-30","ActualDepartureTime","Fri, Dec 30 4:25 PM"
"UA-233-LAX-JFK2011-12-30","DepartureGate","75B"
"UA-233-LAX-JFK2011-12-30","ExpectedArrivalTime","Sat, Dec 31 12:44 AM"
"UA-233-LAX-JFK2011-12-30","ActualArrivalTime","Sat, Dec 31 12:44 AM"
"UA-233-LAX-JFK2011-12-30","ArrivalGate","3"
"UA-2726-FLL-PHL2011-12-30","ExpectedDepartureTime","Fri, Dec 30 4:00 PM"
"UA-2726-FLL-PHL2011-12-30","ActualDepartureTime","Fri, Dec 30 4:00 PM"
"UA-2726-FLL-PHL2011-12-30","DepartureGate","E3"
"UA-2726-FLL-PHL2011-12-30","ExpectedArrivalTime","Fri, Dec 30 6:46 PM"
"UA-2726-FLL-PHL2011-12-30","ActualArrivalTime","Fri, Dec 30 6:28 PM"
"UA-2726-FLL-PHL2011-12-30","ArrivalGate","C17"
"UA-2945-PHL-CLT2011-12-30","ExpectedDepartureTime","Fri, Dec 30 12:00 AM"
"UA-2945-PHL-CLT2011-12-30","ActualDepartureTime","Fri, Dec 30 7:11 AM"
"UA-2945-PHL-CLT2011-12-30","DepartureGate","C21"
"UA-2945-PHL-CLT2011-12-30","ExpectedArrivalTime","Fri, Dec 30 1:45 PM"
"UA-2945-PHL-CLT2011-12-30","ActualArrivalTime","Fri, Dec 30 1:22 PM"
"UA-2945-PHL-CLT2011-12-30","ArrivalGate","C14"
"UA-6273-YYC-SFO2011-12-30","ExpectedDepartureTime","Fri, Dec 30 7:45 AM"
"UA-6273-YYC-SFO2011-12-30","ActualDepartureTime","Fri, Dec 30 7:45 AM"
"UA-6273-YYC-SFO2011-12-30","ExpectedArrivalTime","Fri, Dec 30 9:53 AM"
"UA-6273-YYC-SFO2011-12-30","ActualArrivalTime","Fri, Dec 30 10:11 AM"
"UA-6273-YYC-SFO2011-12-30","ArrivalGate","77A"
"UA-2314-ATL-PHL2011-12-30","ExpectedDepartureTime","Fri, Dec 30 2:55 PM"
"UA-2314-ATL-PHL2011-12-30","ActualDepartureTime","Fri, Dec 30 2:55 PM"
"UA-2314-ATL-PHL2011-12-30","DepartureGate","D23"
"UA-2314-ATL-PHL2011-12-30","ExpectedArrivalTime","Fri, Dec 30 5:00 PM"
"UA-2314-ATL-PHL2011-12-30","ActualArrivalTime","Fri, Dec 30 4:46 PM"
"UA-2314-ATL-PHL2011-12-30","ArrivalGate","C26"
"UA-382-IAD-LAX2011-12-30","ExpectedDepartureTime","Fri, Dec 30 12:20 PM"
"UA-382-IAD-LAX2011-12-30","ActualDepartureTime","Fri, Dec 30 12:18 PM            On Time"
"UA-382-IAD-LAX2011-12-30","DepartureGate","C27"
"UA-382-IAD-LAX2011-12-30","ExpectedArrivalTime","Fri, Dec 30 3:08 PM"
"UA-382-IAD-LAX2011-12-30","ActualArrivalTime","Fri, Dec 30 2:46 PM"
"UA-382-IAD-LAX2011-12-30","ArrivalGate","76"
"UA-382-IAD-LAX2011-12-30","ExpectedDepartureTime","Fri, Dec 30 12:20 PM"
"UA-382-IAD-LAX2011-12-30","ActualDepartureTime","Fri, Dec 30 12:18 PM            On Time"
"UA-382-IAD-LAX2011-12-30","DepartureGate","C27"
"UA-382-IAD-LAX2011-12-30","ExpectedArrivalTime","Fri, Dec 30 3:08 PM"
"UA-382-IAD-LAX2011-12-30","ActualArrivalTime","Fri, Dec 30 2:45 PM"
"UA-382-IAD-LAX2011-12-30","ArrivalGate","75B"
"UA-858-PVG-SFO2011-12-30","ExpectedDepartureTime","Fri, Dec 30 1:45 PM"
"UA-858-PVG-SFO2011-12-30","ActualDepartureTime","Fri, Dec 30 1:45 PM"
"UA-858-PVG-SFO2011-12-30","DepartureGate","75"
"UA-858-PVG-SFO2011-12-30","ExpectedArrivalTime","Fri, Dec 30 8:27 AM"
"UA-858-PVG-SFO2011-12-30","ActualArrivalTime","Fri, Dec 30 8:11 AM"
"UA-858-PVG-SFO2011-12-30","ArrivalGate","97"
"UA-854-SFO-IAH2011-12-30","ExpectedDepartureTime","Fri, Dec 30 7:35 AM"
"UA-854-SFO-IAH2011-12-30","ActualDepartureTime","Fri, Dec 30 7:30 AM"
"UA-854-SFO-IAH2011-12-30","DepartureGate","92"
"UA-854-SFO-IAH2011-12-30","ExpectedArrivalTime","Fri, Dec 30 1:30 PM"
"UA-854-SFO-IAH2011-12-30","ActualArrivalTime","Fri, Dec 30 1:01 PM"
"UA-854-SFO-IAH2011-12-30","ArrivalGate","C16"
"CO-1586-IAH-MCO2011-12-30","ExpectedDepartureTime","Fri., Dec.30, 2011 7:00 p.m."
"CO-1586-IAH-MCO2011-12-30","ActualDepartureTime","Fri., Dec.30, 2011 7:04 p.m."
"CO-1586-IAH-MCO2011-12-30","ExpectedArrivalTime","Fri., Dec.30, 2011 10:12 p.m."
"CO-1586-IAH-MCO2011-12-30","ActualArrivalTime","Fri., Dec.30, 2011 10:18 p.m."
"CO-1694-LAX-IAH2011-12-30","ExpectedDepartureTime","Fri., Dec.30, 2011 7:56 p.m."
"CO-1694-LAX-IAH2011-12-30","ActualDepartureTime","Fri., Dec.30, 2011 7:56 p.m."
"CO-1694-LAX-IAH2011-12-30","ExpectedArrivalTime","Fri., Dec.30, 2011 12:59 a.m."
"CO-1694-LAX-IAH2011-12-30","ActualArrivalTime","Fri., Dec.30, 2011 12:59 a.m."
"CO-1088-CLE-IAH2011-12-30","ExpectedDepartureTime","Fri., Dec.30, 2011 8:35 a.m."
"CO-1088-CLE-IAH2011-12-30","ActualDepartureTime","Fri., Dec.30, 2011 8:40 a.m."
"CO-1088-CLE-IAH2011-12-30","ExpectedArrivalTime","Fri., Dec.30, 2011 10:55 a.m."
"CO-1088-CLE-IAH2011-12-30","ActualArrivalTime","Fri., Dec.30, 2011 10:42 a.m."
"CO-16-LAX-EWR2011-12-30","ExpectedDepartureTime","Fri., Dec.30, 2011 10:25 a.m."
"CO-16-LAX-EWR2011-12-30","ActualDepartureTime","Fri., Dec.30, 2011 10:30 a.m."
"CO-16-LAX-EWR2011-12-30","ExpectedArrivalTime","Fri., Dec.30, 2011 6:39 p.m."
"CO-16-LAX-EWR2011-12-30","ActualArrivalTime","Fri., Dec.30, 2011 6:47 p.m."
"CO-58-DEN-IAH2011-12-30","ExpectedDepartureTime","Fri., Dec.30, 2011 11:30 a.m."
"CO-58-DEN-IAH2011-12-30","ActualDepartureTime","Fri., Dec.30, 2011 11:35 a.m."
"CO-58-DEN-IAH2011-12-30","ExpectedArrivalTime","Fri., Dec.30, 2011 2:56 p.m."
"CO-58-DEN-IAH2011-12-30","ActualArrivalTime","Fri., Dec.30, 2011 2:46 p.m."
"CO-1193-EWR-MCO2011-12-30","ExpectedDepartureTime","Fri., Dec.30, 2011 9:15 a.m."
"CO-1193-EWR-MCO2011-12-30","ActualDepartureTime","Fri., Dec.30, 2011 9:13 a.m."
"CO-1193-EWR-MCO2011-12-30","ExpectedArrivalTime","Fri., Dec.30, 2011 12:16 p.m."
"CO-1193-EWR-MCO2011-12-30","ActualArrivalTime","Fri., Dec.30, 2011 12:10 p.m."
"CO-1023-IAH-DEN2011-12-30","ExpectedDepartureTime","Fri., Dec.30, 2011 11:40 a.m."
"CO-1023-IAH-DEN2011-12-30","ActualDepartureTime","Fri., Dec.30, 2011 11:44 a.m."
"CO-1023-IAH-DEN2011-12-30","ExpectedArrivalTime","Fri., Dec.30, 2011 1:20 p.m."
"CO-1023-IAH-DEN2011-12-30","ActualArrivalTime","Fri., Dec.30, 2011 1:30 p.m."
"CO-1250-MIA-IAH2011-12-30","ExpectedDepartureTime","Fri., Dec.30, 2011 2:49 p.m."
"CO-1250-MIA-IAH2011-12-30","ActualDepartureTime","Fri., Dec.30, 2011 2:52 p.m."
"CO-1250-MIA-IAH2011-12-30","ExpectedArrivalTime","Fri., Dec.30, 2011 4:50 p.m."
"CO-1250-MIA-IAH2011-12-30","ActualArrivalTime","Fri., Dec.30, 2011 4:55 p.m."
"CO-62-IAH-EWR2011-12-30","ExpectedDepartureTime","Fri., Dec.30, 2011 2:30 p.m."
"CO-62-IAH-EWR2011-12-30","ActualDepartureTime","Fri., Dec.30, 2011 3:10 p.m."
"CO-62-IAH-EWR2011-12-30","ExpectedArrivalTime","Fri., Dec.30, 2011 7:03 p.m."
"CO-62-IAH-EWR2011-12-30","ActualArrivalTime","Fri., Dec.30, 2011 7:16 p.m."
"CO-52-IAH-LAX2011-12-30","ExpectedDepartureTime","Fri., Dec.30, 2011 7:35 a.m."
"CO-52-IAH-LAX2011-12-30","ActualDepartureTime","Fri., Dec.30, 2011 7:38 a.m."
"CO-52-IAH-LAX2011-12-30","ExpectedArrivalTime","Fri., Dec.30, 2011 9:30 a.m."
"CO-52-IAH-LAX2011-12-30","ActualArrivalTime","Fri., Dec.30, 2011 9:18 a.m."
"CO-1614-LAX-IAH2011-12-30","ExpectedDepartureTime","Fri., Dec.30, 2011 12:30 a.m."
"CO-1614-LAX-IAH2011-12-30","ActualDepartureTime","Fri., Dec.30, 2011 12:37 a.m."
"CO-1614-LAX-IAH2011-12-30","ExpectedArrivalTime","Fri., Dec.30, 2011 5:36 a.m."
"CO-1614-LAX-IAH2011-12-30","ActualArrivalTime","Fri., Dec.30, 2011 5:30 a.m."
"CO-89-IAH-EWR2011-12-30","ExpectedDepartureTime","Fri., Dec.30, 2011 6:00 a.m."
"CO-89-IAH-EWR2011-12-30","ActualDepartureTime","Fri., Dec.30, 2011 5:57 a.m."
"CO-89-IAH-EWR2011-12-30","ExpectedArrivalTime","Fri., Dec.30, 2011 10:20 a.m."
"CO-89-IAH-EWR2011-12-30","ActualArrivalTime","Fri., Dec.30, 2011 10:00 a.m."
"CO-1090-BOS-IAH2011-12-30","ExpectedDepartureTime","Fri., Dec.30, 2011 9:50 a.m."
"CO-1090-BOS-IAH2011-12-30","ActualDepartureTime","Fri., Dec.30, 2011 9:47 a.m."
"CO-1090-BOS-IAH2011-12-30","ExpectedArrivalTime","Fri., Dec.30, 2011 1:20 p.m."
"CO-1090-BOS-IAH2011-12-30","ActualArrivalTime","Fri., Dec.30, 2011 1:06 p.m."
"CO-45-EWR-MIA2011-12-30","ExpectedDepartureTime","Fri., Dec.30, 2011 3:50 p.m."
"CO-45-EWR-MIA2011-12-30","ActualDepartureTime","Fri., Dec.30, 2011 4:09 p.m."
"CO-45-EWR-MIA2011-12-30","ExpectedArrivalTime","Fri., Dec.30, 2011 7:05 p.m."
"CO-45-EWR-MIA2011-12-30","ActualArrivalTime","Fri., Dec.30, 2011 7:04 p.m."
"CO-63-EWR-IAH2011-12-30","ExpectedDepartureTime","Fri., Dec.30, 2011 5:25 p.m."
"CO-63-EWR-IAH2011-12-30","ActualDepartureTime","Fri., Dec.30, 2011 5:21 p.m."
"CO-63-EWR-IAH2011-12-30","ExpectedArrivalTime","Fri., Dec.30, 2011 8:30 p.m."
"CO-63-EWR-IAH2011-12-30","ActualArrivalTime","Fri., Dec.30, 2011 8:01 p.m."
"CO-50-CLE-EWR2011-12-30","ExpectedDepartureTime","Fri., Dec.30, 2011 2:55 p.m."
"CO-50-CLE-EWR2011-12-30","ActualDepartureTime","Fri., Dec.30, 2011 2:49 p.m."
"CO-50-CLE-EWR2011-12-30","ExpectedArrivalTime","Fri., Dec.30, 2011 4:53 p.m."
"CO-50-CLE-EWR2011-12-30","ActualArrivalTime","Fri., Dec.30, 2011 4:37 p.m."
"CO-1561-PHX-IAH2011-12-30","ExpectedDepartureTime","Fri., Dec.30, 2011 8:05 a.m."
"CO-1561-PHX-IAH2011-12-30","ActualDepartureTime","Fri., Dec.30, 2011 8:01 a.m."
"CO-1561-PHX-IAH2011-12-30","ExpectedArrivalTime","Fri., Dec.30, 2011 11:37 a.m."
"CO-1561-PHX-IAH2011-12-30","ActualArrivalTime","Fri., Dec.30, 2011 11:42 a.m."
"CO-47-IAH-LAX2011-12-30","ExpectedDepartureTime","Fri., Dec.30, 2011 7:10 p.m."
"CO-47-IAH-LAX2011-12-30","ActualDepartureTime","Fri., Dec.30, 2011 7:16 p.m."
"CO-47-IAH-LAX2011-12-30","ExpectedArrivalTime","Fri., Dec.30, 2011 9:06 p.m."
"CO-47-IAH-LAX2011-12-30","ActualArrivalTime","Fri., Dec.30, 2011 8:51 p.m."
