"ObjectID","PropertyID","PropertyValue"
"AA-1221-MCO-ORD2011-12-26","ExpectedDepartureTime","December 26, 2011               08:00 PM    "
"AA-1221-MCO-ORD2011-12-26","ActualDepartureTime","December 26, 2011               08:21 PM    "
"AA-1221-MCO-ORD2011-12-26","DepartureGate"," 15"
"AA-1221-MCO-ORD2011-12-26","ExpectedArrivalTime","December 26, 2011               09:50 PM    "
"AA-1221-MCO-ORD2011-12-26","ActualArrivalTime","December 26, 2011               09:57 PM    "
"AA-1221-MCO-ORD2011-12-26","ArrivalGate"," H12    "
"AA-4307-ORD-DTW2011-12-26","ExpectedDepartureTime","December 26, 2011               06:45 PM    "
"AA-4307-ORD-DTW2011-12-26","ActualDepartureTime","December 26, 2011               07:32 PM    "
"AA-4307-ORD-DTW2011-12-26","DepartureGate"," G7"
"AA-4307-ORD-DTW2011-12-26","ExpectedArrivalTime","December 26, 2011               09:10 PM    "
"AA-4307-ORD-DTW2011-12-26","ActualArrivalTime","December 26, 2011               09:46 PM    "
"AA-4307-ORD-DTW2011-12-26","ArrivalGate"," D28    "
"AA-616-DFW-DTW2011-12-26","ExpectedDepartureTime","December 26, 2011               09:05 AM    "
"AA-616-DFW-DTW2011-12-26","ActualDepartureTime","December 26, 2011               09:05 AM    "
"AA-616-DFW-DTW2011-12-26","DepartureGate"," D37"
"AA-616-DFW-DTW2011-12-26","ExpectedArrivalTime","December 26, 2011               12:35 PM    "
"AA-616-DFW-DTW2011-12-26","ActualArrivalTime","December 26, 2011               12:29 PM    "
"AA-616-DFW-DTW2011-12-26","ArrivalGate"," D32    "
"AA-431-MIA-SFO2011-12-26","ExpectedDepartureTime","December 26, 2011               08:35 AM    "
"AA-431-MIA-SFO2011-12-26","ActualDepartureTime","December 26, 2011               08:32 AM    "
"AA-431-MIA-SFO2011-12-26","DepartureGate"," D11"
"AA-431-MIA-SFO2011-12-26","ExpectedArrivalTime","December 26, 2011               11:50 AM    "
"AA-431-MIA-SFO2011-12-26","ActualArrivalTime","December 26, 2011               11:35 AM    "
"AA-431-MIA-SFO2011-12-26","ArrivalGate"," 57    "
"AA-3756-ORD-SLC2011-12-26","ExpectedDepartureTime","December 26, 2011               12:15 PM    "
"AA-3756-ORD-SLC2011-12-26","ActualDepartureTime","December 26, 2011               12:15 PM    "
"AA-3756-ORD-SLC2011-12-26","DepartureGate"," G19"
"AA-3756-ORD-SLC2011-12-26","ExpectedArrivalTime","December 26, 2011               02:45 PM    "
"AA-3756-ORD-SLC2011-12-26","ActualArrivalTime","December 26, 2011               02:33 PM    "
"AA-3756-ORD-SLC2011-12-26","ArrivalGate"," A3    "
"AA-2050-ORD-MIA2011-12-26","ExpectedDepartureTime","December 26, 2011               10:40 AM    "
"AA-2050-ORD-MIA2011-12-26","ActualDepartureTime","December 26, 2011               11:01 AM    "
"AA-2050-ORD-MIA2011-12-26","DepartureGate"," K13"
"AA-2050-ORD-MIA2011-12-26","ExpectedArrivalTime","December 26, 2011               02:45 PM    "
"AA-2050-ORD-MIA2011-12-26","ActualArrivalTime","December 26, 2011               02:53 PM    "
"AA-2050-ORD-MIA2011-12-26","ArrivalGate"," D40    "
"AA-3804-PHL-ORD2011-12-26","ExpectedDepartureTime","December 26, 2011               02:35 PM    "
"AA-3804-PHL-ORD2011-12-26","ActualDepartureTime","December 26, 2011               02:27 PM    "
"AA-3804-PHL-ORD2011-12-26","DepartureGate"," A7"
"AA-3804-PHL-ORD2011-12-26","ExpectedArrivalTime","December 26, 2011               04:05 PM    "
"AA-3804-PHL-ORD2011-12-26","ActualArrivalTime","December 26, 2011               03:36 PM    "
"AA-3804-PHL-ORD2011-12-26","ArrivalGate"," H5    "
"AA-1664-MIA-ATL2011-12-26","ExpectedDepartureTime","December 26, 2011               10:15 AM    "
"AA-1664-MIA-ATL2011-12-26","ActualDepartureTime","December 26, 2011               10:17 AM    "
"AA-1664-MIA-ATL2011-12-26","DepartureGate"," D6"
"AA-1664-MIA-ATL2011-12-26","ExpectedArrivalTime","December 26, 2011               12:10 PM    "
"AA-1664-MIA-ATL2011-12-26","ActualArrivalTime","December 26, 2011               12:12 PM    "
"AA-1664-MIA-ATL2011-12-26","ArrivalGate"," T11    "
"AA-789-ORD-DEN2011-12-26","ExpectedDepartureTime","December 26, 2011               01:05 PM    "
"AA-789-ORD-DEN2011-12-26","ActualDepartureTime","December 26, 2011               01:03 PM    "
"AA-789-ORD-DEN2011-12-26","DepartureGate"," H11B"
"AA-789-ORD-DEN2011-12-26","ExpectedArrivalTime","December 26, 2011               02:35 PM    "
"AA-789-ORD-DEN2011-12-26","ActualArrivalTime","December 26, 2011               02:30 PM    "
"AA-789-ORD-DEN2011-12-26","ArrivalGate"," A49    "
"AA-1733-ORD-PHX2011-12-26","ExpectedDepartureTime","December 26, 2011               07:45 PM    "
"AA-1733-ORD-PHX2011-12-26","ActualDepartureTime","December 26, 2011               07:49 PM    "
"AA-1733-ORD-PHX2011-12-26","DepartureGate"," K12"
"AA-1733-ORD-PHX2011-12-26","ExpectedArrivalTime","December 26, 2011               10:30 PM    "
"AA-1733-ORD-PHX2011-12-26","ActualArrivalTime","December 26, 2011     "
"AA-1733-ORD-PHX2011-12-26","ArrivalGate"," 6    "
"AA-1733-ORD-PHX2011-12-26","ExpectedDepartureTime","December 26, 2011               07:45 PM    "
"AA-1733-ORD-PHX2011-12-26","ActualDepartureTime","December 26, 2011               07:49 PM    "
"AA-1733-ORD-PHX2011-12-26","DepartureGate"," K12"
"AA-1733-ORD-PHX2011-12-26","ExpectedArrivalTime","December 26, 2011               10:30 PM    "
"AA-1733-ORD-PHX2011-12-26","ActualArrivalTime","December 26, 2011     "
"AA-1733-ORD-PHX2011-12-26","ArrivalGate"," 6    "
"AA-4277-CVG-JFK2011-12-26","ExpectedDepartureTime","December 26, 2011               12:10 PM    "
"AA-4277-CVG-JFK2011-12-26","ActualDepartureTime","December 26, 2011               12:03 PM    "
"AA-4277-CVG-JFK2011-12-26","DepartureGate"," 1"
"AA-4277-CVG-JFK2011-12-26","ExpectedArrivalTime","December 26, 2011               02:15 PM    "
"AA-4277-CVG-JFK2011-12-26","ActualArrivalTime","December 26, 2011               01:55 PM    "
"AA-4277-CVG-JFK2011-12-26","ArrivalGate"," 31C    "
"AA-2312-DFW-DTW2011-12-26","ExpectedDepartureTime","December 26, 2011               08:25 PM    "
"AA-2312-DFW-DTW2011-12-26","ActualDepartureTime","December 26, 2011     "
"AA-2312-DFW-DTW2011-12-26","DepartureGate"," A36"
"AA-2312-DFW-DTW2011-12-26","ExpectedArrivalTime","December 26, 2011               11:50 PM    "
"AA-2312-DFW-DTW2011-12-26","ActualArrivalTime","December 26, 2011     "
"AA-2312-DFW-DTW2011-12-26","ArrivalGate"," D32    "
"AA-85-JFK-SFO2011-12-26","ExpectedDepartureTime","December 26, 2011               03:05 PM    "
"AA-85-JFK-SFO2011-12-26","ActualDepartureTime","December 26, 2011               02:59 PM    "
"AA-85-JFK-SFO2011-12-26","DepartureGate"," 12"
"AA-85-JFK-SFO2011-12-26","ExpectedArrivalTime","December 26, 2011               06:30 PM    "
"AA-85-JFK-SFO2011-12-26","ActualArrivalTime","December 26, 2011               06:21 PM    "
"AA-85-JFK-SFO2011-12-26","ArrivalGate"," 58B    "
"AA-404-MIA-MCO2011-12-26","ExpectedDepartureTime","December 26, 2011               06:45 AM    "
"AA-404-MIA-MCO2011-12-26","ActualDepartureTime","December 26, 2011               06:38 AM    "
"AA-404-MIA-MCO2011-12-26","DepartureGate"," E5"
"AA-404-MIA-MCO2011-12-26","ExpectedArrivalTime","December 26, 2011               07:45 AM    "
"AA-404-MIA-MCO2011-12-26","ActualArrivalTime","December 26, 2011               07:49 AM    "
"AA-404-MIA-MCO2011-12-26","ArrivalGate"," 15    "
"AA-446-DFW-PHL2011-12-26","ExpectedDepartureTime","December 26, 2011               11:50 AM    "
"AA-446-DFW-PHL2011-12-26","ActualDepartureTime","December 26, 2011               11:48 AM    "
"AA-446-DFW-PHL2011-12-26","DepartureGate"," A36"
"AA-446-DFW-PHL2011-12-26","ExpectedArrivalTime","December 26, 2011               03:50 PM    "
"AA-446-DFW-PHL2011-12-26","ActualArrivalTime","December 26, 2011               03:44 PM    "
"AA-446-DFW-PHL2011-12-26","ArrivalGate"," A9    "
"AA-2268-PHX-ORD2011-12-26","ExpectedDepartureTime","December 26, 2011               07:15 AM    "
"AA-2268-PHX-ORD2011-12-26","ActualDepartureTime","December 26, 2011               07:09 AM    "
"AA-2268-PHX-ORD2011-12-26","DepartureGate"," 6"
"AA-2268-PHX-ORD2011-12-26","ExpectedArrivalTime","December 26, 2011               11:35 AM    "
"AA-2268-PHX-ORD2011-12-26","ActualArrivalTime","December 26, 2011               11:15 AM    "
"AA-2268-PHX-ORD2011-12-26","ArrivalGate"," K13    "
"AA-4344-ORD-DTW2011-12-26","ExpectedDepartureTime","December 26, 2011               11:45 AM    "
"AA-4344-ORD-DTW2011-12-26","ActualDepartureTime","December 26, 2011               11:45 AM    "
"AA-4344-ORD-DTW2011-12-26","DepartureGate"," G3"
"AA-4344-ORD-DTW2011-12-26","ExpectedArrivalTime","December 26, 2011               02:00 PM    "
"AA-4344-ORD-DTW2011-12-26","ActualArrivalTime","December 26, 2011               01:53 PM    "
"AA-4344-ORD-DTW2011-12-26","ArrivalGate"," D28    "
"AA-484-DFW-MIA2011-12-26","ExpectedDepartureTime","December 26, 2011               04:15 PM    "
"AA-484-DFW-MIA2011-12-26","ActualDepartureTime","December 26, 2011               04:16 PM    "
"AA-484-DFW-MIA2011-12-26","DepartureGate"," D17"
"AA-484-DFW-MIA2011-12-26","ExpectedArrivalTime","December 26, 2011               07:55 PM    "
"AA-484-DFW-MIA2011-12-26","ActualArrivalTime","December 26, 2011               07:56 PM    "
"AA-484-DFW-MIA2011-12-26","ArrivalGate"," D38    "
"AA-3979-CVG-ORD2011-12-26","ExpectedDepartureTime","December 26, 2011               07:30 AM    "
"AA-3979-CVG-ORD2011-12-26","ActualDepartureTime","December 26, 2011               07:28 AM    "
"AA-3979-CVG-ORD2011-12-26","DepartureGate"," 5"
"AA-3979-CVG-ORD2011-12-26","ExpectedArrivalTime","December 26, 2011               08:00 AM    "
"AA-3979-CVG-ORD2011-12-26","ActualArrivalTime","December 26, 2011               07:59 AM    "
"AA-3979-CVG-ORD2011-12-26","ArrivalGate"," G12    "
"AA-3063-SLC-LAX2011-12-26","ExpectedDepartureTime","December 26, 2011               08:20 PM    "
"AA-3063-SLC-LAX2011-12-26","ActualDepartureTime","December 26, 2011               08:08 PM    "
"AA-3063-SLC-LAX2011-12-26","DepartureGate"," A3"
"AA-3063-SLC-LAX2011-12-26","ExpectedArrivalTime","December 26, 2011               09:20 PM    "
"AA-3063-SLC-LAX2011-12-26","ActualArrivalTime","December 26, 2011     "
"AA-3063-SLC-LAX2011-12-26","ArrivalGate"," 44F    "
"AA-3859-IAH-ORD2011-12-26","ExpectedDepartureTime","December 26, 2011               07:10 AM    "
"AA-3859-IAH-ORD2011-12-26","ActualDepartureTime","December 26, 2011               07:06 AM    "
"AA-3859-IAH-ORD2011-12-26","DepartureGate"," A30"
"AA-3859-IAH-ORD2011-12-26","ExpectedArrivalTime","December 26, 2011               09:40 AM    "
"AA-3859-IAH-ORD2011-12-26","ActualArrivalTime","December 26, 2011               09:42 AM    "
"AA-3859-IAH-ORD2011-12-26","ArrivalGate"," H1A    "
"AA-3842-MSP-ORD2011-12-26","ExpectedDepartureTime","December 26, 2011               06:00 AM    "
"AA-3842-MSP-ORD2011-12-26","ActualDepartureTime","December 26, 2011               06:00 AM    "
"AA-3842-MSP-ORD2011-12-26","DepartureGate"," E14"
"AA-3842-MSP-ORD2011-12-26","ExpectedArrivalTime","December 26, 2011               07:30 AM    "
"AA-3842-MSP-ORD2011-12-26","ActualArrivalTime","December 26, 2011               07:35 AM    "
"AA-3842-MSP-ORD2011-12-26","ArrivalGate"," G19    "
"AA-1544-SAN-ORD2011-12-26","ExpectedDepartureTime","December 26, 2011               11:25 AM    "
"AA-1544-SAN-ORD2011-12-26","ActualDepartureTime","December 26, 2011               11:22 AM    "
"AA-1544-SAN-ORD2011-12-26","DepartureGate"," 27"
"AA-1544-SAN-ORD2011-12-26","ExpectedArrivalTime","December 26, 2011               05:25 PM    "
"AA-1544-SAN-ORD2011-12-26","ActualArrivalTime","December 26, 2011               05:29 PM    "
"AA-1544-SAN-ORD2011-12-26","ArrivalGate"," H6    "
"AA-649-ORD-SNA2011-12-26","ExpectedDepartureTime","December 26, 2011               01:30 PM    "
"AA-649-ORD-SNA2011-12-26","ActualDepartureTime","December 26, 2011     "
"AA-649-ORD-SNA2011-12-26","DepartureGate"," H10"
"AA-649-ORD-SNA2011-12-26","ExpectedArrivalTime","December 26, 2011               03:50 PM    "
"AA-649-ORD-SNA2011-12-26","ActualArrivalTime","December 26, 2011     "
"AA-649-ORD-SNA2011-12-26","ArrivalGate"," 7    "
"AA-1640-MIA-MCO2011-12-26","ExpectedDepartureTime","December 26, 2011               06:30 PM    "
"AA-1640-MIA-MCO2011-12-26","ActualDepartureTime","December 26, 2011     "
"AA-1640-MIA-MCO2011-12-26","DepartureGate"," D49"
"AA-1640-MIA-MCO2011-12-26","ExpectedArrivalTime","December 26, 2011               07:25 PM    "
"AA-1640-MIA-MCO2011-12-26","ActualArrivalTime","December 26, 2011     "
"AA-1640-MIA-MCO2011-12-26","ArrivalGate"," 14    "
"AA-518-MIA-JFK2011-12-26","ExpectedDepartureTime","December 26, 2011               06:30 AM    "
"AA-518-MIA-JFK2011-12-26","ActualDepartureTime","December 26, 2011               06:30 AM    "
"AA-518-MIA-JFK2011-12-26","DepartureGate"," D16"
"AA-518-MIA-JFK2011-12-26","ExpectedArrivalTime","December 26, 2011               09:15 AM    "
"AA-518-MIA-JFK2011-12-26","ActualArrivalTime","December 26, 2011               09:19 AM    "
"AA-518-MIA-JFK2011-12-26","ArrivalGate"," 4    "
"AA-2525-DFW-MIA2011-12-26","ExpectedDepartureTime","December 26, 2011               07:25 AM    "
"AA-2525-DFW-MIA2011-12-26","ActualDepartureTime","December 26, 2011               07:19 AM    "
"AA-2525-DFW-MIA2011-12-26","DepartureGate"," A24"
"AA-2525-DFW-MIA2011-12-26","ExpectedArrivalTime","December 26, 2011               11:10 AM    "
"AA-2525-DFW-MIA2011-12-26","ActualArrivalTime","December 26, 2011               10:56 AM    "
"AA-2525-DFW-MIA2011-12-26","ArrivalGate"," D14    "
"AA-1279-DFW-PHX2011-12-26","ExpectedDepartureTime","December 26, 2011               01:00 PM    "
"AA-1279-DFW-PHX2011-12-26","ActualDepartureTime","December 26, 2011               01:01 PM    "
"AA-1279-DFW-PHX2011-12-26","DepartureGate"," C39"
"AA-1279-DFW-PHX2011-12-26","ExpectedArrivalTime","December 26, 2011               02:35 PM    "
"AA-1279-DFW-PHX2011-12-26","ActualArrivalTime","December 26, 2011               02:37 PM    "
"AA-1279-DFW-PHX2011-12-26","ArrivalGate"," 4    "
"AA-1522-SFO-ORD2011-12-26","ExpectedDepartureTime","December 26, 2011               11:55 PM    "
"AA-1522-SFO-ORD2011-12-26","ActualDepartureTime","December 26, 2011     "
"AA-1522-SFO-ORD2011-12-26","DepartureGate"," 57"
"AA-1522-SFO-ORD2011-12-26","ExpectedArrivalTime","December 27, 2011               05:50 AM    "
"AA-1522-SFO-ORD2011-12-26","ActualArrivalTime","December 27, 2011     "
"AA-1522-SFO-ORD2011-12-26","ArrivalGate"," H10    "
"AA-1434-DFW-MCO2011-12-26","ExpectedDepartureTime","December 26, 2011               07:15 AM    "
"AA-1434-DFW-MCO2011-12-26","ActualDepartureTime","December 26, 2011               07:10 AM    "
"AA-1434-DFW-MCO2011-12-26","DepartureGate"," D38"
"AA-1434-DFW-MCO2011-12-26","ExpectedArrivalTime","December 26, 2011               10:35 AM    "
"AA-1434-DFW-MCO2011-12-26","ActualArrivalTime","December 26, 2011               10:48 AM    "
"AA-1434-DFW-MCO2011-12-26","ArrivalGate"," 17    "
"AA-59-JFK-SFO2011-12-26","ExpectedDepartureTime","December 26, 2011               07:10 AM    "
"AA-59-JFK-SFO2011-12-26","ActualDepartureTime","December 26, 2011               07:03 AM    "
"AA-59-JFK-SFO2011-12-26","DepartureGate"," 36"
"AA-59-JFK-SFO2011-12-26","ExpectedArrivalTime","December 26, 2011               10:45 AM    "
"AA-59-JFK-SFO2011-12-26","ActualArrivalTime","December 26, 2011               10:36 AM    "
"AA-59-JFK-SFO2011-12-26","ArrivalGate"," 58B    "
"AA-415-BOS-ORD2011-12-26","ExpectedDepartureTime","December 26, 2011               08:35 AM    "
"AA-415-BOS-ORD2011-12-26","ActualDepartureTime","December 26, 2011               08:32 AM    "
"AA-415-BOS-ORD2011-12-26","DepartureGate"," B29"
"AA-415-BOS-ORD2011-12-26","ExpectedArrivalTime","December 26, 2011               10:40 AM    "
"AA-415-BOS-ORD2011-12-26","ActualArrivalTime","December 26, 2011               10:08 AM    "
"AA-415-BOS-ORD2011-12-26","ArrivalGate"," K18    "
"AA-222-LAX-BOS2011-12-26","ExpectedDepartureTime","December 26, 2011               07:10 AM    "
"AA-222-LAX-BOS2011-12-26","ActualDepartureTime","December 26, 2011               07:01 AM    "
"AA-222-LAX-BOS2011-12-26","DepartureGate"," 40"
"AA-222-LAX-BOS2011-12-26","ExpectedArrivalTime","December 26, 2011               03:30 PM    "
"AA-222-LAX-BOS2011-12-26","ActualArrivalTime","December 26, 2011               03:18 PM    "
"AA-222-LAX-BOS2011-12-26","ArrivalGate"," B28    "
"AA-3823-LAX-DEN2011-12-26","ExpectedDepartureTime","December 26, 2011               09:00 PM    "
"AA-3823-LAX-DEN2011-12-26","ActualDepartureTime","December 26, 2011     "
"AA-3823-LAX-DEN2011-12-26","DepartureGate"," 44J"
"AA-3823-LAX-DEN2011-12-26","ExpectedArrivalTime","December 27, 2011               12:15 AM    "
"AA-3823-LAX-DEN2011-12-26","ActualArrivalTime","December 27, 2011     "
"AA-3823-LAX-DEN2011-12-26","ArrivalGate"," A49    "
"AA-1165-JFK-MIA2011-12-26","ExpectedDepartureTime","December 26, 2011               06:59 AM    "
"AA-1165-JFK-MIA2011-12-26","ActualDepartureTime","December 26, 2011               06:51 AM    "
"AA-1165-JFK-MIA2011-12-26","DepartureGate"," 12"
"AA-1165-JFK-MIA2011-12-26","ExpectedArrivalTime","December 26, 2011               10:34 AM    "
"AA-1165-JFK-MIA2011-12-26","ActualArrivalTime","December 26, 2011               09:44 AM    "
"AA-1165-JFK-MIA2011-12-26","ArrivalGate"," D50    "
"AA-3786-IAH-ORD2011-12-26","ExpectedDepartureTime","December 26, 2011               04:00 PM    "
"AA-3786-IAH-ORD2011-12-26","ActualDepartureTime","December 26, 2011               04:05 PM    "
"AA-3786-IAH-ORD2011-12-26","DepartureGate"," A29"
"AA-3786-IAH-ORD2011-12-26","ExpectedArrivalTime","December 26, 2011               06:40 PM    "
"AA-3786-IAH-ORD2011-12-26","ActualArrivalTime","December 26, 2011               06:36 PM    "
"AA-3786-IAH-ORD2011-12-26","ArrivalGate"," H2    "
"AA-4330-CVG-ORD2011-12-26","ExpectedDepartureTime","December 26, 2011               03:35 PM    "
"AA-4330-CVG-ORD2011-12-26","ActualDepartureTime","December 26, 2011               03:28 PM    "
"AA-4330-CVG-ORD2011-12-26","DepartureGate"," 5"
"AA-4330-CVG-ORD2011-12-26","ExpectedArrivalTime","December 26, 2011               04:00 PM    "
"AA-4330-CVG-ORD2011-12-26","ActualArrivalTime","December 26, 2011               03:31 PM    "
"AA-4330-CVG-ORD2011-12-26","ArrivalGate"," G1B    "
"AA-3468-CVG-MIA2011-12-26","ExpectedDepartureTime","December 26, 2011               07:00 AM    "
"AA-3468-CVG-MIA2011-12-26","ActualDepartureTime","December 26, 2011               06:55 AM    "
"AA-3468-CVG-MIA2011-12-26","DepartureGate"," 3"
"AA-3468-CVG-MIA2011-12-26","ExpectedArrivalTime","December 26, 2011               09:55 AM    "
"AA-3468-CVG-MIA2011-12-26","ActualArrivalTime","December 26, 2011               09:36 AM    "
"AA-3468-CVG-MIA2011-12-26","ArrivalGate"," D55    "
"AA-204-LAX-MCO2011-12-26","ExpectedDepartureTime","December 26, 2011               11:25 PM    "
"AA-204-LAX-MCO2011-12-26","ActualDepartureTime","December 26, 2011     "
"AA-204-LAX-MCO2011-12-26","DepartureGate"," 42A"
"AA-204-LAX-MCO2011-12-26","ExpectedArrivalTime","December 27, 2011               06:55 AM    "
"AA-204-LAX-MCO2011-12-26","ActualArrivalTime","December 27, 2011     "
"AA-204-LAX-MCO2011-12-26","ArrivalGate"," 16    "
"AA-466-IAH-MIA2011-12-26","ExpectedDepartureTime","December 26, 2011               06:00 AM    "
"AA-466-IAH-MIA2011-12-26","ActualDepartureTime","December 26, 2011               05:58 AM    "
"AA-466-IAH-MIA2011-12-26","DepartureGate"," A27"
"AA-466-IAH-MIA2011-12-26","ExpectedArrivalTime","December 26, 2011               09:20 AM    "
"AA-466-IAH-MIA2011-12-26","ActualArrivalTime","December 26, 2011               09:12 AM    "
"AA-466-IAH-MIA2011-12-26","ArrivalGate"," D39    "
"AA-3-JFK-LAX2011-12-26","ExpectedDepartureTime","December 26, 2011               12:00 PM    "
"AA-3-JFK-LAX2011-12-26","ActualDepartureTime","December 26, 2011               11:56 AM    "
"AA-3-JFK-LAX2011-12-26","DepartureGate"," 36"
"AA-3-JFK-LAX2011-12-26","ExpectedArrivalTime","December 26, 2011               03:15 PM    "
"AA-3-JFK-LAX2011-12-26","ActualArrivalTime","December 26, 2011               03:09 PM    "
"AA-3-JFK-LAX2011-12-26","ArrivalGate"," 46A    "
"AA-1007-MIA-PHX2011-12-26","ExpectedDepartureTime","December 26, 2011               04:55 PM    "
"AA-1007-MIA-PHX2011-12-26","ActualDepartureTime","December 26, 2011               04:50 PM    "
"AA-1007-MIA-PHX2011-12-26","DepartureGate"," D30"
"AA-1007-MIA-PHX2011-12-26","ExpectedArrivalTime","December 26, 2011               08:05 PM    "
"AA-1007-MIA-PHX2011-12-26","ActualArrivalTime","December 26, 2011               07:42 PM    "
"AA-1007-MIA-PHX2011-12-26","ArrivalGate"," 6    "
"AA-271-MIA-LAX2011-12-26","ExpectedDepartureTime","December 26, 2011               11:35 AM    "
"AA-271-MIA-LAX2011-12-26","ActualDepartureTime","December 26, 2011               11:36 AM    "
"AA-271-MIA-LAX2011-12-26","DepartureGate"," D12"
"AA-271-MIA-LAX2011-12-26","ExpectedArrivalTime","December 26, 2011               02:25 PM    "
"AA-271-MIA-LAX2011-12-26","ActualArrivalTime","December 26, 2011               02:08 PM    "
"AA-271-MIA-LAX2011-12-26","ArrivalGate"," 42A    "
"AA-643-MIA-ORD2011-12-26","ExpectedDepartureTime","December 26, 2011               07:10 AM    "
"AA-643-MIA-ORD2011-12-26","ActualDepartureTime","December 26, 2011               07:06 AM    "
"AA-643-MIA-ORD2011-12-26","DepartureGate"," D3"
"AA-643-MIA-ORD2011-12-26","ExpectedArrivalTime","December 26, 2011               09:35 AM    "
"AA-643-MIA-ORD2011-12-26","ActualArrivalTime","December 26, 2011               09:21 AM    "
"AA-643-MIA-ORD2011-12-26","ArrivalGate"," H15    "
"AA-4198-ORD-CLE2011-12-26","ExpectedDepartureTime","December 26, 2011               10:40 AM    "
"AA-4198-ORD-CLE2011-12-26","ActualDepartureTime","December 26, 2011               10:34 AM    "
"AA-4198-ORD-CLE2011-12-26","DepartureGate"," G9"
"AA-4198-ORD-CLE2011-12-26","ExpectedArrivalTime","December 26, 2011               12:55 PM    "
"AA-4198-ORD-CLE2011-12-26","ActualArrivalTime","December 26, 2011               12:43 PM    "
"AA-4198-ORD-CLE2011-12-26","ArrivalGate"," A1    "
"AA-400-DFW-JFK2011-12-26","ExpectedDepartureTime","December 26, 2011               10:40 AM    "
"AA-400-DFW-JFK2011-12-26","ActualDepartureTime","December 26, 2011               10:45 AM    "
"AA-400-DFW-JFK2011-12-26","DepartureGate"," C14"
"AA-400-DFW-JFK2011-12-26","ExpectedArrivalTime","December 26, 2011               02:59 PM    "
"AA-400-DFW-JFK2011-12-26","ActualArrivalTime","December 26, 2011               02:48 PM    "
"AA-400-DFW-JFK2011-12-26","ArrivalGate"," 42    "
"AA-1886-BOS-MIA2011-12-26","ExpectedDepartureTime","December 26, 2011               10:45 AM    "
"AA-1886-BOS-MIA2011-12-26","ActualDepartureTime","December 26, 2011               10:44 AM    "
"AA-1886-BOS-MIA2011-12-26","DepartureGate"," B28"
"AA-1886-BOS-MIA2011-12-26","ExpectedArrivalTime","December 26, 2011               02:20 PM    "
"AA-1886-BOS-MIA2011-12-26","ActualArrivalTime","December 26, 2011               01:48 PM    "
"AA-1886-BOS-MIA2011-12-26","ArrivalGate"," D4    "
"AA-1917-JFK-MCO2011-12-26","ExpectedDepartureTime","December 26, 2011               02:55 PM    "
"AA-1917-JFK-MCO2011-12-26","ActualDepartureTime","December 26, 2011               03:13 PM    "
"AA-1917-JFK-MCO2011-12-26","DepartureGate"," 3"
"AA-1917-JFK-MCO2011-12-26","ExpectedArrivalTime","December 26, 2011               05:55 PM    "
"AA-1917-JFK-MCO2011-12-26","ActualArrivalTime","December 26, 2011               05:46 PM    "
"AA-1917-JFK-MCO2011-12-26","ArrivalGate"," 16    "
"AA-3809-PHX-LAX2011-12-26","ExpectedDepartureTime","December 26, 2011               06:00 AM    "
"AA-3809-PHX-LAX2011-12-26","ActualDepartureTime","December 26, 2011               06:00 AM    "
"AA-3809-PHX-LAX2011-12-26","DepartureGate"," 2"
"AA-3809-PHX-LAX2011-12-26","ExpectedArrivalTime","December 26, 2011               06:40 AM    "
"AA-3809-PHX-LAX2011-12-26","ActualArrivalTime","December 26, 2011               06:28 AM    "
"AA-3809-PHX-LAX2011-12-26","ArrivalGate"," 44I    "
"AA-2957-DFW-CVG2011-12-26","ExpectedDepartureTime","December 26, 2011               07:55 AM    "
"AA-2957-DFW-CVG2011-12-26","ActualDepartureTime","December 26, 2011               07:49 AM    "
"AA-2957-DFW-CVG2011-12-26","DepartureGate"," B22"
"AA-2957-DFW-CVG2011-12-26","ExpectedArrivalTime","December 26, 2011               11:05 AM    "
"AA-2957-DFW-CVG2011-12-26","ActualArrivalTime","December 26, 2011               10:49 AM    "
"AA-2957-DFW-CVG2011-12-26","ArrivalGate"," 3    "
"UA-1500-IAH-GUA2011-12-26","ExpectedDepartureTime","Mon, Dec 26 8:50 AM"
"UA-1500-IAH-GUA2011-12-26","ActualDepartureTime","Mon, Dec 26 8:50 AM            On Time"
"UA-1500-IAH-GUA2011-12-26","DepartureGate","E2"
"UA-1500-IAH-GUA2011-12-26","ExpectedArrivalTime","Mon, Dec 26 11:43 AM"
"UA-1500-IAH-GUA2011-12-26","ActualArrivalTime","Mon, Dec 26 11:36 AM"
"UA-1500-IAH-GUA2011-12-26","ArrivalGate","15"
"UA-3515-IAD-MSP2011-12-26","ExpectedDepartureTime","Mon, Dec 26 8:19 AM"
"UA-3515-IAD-MSP2011-12-26","ActualDepartureTime","Mon, Dec 26 8:26 AM"
"UA-3515-IAD-MSP2011-12-26","DepartureGate","D18"
"UA-3515-IAD-MSP2011-12-26","ExpectedArrivalTime","Mon, Dec 26 10:09 AM"
"UA-3515-IAD-MSP2011-12-26","ActualArrivalTime","Mon, Dec 26 10:19 AM"
"UA-3515-IAD-MSP2011-12-26","ArrivalGate","E10"
"UA-664-ORD-PHL2011-12-26","ExpectedDepartureTime","Mon, Dec 26 1:35 PM"
"UA-664-ORD-PHL2011-12-26","ActualDepartureTime","Mon, Dec 26 1:38 PM"
"UA-664-ORD-PHL2011-12-26","DepartureGate","C25"
"UA-664-ORD-PHL2011-12-26","ExpectedArrivalTime","Mon, Dec 26 4:38 PM"
"UA-664-ORD-PHL2011-12-26","ActualArrivalTime","Mon, Dec 26 4:23 PM"
"UA-664-ORD-PHL2011-12-26","ArrivalGate","D9"
"UA-414-LAX-SFO2011-12-26","ExpectedDepartureTime","Mon, Dec 26 6:00 AM"
"UA-414-LAX-SFO2011-12-26","ActualDepartureTime","Mon, Dec 26 5:57 AM"
"UA-414-LAX-SFO2011-12-26","DepartureGate","75A"
"UA-414-LAX-SFO2011-12-26","ExpectedArrivalTime","Mon, Dec 26 7:26 AM"
"UA-414-LAX-SFO2011-12-26","ActualArrivalTime","Mon, Dec 26 7:22 AM"
"UA-414-LAX-SFO2011-12-26","ArrivalGate","72"
"UA-257-JFK-SFO2011-12-26","ExpectedDepartureTime","Mon, Dec 26 2:30 PM"
"UA-257-JFK-SFO2011-12-26","ActualDepartureTime","Mon, Dec 26 2:25 PM"
"UA-257-JFK-SFO2011-12-26","DepartureGate","10"
"UA-257-JFK-SFO2011-12-26","ExpectedArrivalTime","Mon, Dec 26 6:14 PM"
"UA-257-JFK-SFO2011-12-26","ActualArrivalTime","Mon, Dec 26 6:02 PM"
"UA-257-JFK-SFO2011-12-26","ArrivalGate","94"
"UA-62-IAH-EWR2011-12-26","ExpectedDepartureTime","Mon, Dec 26 2:30 PM"
"UA-62-IAH-EWR2011-12-26","ActualDepartureTime","Mon, Dec 26 2:27 PM"
"UA-62-IAH-EWR2011-12-26","DepartureGate","C-37"
"UA-62-IAH-EWR2011-12-26","ExpectedArrivalTime","Mon, Dec 26 7:03 PM"
"UA-62-IAH-EWR2011-12-26","ActualArrivalTime","Mon, Dec 26 6:45 PM"
"UA-62-IAH-EWR2011-12-26","ArrivalGate","C81"
"UA-843-LAX-ORD2011-12-26","ExpectedDepartureTime","Mon, Dec 26 2:10 PM"
"UA-843-LAX-ORD2011-12-26","ActualDepartureTime","Mon, Dec 26 2:20 PM"
"UA-843-LAX-ORD2011-12-26","DepartureGate","70A"
"UA-843-LAX-ORD2011-12-26","ExpectedArrivalTime","Mon, Dec 26 8:12 PM"
"UA-843-LAX-ORD2011-12-26","ActualArrivalTime","Mon, Dec 26 8:13 PM"
"UA-843-LAX-ORD2011-12-26","ArrivalGate","C25"
"UA-248-PHX-ORD2011-12-26","ExpectedDepartureTime","Mon, Dec 26 12:52 PM"
"UA-248-PHX-ORD2011-12-26","ActualDepartureTime","Mon, Dec 26 12:52 PM            On Time"
"UA-248-PHX-ORD2011-12-26","DepartureGate","5"
"UA-248-PHX-ORD2011-12-26","ExpectedArrivalTime","Mon, Dec 26 5:13 PM"
"UA-248-PHX-ORD2011-12-26","ActualArrivalTime","Mon, Dec 26 5:13 PM"
"UA-248-PHX-ORD2011-12-26","ArrivalGate","B11"
"UA-248-PHX-ORD2011-12-26","ExpectedDepartureTime","Mon, Dec 26 12:52 PM"
"UA-248-PHX-ORD2011-12-26","ActualDepartureTime","Mon, Dec 26 12:50 PM            On Time"
"UA-248-PHX-ORD2011-12-26","DepartureGate","5"
"UA-248-PHX-ORD2011-12-26","ExpectedArrivalTime","Mon, Dec 26 5:13 PM"
"UA-248-PHX-ORD2011-12-26","ActualArrivalTime","Mon, Dec 26 5:13 PM"
"UA-248-PHX-ORD2011-12-26","ArrivalGate","B11"
"UA-397-JFK-SFO2011-12-26","ExpectedDepartureTime","Mon, Dec 26 8:25 AM"
"UA-397-JFK-SFO2011-12-26","ActualDepartureTime","Mon, Dec 26 8:25 AM"
"UA-397-JFK-SFO2011-12-26","DepartureGate","9"
"UA-397-JFK-SFO2011-12-26","ExpectedArrivalTime","Mon, Dec 26 12:14 PM"
"UA-397-JFK-SFO2011-12-26","ActualArrivalTime","Mon, Dec 26 11:48 AM"
"UA-397-JFK-SFO2011-12-26","ArrivalGate","83"
"UA-2704-DTW-PHX2011-12-26","ExpectedDepartureTime","Mon, Dec 26 11:15 AM"
"UA-2704-DTW-PHX2011-12-26","ActualDepartureTime","Mon, Dec 26 11:23 AM"
"UA-2704-DTW-PHX2011-12-26","DepartureGate","D14"
"UA-2704-DTW-PHX2011-12-26","ExpectedArrivalTime","Mon, Dec 26 1:40 PM"
"UA-2704-DTW-PHX2011-12-26","ActualArrivalTime","Mon, Dec 26 1:30 PM"
"UA-2704-DTW-PHX2011-12-26","ArrivalGate","A8"
"UA-2515-DFW-CLT2011-12-26","ExpectedDepartureTime","Mon, Dec 26 7:00 AM"
"UA-2515-DFW-CLT2011-12-26","ActualDepartureTime","Mon, Dec 26 7:00 AM"
"UA-2515-DFW-CLT2011-12-26","DepartureGate","E35"
"UA-2515-DFW-CLT2011-12-26","ExpectedArrivalTime","Mon, Dec 26 10:26 AM"
"UA-2515-DFW-CLT2011-12-26","ActualArrivalTime","Mon, Dec 26 10:07 AM"
"UA-2515-DFW-CLT2011-12-26","ArrivalGate","B9"
"UA-3373-IAD-PHL2011-12-26","ExpectedDepartureTime","Mon, Dec 26 8:30 AM"
"UA-3373-IAD-PHL2011-12-26","ActualDepartureTime","Mon, Dec 26 8:51 AM"
"UA-3373-IAD-PHL2011-12-26","DepartureGate","A5D"
"UA-3373-IAD-PHL2011-12-26","ExpectedArrivalTime","Mon, Dec 26 9:25 AM"
"UA-3373-IAD-PHL2011-12-26","ActualArrivalTime","Mon, Dec 26 9:46 AM"
"UA-3373-IAD-PHL2011-12-26","ArrivalGate","D7"
"UA-2906-PHL-MCO2011-12-26","ExpectedDepartureTime","Mon, Dec 26 3:50 PM"
"UA-2906-PHL-MCO2011-12-26","ActualDepartureTime","Mon, Dec 26 3:50 PM            Delayed"
"UA-2906-PHL-MCO2011-12-26","DepartureGate","B13"
"UA-2906-PHL-MCO2011-12-26","ExpectedArrivalTime","Mon, Dec 26 6:23 PM"
"UA-2906-PHL-MCO2011-12-26","ActualArrivalTime","Mon, Dec 26 5:59 PM"
"UA-2906-PHL-MCO2011-12-26","ArrivalGate","58"
"UA-938-DEN-ORD2011-12-26","ExpectedDepartureTime","Mon, Dec 26 3:54 PM"
"UA-938-DEN-ORD2011-12-26","ActualDepartureTime","Mon, Dec 26 3:48 PM"
"UA-938-DEN-ORD2011-12-26","DepartureGate","B45"
"UA-938-DEN-ORD2011-12-26","ExpectedArrivalTime","Mon, Dec 26 7:17 PM"
"UA-938-DEN-ORD2011-12-26","ActualArrivalTime","Mon, Dec 26 7:01 PM"
"UA-938-DEN-ORD2011-12-26","ArrivalGate","C9"
"UA-3099-PHX-PHL2011-12-26","ExpectedDepartureTime","Mon, Dec 26 11:55 AM"
"UA-3099-PHX-PHL2011-12-26","ActualDepartureTime","Mon, Dec 26 11:55 AM"
"UA-3099-PHX-PHL2011-12-26","DepartureGate","A14"
"UA-3099-PHX-PHL2011-12-26","ExpectedArrivalTime","Mon, Dec 26 6:17 PM"
"UA-3099-PHX-PHL2011-12-26","ActualArrivalTime","Mon, Dec 26 6:08 PM"
"UA-3099-PHX-PHL2011-12-26","ArrivalGate","A10"
"UA-3925-IAD-ORF2011-12-26","ExpectedDepartureTime","Mon, Dec 26 8:42 AM"
"UA-3925-IAD-ORF2011-12-26","ActualDepartureTime","Mon, Dec 26 8:43 AM"
"UA-3925-IAD-ORF2011-12-26","DepartureGate","A2G"
"UA-3925-IAD-ORF2011-12-26","ExpectedArrivalTime","Mon, Dec 26 9:55 AM"
"UA-3925-IAD-ORF2011-12-26","ActualArrivalTime","Mon, Dec 26 9:44 AM"
"UA-5487-SFO-MRY2011-12-26","ExpectedDepartureTime","Mon, Dec 26 10:37 AM"
"UA-5487-SFO-MRY2011-12-26","ActualDepartureTime","Mon, Dec 26 12:26 PM"
"UA-5487-SFO-MRY2011-12-26","DepartureGate","76A"
"UA-5487-SFO-MRY2011-12-26","ExpectedArrivalTime","Mon, Dec 26 11:24 AM"
"UA-5487-SFO-MRY2011-12-26","ActualArrivalTime","Mon, Dec 26 1:18 PM"
"UA-3050-PHX-CLT2011-12-26","ExpectedDepartureTime","Mon, Dec 26 11:05 AM"
"UA-3050-PHX-CLT2011-12-26","ActualDepartureTime","Mon, Dec 26 11:05 AM"
"UA-3050-PHX-CLT2011-12-26","DepartureGate","A7"
"UA-3050-PHX-CLT2011-12-26","ExpectedArrivalTime","Mon, Dec 26 4:57 PM"
"UA-3050-PHX-CLT2011-12-26","ActualArrivalTime","Mon, Dec 26 4:54 PM"
"UA-3050-PHX-CLT2011-12-26","ArrivalGate","B6"
"UA-828-SFO-ORD2011-12-26","ExpectedDepartureTime","Mon, Dec 26 11:13 PM"
"UA-828-SFO-ORD2011-12-26","ActualDepartureTime","Mon, Dec 26 11:13 PM            On Time"
"UA-828-SFO-ORD2011-12-26","DepartureGate","84"
"UA-828-SFO-ORD2011-12-26","ExpectedArrivalTime","Tue, Dec 27 5:15 AM"
"UA-828-SFO-ORD2011-12-26","ActualArrivalTime","Tue, Dec 27 5:15 AM"
"UA-828-SFO-ORD2011-12-26","ArrivalGate","B16"
"UA-2830-MCO-CLT2011-12-26","ExpectedDepartureTime","Mon, Dec 26 3:27 PM"
"UA-2830-MCO-CLT2011-12-26","ActualDepartureTime","Mon, Dec 26 3:27 PM"
"UA-2830-MCO-CLT2011-12-26","DepartureGate","58"
"UA-2830-MCO-CLT2011-12-26","ExpectedArrivalTime","Mon, Dec 26 5:05 PM"
"UA-2830-MCO-CLT2011-12-26","ActualArrivalTime","Mon, Dec 26 5:04 PM"
"UA-2830-MCO-CLT2011-12-26","ArrivalGate","C10"
"UA-37-EWR-MCO2011-12-26","ExpectedDepartureTime","Mon, Dec 26 1:29 PM"
"UA-37-EWR-MCO2011-12-26","ActualDepartureTime","Mon, Dec 26 1:29 PM"
"UA-37-EWR-MCO2011-12-26","DepartureGate","C136"
"UA-37-EWR-MCO2011-12-26","ExpectedArrivalTime","Mon, Dec 26 4:22 PM"
"UA-37-EWR-MCO2011-12-26","ActualArrivalTime","Mon, Dec 26 4:13 PM"
"UA-37-EWR-MCO2011-12-26","ArrivalGate","39"
"UA-2708-EWR-CLT2011-12-26","ExpectedDepartureTime","Mon, Dec 26 2:55 PM"
"UA-2708-EWR-CLT2011-12-26","ActualDepartureTime","Mon, Dec 26 2:55 PM"
"UA-2708-EWR-CLT2011-12-26","DepartureGate","A37"
"UA-2708-EWR-CLT2011-12-26","ExpectedArrivalTime","Mon, Dec 26 4:53 PM"
"UA-2708-EWR-CLT2011-12-26","ActualArrivalTime","Mon, Dec 26 4:37 PM"
"UA-2708-EWR-CLT2011-12-26","ArrivalGate","C13"
"UA-233-LAX-JFK2011-12-26","ExpectedDepartureTime","Mon, Dec 26 4:25 PM"
"UA-233-LAX-JFK2011-12-26","ActualDepartureTime","Mon, Dec 26 4:25 PM"
"UA-233-LAX-JFK2011-12-26","DepartureGate","73"
"UA-233-LAX-JFK2011-12-26","ExpectedArrivalTime","Tue, Dec 27 12:44 AM"
"UA-233-LAX-JFK2011-12-26","ActualArrivalTime","Tue, Dec 27 12:44 AM"
"UA-233-LAX-JFK2011-12-26","ArrivalGate","5"
"UA-2726-FLL-PHL2011-12-26","ExpectedDepartureTime","Mon, Dec 26 4:00 PM"
"UA-2726-FLL-PHL2011-12-26","ActualDepartureTime","Mon, Dec 26 4:00 PM"
"UA-2726-FLL-PHL2011-12-26","DepartureGate","E3"
"UA-2726-FLL-PHL2011-12-26","ExpectedArrivalTime","Mon, Dec 26 6:46 PM"
"UA-2726-FLL-PHL2011-12-26","ActualArrivalTime","Mon, Dec 26 6:34 PM"
"UA-2726-FLL-PHL2011-12-26","ArrivalGate","C17"
"UA-2945-PHL-CLT2011-12-26","ExpectedDepartureTime","Mon, Dec 26 12:00 AM"
"UA-2945-PHL-CLT2011-12-26","ActualDepartureTime","Mon, Dec 26 10:11 AM"
"UA-2945-PHL-CLT2011-12-26","DepartureGate","C21"
"UA-2945-PHL-CLT2011-12-26","ExpectedArrivalTime","Mon, Dec 26 1:45 PM"
"UA-2945-PHL-CLT2011-12-26","ActualArrivalTime","Mon, Dec 26 1:24 PM"
"UA-2945-PHL-CLT2011-12-26","ArrivalGate","C12"
"UA-6273-YYC-SFO2011-12-26","ExpectedDepartureTime","Mon, Dec 26 7:45 AM"
"UA-6273-YYC-SFO2011-12-26","ActualDepartureTime","Mon, Dec 26 7:47 AM"
"UA-6273-YYC-SFO2011-12-26","ExpectedArrivalTime","Mon, Dec 26 9:53 AM"
"UA-6273-YYC-SFO2011-12-26","ActualArrivalTime","Mon, Dec 26 10:56 AM"
"UA-6273-YYC-SFO2011-12-26","ArrivalGate","77A"
"UA-2314-ATL-PHL2011-12-26","ExpectedDepartureTime","Mon, Dec 26 2:55 PM"
"UA-2314-ATL-PHL2011-12-26","ActualDepartureTime","Mon, Dec 26 2:55 PM"
"UA-2314-ATL-PHL2011-12-26","DepartureGate","D23"
"UA-2314-ATL-PHL2011-12-26","ExpectedArrivalTime","Mon, Dec 26 5:00 PM"
"UA-2314-ATL-PHL2011-12-26","ActualArrivalTime","Mon, Dec 26 4:53 PM"
"UA-2314-ATL-PHL2011-12-26","ArrivalGate","C31"
"UA-382-IAD-LAX2011-12-26","ExpectedDepartureTime","Mon, Dec 26 12:20 PM"
"UA-382-IAD-LAX2011-12-26","ActualDepartureTime","Mon, Dec 26 12:19 PM            On Time"
"UA-382-IAD-LAX2011-12-26","DepartureGate","C27"
"UA-382-IAD-LAX2011-12-26","ExpectedArrivalTime","Mon, Dec 26 3:08 PM"
"UA-382-IAD-LAX2011-12-26","ActualArrivalTime","Mon, Dec 26 2:37 PM"
"UA-382-IAD-LAX2011-12-26","ArrivalGate","70A"
"UA-382-IAD-LAX2011-12-26","ExpectedDepartureTime","Mon, Dec 26 12:20 PM"
"UA-382-IAD-LAX2011-12-26","ActualDepartureTime","Mon, Dec 26 12:19 PM            On Time"
"UA-382-IAD-LAX2011-12-26","DepartureGate","C27"
"UA-382-IAD-LAX2011-12-26","ExpectedArrivalTime","Mon, Dec 26 3:08 PM"
"UA-382-IAD-LAX2011-12-26","ActualArrivalTime","Mon, Dec 26 2:51 PM"
"UA-382-IAD-LAX2011-12-26","ArrivalGate","70A"
"UA-854-SFO-IAH2011-12-26","ExpectedDepartureTime","Mon, Dec 26 7:35 AM"
"UA-854-SFO-IAH2011-12-26","ActualDepartureTime","Mon, Dec 26 7:37 AM"
"UA-854-SFO-IAH2011-12-26","DepartureGate","100"
"UA-854-SFO-IAH2011-12-26","ExpectedArrivalTime","Mon, Dec 26 1:30 PM"
"UA-854-SFO-IAH2011-12-26","ActualArrivalTime","Mon, Dec 26 1:26 PM"
"CO-1586-IAH-MCO2011-12-26","ExpectedDepartureTime","Mon., Dec.26, 2011 7:00 p.m."
"CO-1586-IAH-MCO2011-12-26","ActualDepartureTime","Mon., Dec.26, 2011 7:15 p.m."
"CO-1586-IAH-MCO2011-12-26","ExpectedArrivalTime","Mon., Dec.26, 2011 10:12 p.m."
"CO-1586-IAH-MCO2011-12-26","ActualArrivalTime","Mon., Dec.26, 2011 10:26 p.m."
"CO-1694-LAX-IAH2011-12-26","ExpectedDepartureTime","Mon., Dec.26, 2011 7:41 p.m."
"CO-1694-LAX-IAH2011-12-26","ActualDepartureTime","Mon., Dec.26, 2011 7:41 p.m."
"CO-1694-LAX-IAH2011-12-26","ExpectedArrivalTime","Mon., Dec.26, 2011 12:44 a.m."
"CO-1694-LAX-IAH2011-12-26","ActualArrivalTime","Mon., Dec.26, 2011 12:44 a.m."
"CO-1088-CLE-IAH2011-12-26","ExpectedDepartureTime","Mon., Dec.26, 2011 8:35 a.m."
"CO-1088-CLE-IAH2011-12-26","ActualDepartureTime","Mon., Dec.26, 2011 8:30 a.m."
"CO-1088-CLE-IAH2011-12-26","ExpectedArrivalTime","Mon., Dec.26, 2011 10:55 a.m."
"CO-1088-CLE-IAH2011-12-26","ActualArrivalTime","Mon., Dec.26, 2011 10:47 a.m."
"CO-16-LAX-EWR2011-12-26","ExpectedDepartureTime","Mon., Dec.26, 2011 10:25 a.m."
"CO-16-LAX-EWR2011-12-26","ActualDepartureTime","Mon., Dec.26, 2011 10:22 a.m."
"CO-16-LAX-EWR2011-12-26","ExpectedArrivalTime","Mon., Dec.26, 2011 6:39 p.m."
"CO-16-LAX-EWR2011-12-26","ActualArrivalTime","Mon., Dec.26, 2011 6:36 p.m."
"CO-58-DEN-IAH2011-12-26","ExpectedDepartureTime","Mon., Dec.26, 2011 11:30 a.m."
"CO-58-DEN-IAH2011-12-26","ActualDepartureTime","Mon., Dec.26, 2011 11:29 a.m."
"CO-58-DEN-IAH2011-12-26","ExpectedArrivalTime","Mon., Dec.26, 2011 2:56 p.m."
"CO-58-DEN-IAH2011-12-26","ActualArrivalTime","Mon., Dec.26, 2011 2:48 p.m."
"CO-1193-EWR-MCO2011-12-26","ExpectedDepartureTime","Mon., Dec.26, 2011 9:10 a.m."
"CO-1193-EWR-MCO2011-12-26","ActualDepartureTime","Mon., Dec.26, 2011 9:04 a.m."
"CO-1193-EWR-MCO2011-12-26","ExpectedArrivalTime","Mon., Dec.26, 2011 12:11 p.m."
"CO-1193-EWR-MCO2011-12-26","ActualArrivalTime","Mon., Dec.26, 2011 12:06 p.m."
"CO-1023-IAH-DEN2011-12-26","ExpectedDepartureTime","Mon., Dec.26, 2011 11:40 a.m."
"CO-1023-IAH-DEN2011-12-26","ActualDepartureTime","Mon., Dec.26, 2011 11:39 a.m."
"CO-1023-IAH-DEN2011-12-26","ExpectedArrivalTime","Mon., Dec.26, 2011 1:20 p.m."
"CO-1023-IAH-DEN2011-12-26","ActualArrivalTime","Mon., Dec.26, 2011 1:10 p.m."
"CO-1250-MIA-IAH2011-12-26","ExpectedDepartureTime","Mon., Dec.26, 2011 2:49 p.m."
"CO-1250-MIA-IAH2011-12-26","ActualDepartureTime","Mon., Dec.26, 2011 2:53 p.m."
"CO-1250-MIA-IAH2011-12-26","ExpectedArrivalTime","Mon., Dec.26, 2011 4:50 p.m."
"CO-1250-MIA-IAH2011-12-26","ActualArrivalTime","Mon., Dec.26, 2011 4:46 p.m."
"CO-62-IAH-EWR2011-12-26","ExpectedDepartureTime","Mon., Dec.26, 2011 2:30 p.m."
"CO-62-IAH-EWR2011-12-26","ActualDepartureTime","Mon., Dec.26, 2011 2:27 p.m."
"CO-62-IAH-EWR2011-12-26","ExpectedArrivalTime","Mon., Dec.26, 2011 7:03 p.m."
"CO-62-IAH-EWR2011-12-26","ActualArrivalTime","Mon., Dec.26, 2011 6:45 p.m."
"CO-1614-LAX-IAH2011-12-26","ExpectedDepartureTime","Mon., Dec.26, 2011 12:30 a.m."
"CO-1614-LAX-IAH2011-12-26","ActualDepartureTime","Mon., Dec.26, 2011 12:34 a.m."
"CO-1614-LAX-IAH2011-12-26","ExpectedArrivalTime","Mon., Dec.26, 2011 5:36 a.m."
"CO-1614-LAX-IAH2011-12-26","ActualArrivalTime","Mon., Dec.26, 2011 5:27 a.m."
"CO-89-IAH-EWR2011-12-26","ExpectedDepartureTime","Mon., Dec.26, 2011 6:00 a.m."
"CO-89-IAH-EWR2011-12-26","ActualDepartureTime","Mon., Dec.26, 2011 5:58 a.m."
"CO-89-IAH-EWR2011-12-26","ExpectedArrivalTime","Mon., Dec.26, 2011 10:20 a.m."
"CO-89-IAH-EWR2011-12-26","ActualArrivalTime","Mon., Dec.26, 2011 10:26 a.m."
"CO-1090-BOS-IAH2011-12-26","ExpectedDepartureTime","Mon., Dec.26, 2011 9:50 a.m."
"CO-1090-BOS-IAH2011-12-26","ActualDepartureTime","Mon., Dec.26, 2011 10:22 a.m."
"CO-1090-BOS-IAH2011-12-26","ExpectedArrivalTime","Mon., Dec.26, 2011 1:20 p.m."
"CO-1090-BOS-IAH2011-12-26","ActualArrivalTime","Mon., Dec.26, 2011 1:23 p.m."
"CO-45-EWR-MIA2011-12-26","ExpectedDepartureTime","Mon., Dec.26, 2011 3:50 p.m."
"CO-45-EWR-MIA2011-12-26","ActualDepartureTime","Mon., Dec.26, 2011 3:56 p.m."
"CO-45-EWR-MIA2011-12-26","ExpectedArrivalTime","Mon., Dec.26, 2011 7:05 p.m."
"CO-45-EWR-MIA2011-12-26","ActualArrivalTime","Mon., Dec.26, 2011 6:51 p.m."
"CO-63-EWR-IAH2011-12-26","ExpectedDepartureTime","Mon., Dec.26, 2011 5:25 p.m."
"CO-63-EWR-IAH2011-12-26","ActualDepartureTime","Mon., Dec.26, 2011 5:23 p.m."
"CO-63-EWR-IAH2011-12-26","ExpectedArrivalTime","Mon., Dec.26, 2011 8:30 p.m."
"CO-63-EWR-IAH2011-12-26","ActualArrivalTime","Mon., Dec.26, 2011 8:31 p.m."
"CO-50-CLE-EWR2011-12-26","ExpectedDepartureTime","Mon., Dec.26, 2011 2:55 p.m."
"CO-50-CLE-EWR2011-12-26","ActualDepartureTime","Mon., Dec.26, 2011 2:55 p.m."
"CO-50-CLE-EWR2011-12-26","ExpectedArrivalTime","Mon., Dec.26, 2011 4:53 p.m."
"CO-50-CLE-EWR2011-12-26","ActualArrivalTime","Mon., Dec.26, 2011 4:40 p.m."
"CO-1561-PHX-IAH2011-12-26","ExpectedDepartureTime","Mon., Dec.26, 2011 8:05 a.m."
"CO-1561-PHX-IAH2011-12-26","ActualDepartureTime","Mon., Dec.26, 2011 8:05 a.m."
"CO-1561-PHX-IAH2011-12-26","ExpectedArrivalTime","Mon., Dec.26, 2011 11:37 a.m."
"CO-1561-PHX-IAH2011-12-26","ActualArrivalTime","Mon., Dec.26, 2011 11:52 a.m."
"CO-47-IAH-LAX2011-12-26","ExpectedDepartureTime","Mon., Dec.26, 2011 7:10 p.m."
"CO-47-IAH-LAX2011-12-26","ActualDepartureTime","Mon., Dec.26, 2011 7:11 p.m."
"CO-47-IAH-LAX2011-12-26","ExpectedArrivalTime","Mon., Dec.26, 2011 9:06 p.m."
"CO-47-IAH-LAX2011-12-26","ActualArrivalTime","Mon., Dec.26, 2011 9:02 p.m."
