"ObjectID","PropertyID","PropertyValue"
"AA-1221-MCO-ORD2011-12-19","ExpectedDepartureTime","December 19, 2011               08:00 PM    "
"AA-1221-MCO-ORD2011-12-19","ActualDepartureTime","December 19, 2011               07:54 PM    "
"AA-1221-MCO-ORD2011-12-19","DepartureGate"," 15"
"AA-1221-MCO-ORD2011-12-19","ExpectedArrivalTime","December 19, 2011               09:50 PM    "
"AA-1221-MCO-ORD2011-12-19","ActualArrivalTime","December 19, 2011               09:41 PM    "
"AA-1221-MCO-ORD2011-12-19","ArrivalGate"," K19    "
"AA-4307-ORD-DTW2011-12-19","ExpectedDepartureTime","December 19, 2011               06:45 PM    "
"AA-4307-ORD-DTW2011-12-19","ActualDepartureTime","December 19, 2011               06:43 PM    "
"AA-4307-ORD-DTW2011-12-19","DepartureGate"," G19A"
"AA-4307-ORD-DTW2011-12-19","ExpectedArrivalTime","December 19, 2011               09:10 PM    "
"AA-4307-ORD-DTW2011-12-19","ActualArrivalTime","December 19, 2011               09:10 PM    "
"AA-4307-ORD-DTW2011-12-19","ArrivalGate"," D28    "
"AA-616-DFW-DTW2011-12-19","ExpectedDepartureTime","December 19, 2011               09:05 AM    "
"AA-616-DFW-DTW2011-12-19","ActualDepartureTime","December 19, 2011               09:04 AM    "
"AA-616-DFW-DTW2011-12-19","DepartureGate"," C7"
"AA-616-DFW-DTW2011-12-19","ExpectedArrivalTime","December 19, 2011               12:35 PM    "
"AA-616-DFW-DTW2011-12-19","ActualArrivalTime","December 19, 2011               12:23 PM    "
"AA-616-DFW-DTW2011-12-19","ArrivalGate"," D32    "
"AA-431-MIA-SFO2011-12-19","ExpectedDepartureTime","December 19, 2011               08:35 AM    "
"AA-431-MIA-SFO2011-12-19","ActualDepartureTime","December 19, 2011               08:31 AM    "
"AA-431-MIA-SFO2011-12-19","DepartureGate"," D50"
"AA-431-MIA-SFO2011-12-19","ExpectedArrivalTime","December 19, 2011               11:50 AM    "
"AA-431-MIA-SFO2011-12-19","ActualArrivalTime","December 19, 2011               10:56 AM    "
"AA-431-MIA-SFO2011-12-19","ArrivalGate"," 57    "
"AA-3756-ORD-SLC2011-12-19","ExpectedDepartureTime","December 19, 2011               12:15 PM    "
"AA-3756-ORD-SLC2011-12-19","ActualDepartureTime","December 19, 2011               01:06 PM    "
"AA-3756-ORD-SLC2011-12-19","DepartureGate"," G17"
"AA-3756-ORD-SLC2011-12-19","ExpectedArrivalTime","December 19, 2011               02:45 PM    "
"AA-3756-ORD-SLC2011-12-19","ActualArrivalTime","December 19, 2011               03:20 PM    "
"AA-3756-ORD-SLC2011-12-19","ArrivalGate"," A3    "
"AA-2050-ORD-MIA2011-12-19","ExpectedDepartureTime","December 19, 2011               10:40 AM    "
"AA-2050-ORD-MIA2011-12-19","ActualDepartureTime","December 19, 2011               11:13 AM    "
"AA-2050-ORD-MIA2011-12-19","DepartureGate"," K15"
"AA-2050-ORD-MIA2011-12-19","ExpectedArrivalTime","December 19, 2011               02:45 PM    "
"AA-2050-ORD-MIA2011-12-19","ActualArrivalTime","December 19, 2011               03:19 PM    "
"AA-2050-ORD-MIA2011-12-19","ArrivalGate"," D24    "
"AA-3804-PHL-ORD2011-12-19","ExpectedDepartureTime","December 19, 2011               02:35 PM    "
"AA-3804-PHL-ORD2011-12-19","ActualDepartureTime","December 19, 2011               02:28 PM    "
"AA-3804-PHL-ORD2011-12-19","DepartureGate"," A7"
"AA-3804-PHL-ORD2011-12-19","ExpectedArrivalTime","December 19, 2011               04:05 PM    "
"AA-3804-PHL-ORD2011-12-19","ActualArrivalTime","December 19, 2011               03:43 PM    "
"AA-3804-PHL-ORD2011-12-19","ArrivalGate"," G18    "
"AA-1664-MIA-ATL2011-12-19","ExpectedDepartureTime","December 19, 2011               10:15 AM    "
"AA-1664-MIA-ATL2011-12-19","ActualDepartureTime","December 19, 2011               10:15 AM    "
"AA-1664-MIA-ATL2011-12-19","DepartureGate"," D32"
"AA-1664-MIA-ATL2011-12-19","ExpectedArrivalTime","December 19, 2011               12:10 PM    "
"AA-1664-MIA-ATL2011-12-19","ActualArrivalTime","December 19, 2011               12:10 PM    "
"AA-1664-MIA-ATL2011-12-19","ArrivalGate"," T10    "
"AA-789-ORD-DEN2011-12-19","ExpectedDepartureTime","December 19, 2011               01:05 PM    "
"AA-789-ORD-DEN2011-12-19","ActualDepartureTime","December 19, 2011               01:04 PM    "
"AA-789-ORD-DEN2011-12-19","DepartureGate"," H11A"
"AA-789-ORD-DEN2011-12-19","ExpectedArrivalTime","December 19, 2011               02:35 PM    "
"AA-789-ORD-DEN2011-12-19","ActualArrivalTime","December 19, 2011               02:41 PM    "
"AA-789-ORD-DEN2011-12-19","ArrivalGate"," A49    "
"AA-1733-ORD-PHX2011-12-19","ExpectedDepartureTime","December 19, 2011               07:45 PM    "
"AA-1733-ORD-PHX2011-12-19","ActualDepartureTime","December 19, 2011               07:51 PM    "
"AA-1733-ORD-PHX2011-12-19","DepartureGate"," K15"
"AA-1733-ORD-PHX2011-12-19","ExpectedArrivalTime","December 19, 2011               10:30 PM    "
"AA-1733-ORD-PHX2011-12-19","ActualArrivalTime","December 19, 2011     "
"AA-1733-ORD-PHX2011-12-19","ArrivalGate"," 6    "
"AA-1733-ORD-PHX2011-12-19","ExpectedDepartureTime","December 19, 2011               07:45 PM    "
"AA-1733-ORD-PHX2011-12-19","ActualDepartureTime","December 19, 2011               07:51 PM    "
"AA-1733-ORD-PHX2011-12-19","DepartureGate"," K15"
"AA-1733-ORD-PHX2011-12-19","ExpectedArrivalTime","December 19, 2011               10:30 PM    "
"AA-1733-ORD-PHX2011-12-19","ActualArrivalTime","December 19, 2011     "
"AA-1733-ORD-PHX2011-12-19","ArrivalGate"," 6    "
"AA-4277-CVG-JFK2011-12-19","ExpectedDepartureTime","December 19, 2011               12:10 PM    "
"AA-4277-CVG-JFK2011-12-19","ActualDepartureTime","December 19, 2011               12:02 PM    "
"AA-4277-CVG-JFK2011-12-19","DepartureGate"," 1"
"AA-4277-CVG-JFK2011-12-19","ExpectedArrivalTime","December 19, 2011               02:15 PM    "
"AA-4277-CVG-JFK2011-12-19","ActualArrivalTime","December 19, 2011               02:09 PM    "
"AA-4277-CVG-JFK2011-12-19","ArrivalGate"," 31B    "
"AA-2312-DFW-DTW2011-12-19","ExpectedDepartureTime","December 19, 2011               08:25 PM    "
"AA-2312-DFW-DTW2011-12-19","ActualDepartureTime","December 19, 2011     "
"AA-2312-DFW-DTW2011-12-19","DepartureGate"," A34"
"AA-2312-DFW-DTW2011-12-19","ExpectedArrivalTime","December 19, 2011               11:50 PM    "
"AA-2312-DFW-DTW2011-12-19","ActualArrivalTime","December 19, 2011     "
"AA-2312-DFW-DTW2011-12-19","ArrivalGate"," D32    "
"AA-85-JFK-SFO2011-12-19","ExpectedDepartureTime","December 19, 2011               03:05 PM    "
"AA-85-JFK-SFO2011-12-19","ActualDepartureTime","December 19, 2011               03:09 PM    "
"AA-85-JFK-SFO2011-12-19","DepartureGate"," 2"
"AA-85-JFK-SFO2011-12-19","ExpectedArrivalTime","December 19, 2011               06:30 PM    "
"AA-85-JFK-SFO2011-12-19","ActualArrivalTime","December 19, 2011               06:27 PM    "
"AA-85-JFK-SFO2011-12-19","ArrivalGate"," 58B    "
"AA-404-MIA-MCO2011-12-19","ExpectedDepartureTime","December 19, 2011               06:45 AM    "
"AA-404-MIA-MCO2011-12-19","ActualDepartureTime","December 19, 2011               06:54 AM    "
"AA-404-MIA-MCO2011-12-19","DepartureGate"," E5"
"AA-404-MIA-MCO2011-12-19","ExpectedArrivalTime","December 19, 2011               07:45 AM    "
"AA-404-MIA-MCO2011-12-19","ActualArrivalTime","December 19, 2011               07:57 AM    "
"AA-404-MIA-MCO2011-12-19","ArrivalGate"," 14    "
"AA-446-DFW-PHL2011-12-19","ExpectedDepartureTime","December 19, 2011               11:50 AM    "
"AA-446-DFW-PHL2011-12-19","ActualDepartureTime","December 19, 2011               11:49 AM    "
"AA-446-DFW-PHL2011-12-19","DepartureGate"," D40"
"AA-446-DFW-PHL2011-12-19","ExpectedArrivalTime","December 19, 2011               03:50 PM    "
"AA-446-DFW-PHL2011-12-19","ActualArrivalTime","December 19, 2011               03:50 PM    "
"AA-446-DFW-PHL2011-12-19","ArrivalGate"," A9    "
"AA-2268-PHX-ORD2011-12-19","ExpectedDepartureTime","December 19, 2011               07:15 AM    "
"AA-2268-PHX-ORD2011-12-19","ActualDepartureTime","December 19, 2011     "
"AA-2268-PHX-ORD2011-12-19","DepartureGate"," 6"
"AA-2268-PHX-ORD2011-12-19","ExpectedArrivalTime","December 19, 2011               11:35 AM    "
"AA-2268-PHX-ORD2011-12-19","ActualArrivalTime","December 19, 2011     "
"AA-2268-PHX-ORD2011-12-19","ArrivalGate"," K5    "
"AA-4344-ORD-DTW2011-12-19","ExpectedDepartureTime","December 19, 2011               11:45 AM    "
"AA-4344-ORD-DTW2011-12-19","ActualDepartureTime","December 19, 2011               11:42 AM    "
"AA-4344-ORD-DTW2011-12-19","DepartureGate"," G1B"
"AA-4344-ORD-DTW2011-12-19","ExpectedArrivalTime","December 19, 2011               02:00 PM    "
"AA-4344-ORD-DTW2011-12-19","ActualArrivalTime","December 19, 2011               01:53 PM    "
"AA-4344-ORD-DTW2011-12-19","ArrivalGate"," D28    "
"AA-3979-CVG-ORD2011-12-19","ExpectedDepartureTime","December 19, 2011               07:30 AM    "
"AA-3979-CVG-ORD2011-12-19","ActualDepartureTime","December 19, 2011               07:24 AM    "
"AA-3979-CVG-ORD2011-12-19","DepartureGate"," 5"
"AA-3979-CVG-ORD2011-12-19","ExpectedArrivalTime","December 19, 2011               08:00 AM    "
"AA-3979-CVG-ORD2011-12-19","ActualArrivalTime","December 19, 2011               07:30 AM    "
"AA-3979-CVG-ORD2011-12-19","ArrivalGate"," G10    "
"AA-3063-SLC-LAX2011-12-19","ExpectedDepartureTime","December 19, 2011               08:20 PM    "
"AA-3063-SLC-LAX2011-12-19","ActualDepartureTime","December 19, 2011               08:14 PM    "
"AA-3063-SLC-LAX2011-12-19","DepartureGate"," A3"
"AA-3063-SLC-LAX2011-12-19","ExpectedArrivalTime","December 19, 2011               09:20 PM    "
"AA-3063-SLC-LAX2011-12-19","ActualArrivalTime","December 19, 2011     "
"AA-3063-SLC-LAX2011-12-19","ArrivalGate"," 44D    "
"AA-3859-IAH-ORD2011-12-19","ExpectedDepartureTime","December 19, 2011               07:10 AM    "
"AA-3859-IAH-ORD2011-12-19","ActualDepartureTime","December 19, 2011               07:05 AM    "
"AA-3859-IAH-ORD2011-12-19","DepartureGate"," A29"
"AA-3859-IAH-ORD2011-12-19","ExpectedArrivalTime","December 19, 2011               09:40 AM    "
"AA-3859-IAH-ORD2011-12-19","ActualArrivalTime","December 19, 2011               09:16 AM    "
"AA-3859-IAH-ORD2011-12-19","ArrivalGate"," G8    "
"AA-3842-MSP-ORD2011-12-19","ExpectedDepartureTime","December 19, 2011               06:00 AM    "
"AA-3842-MSP-ORD2011-12-19","ActualDepartureTime","December 19, 2011               06:02 AM    "
"AA-3842-MSP-ORD2011-12-19","DepartureGate"," E14"
"AA-3842-MSP-ORD2011-12-19","ExpectedArrivalTime","December 19, 2011               07:30 AM    "
"AA-3842-MSP-ORD2011-12-19","ActualArrivalTime","December 19, 2011               07:32 AM    "
"AA-3842-MSP-ORD2011-12-19","ArrivalGate"," G18    "
"AA-1544-SAN-ORD2011-12-19","ExpectedDepartureTime","December 19, 2011               11:25 AM    "
"AA-1544-SAN-ORD2011-12-19","ActualDepartureTime","December 19, 2011               11:50 AM    "
"AA-1544-SAN-ORD2011-12-19","DepartureGate"," 27"
"AA-1544-SAN-ORD2011-12-19","ExpectedArrivalTime","December 19, 2011               05:25 PM    "
"AA-1544-SAN-ORD2011-12-19","ActualArrivalTime","December 19, 2011               05:36 PM    "
"AA-1544-SAN-ORD2011-12-19","ArrivalGate"," H6    "
"AA-649-ORD-SNA2011-12-19","ExpectedDepartureTime","December 19, 2011               01:30 PM    "
"AA-649-ORD-SNA2011-12-19","ActualDepartureTime","December 19, 2011     "
"AA-649-ORD-SNA2011-12-19","DepartureGate"," H10"
"AA-649-ORD-SNA2011-12-19","ExpectedArrivalTime","December 19, 2011               03:50 PM    "
"AA-649-ORD-SNA2011-12-19","ActualArrivalTime","December 19, 2011     "
"AA-649-ORD-SNA2011-12-19","ArrivalGate"," 7    "
"AA-1640-MIA-MCO2011-12-19","ExpectedDepartureTime","December 19, 2011               06:30 PM    "
"AA-1640-MIA-MCO2011-12-19","ActualDepartureTime","December 19, 2011     "
"AA-1640-MIA-MCO2011-12-19","DepartureGate"," D42"
"AA-1640-MIA-MCO2011-12-19","ExpectedArrivalTime","December 19, 2011               07:25 PM    "
"AA-1640-MIA-MCO2011-12-19","ActualArrivalTime","December 19, 2011     "
"AA-1640-MIA-MCO2011-12-19","ArrivalGate"," 14    "
"AA-518-MIA-JFK2011-12-19","ExpectedDepartureTime","December 19, 2011               06:30 AM    "
"AA-518-MIA-JFK2011-12-19","ActualDepartureTime","December 19, 2011               06:24 AM    "
"AA-518-MIA-JFK2011-12-19","DepartureGate"," D11"
"AA-518-MIA-JFK2011-12-19","ExpectedArrivalTime","December 19, 2011               09:15 AM    "
"AA-518-MIA-JFK2011-12-19","ActualArrivalTime","December 19, 2011               09:13 AM    "
"AA-518-MIA-JFK2011-12-19","ArrivalGate"," 12    "
"AA-2525-DFW-MIA2011-12-19","ExpectedDepartureTime","December 19, 2011               07:25 AM    "
"AA-2525-DFW-MIA2011-12-19","ActualDepartureTime","December 19, 2011               09:01 AM    "
"AA-2525-DFW-MIA2011-12-19","DepartureGate"," D30"
"AA-2525-DFW-MIA2011-12-19","ExpectedArrivalTime","December 19, 2011               11:10 AM    "
"AA-2525-DFW-MIA2011-12-19","ActualArrivalTime","December 19, 2011               12:41 PM    "
"AA-2525-DFW-MIA2011-12-19","ArrivalGate"," D2    "
"AA-1279-DFW-PHX2011-12-19","ExpectedDepartureTime","December 19, 2011               01:00 PM    "
"AA-1279-DFW-PHX2011-12-19","ActualDepartureTime","December 19, 2011               01:09 PM    "
"AA-1279-DFW-PHX2011-12-19","DepartureGate"," C29"
"AA-1279-DFW-PHX2011-12-19","ExpectedArrivalTime","December 19, 2011               02:35 PM    "
"AA-1279-DFW-PHX2011-12-19","ActualArrivalTime","December 19, 2011               02:48 PM    "
"AA-1279-DFW-PHX2011-12-19","ArrivalGate"," 4    "
"AA-1522-SFO-ORD2011-12-19","ExpectedDepartureTime","December 19, 2011               11:55 PM    "
"AA-1522-SFO-ORD2011-12-19","ActualDepartureTime","December 19, 2011     "
"AA-1522-SFO-ORD2011-12-19","DepartureGate"," 57"
"AA-1522-SFO-ORD2011-12-19","ExpectedArrivalTime","December 20, 2011               05:50 AM    "
"AA-1522-SFO-ORD2011-12-19","ActualArrivalTime","December 20, 2011     "
"AA-1522-SFO-ORD2011-12-19","ArrivalGate"," H10    "
"AA-1434-DFW-MCO2011-12-19","ExpectedDepartureTime","December 19, 2011               07:15 AM    "
"AA-1434-DFW-MCO2011-12-19","ActualDepartureTime","December 19, 2011               07:08 AM    "
"AA-1434-DFW-MCO2011-12-19","DepartureGate"," C7"
"AA-1434-DFW-MCO2011-12-19","ExpectedArrivalTime","December 19, 2011               10:35 AM    "
"AA-1434-DFW-MCO2011-12-19","ActualArrivalTime","December 19, 2011               10:33 AM    "
"AA-1434-DFW-MCO2011-12-19","ArrivalGate"," 15    "
"AA-59-JFK-SFO2011-12-19","ExpectedDepartureTime","December 19, 2011               07:10 AM    "
"AA-59-JFK-SFO2011-12-19","ActualDepartureTime","December 19, 2011               07:07 AM    "
"AA-59-JFK-SFO2011-12-19","DepartureGate"," 5"
"AA-59-JFK-SFO2011-12-19","ExpectedArrivalTime","December 19, 2011               10:45 AM    "
"AA-59-JFK-SFO2011-12-19","ActualArrivalTime","December 19, 2011               10:33 AM    "
"AA-59-JFK-SFO2011-12-19","ArrivalGate"," 58B    "
"AA-415-BOS-ORD2011-12-19","ExpectedDepartureTime","December 19, 2011               08:35 AM    "
"AA-415-BOS-ORD2011-12-19","ActualDepartureTime","December 19, 2011               08:28 AM    "
"AA-415-BOS-ORD2011-12-19","DepartureGate"," B32"
"AA-415-BOS-ORD2011-12-19","ExpectedArrivalTime","December 19, 2011               10:40 AM    "
"AA-415-BOS-ORD2011-12-19","ActualArrivalTime","December 19, 2011               10:33 AM    "
"AA-415-BOS-ORD2011-12-19","ArrivalGate"," K8    "
"AA-222-LAX-BOS2011-12-19","ExpectedDepartureTime","December 19, 2011               07:10 AM    "
"AA-222-LAX-BOS2011-12-19","ActualDepartureTime","December 19, 2011               07:09 AM    "
"AA-222-LAX-BOS2011-12-19","DepartureGate"," 48A"
"AA-222-LAX-BOS2011-12-19","ExpectedArrivalTime","December 19, 2011               03:30 PM    "
"AA-222-LAX-BOS2011-12-19","ActualArrivalTime","December 19, 2011               03:18 PM    "
"AA-222-LAX-BOS2011-12-19","ArrivalGate"," B32    "
"AA-3823-LAX-DEN2011-12-19","ExpectedDepartureTime","December 19, 2011               09:00 PM    "
"AA-3823-LAX-DEN2011-12-19","ActualDepartureTime","December 19, 2011     "
"AA-3823-LAX-DEN2011-12-19","DepartureGate"," 44E"
"AA-3823-LAX-DEN2011-12-19","ExpectedArrivalTime","December 20, 2011               12:15 AM    "
"AA-3823-LAX-DEN2011-12-19","ActualArrivalTime","December 20, 2011     "
"AA-3823-LAX-DEN2011-12-19","ArrivalGate"," A49    "
"AA-1165-JFK-MIA2011-12-19","ExpectedDepartureTime","December 19, 2011               06:59 AM    "
"AA-1165-JFK-MIA2011-12-19","ActualDepartureTime","December 19, 2011               06:58 AM    "
"AA-1165-JFK-MIA2011-12-19","DepartureGate"," 44"
"AA-1165-JFK-MIA2011-12-19","ExpectedArrivalTime","December 19, 2011               10:34 AM    "
"AA-1165-JFK-MIA2011-12-19","ActualArrivalTime","December 19, 2011               10:14 AM    "
"AA-1165-JFK-MIA2011-12-19","ArrivalGate"," D3    "
"AA-3786-IAH-ORD2011-12-19","ExpectedDepartureTime","December 19, 2011               04:00 PM    "
"AA-3786-IAH-ORD2011-12-19","ActualDepartureTime","December 19, 2011               04:40 PM    "
"AA-3786-IAH-ORD2011-12-19","DepartureGate"," A29"
"AA-3786-IAH-ORD2011-12-19","ExpectedArrivalTime","December 19, 2011               06:40 PM    "
"AA-3786-IAH-ORD2011-12-19","ActualArrivalTime","December 19, 2011               06:49 PM    "
"AA-3786-IAH-ORD2011-12-19","ArrivalGate"," G7    "
"AA-4330-CVG-ORD2011-12-19","ExpectedDepartureTime","December 19, 2011               03:35 PM    "
"AA-4330-CVG-ORD2011-12-19","ActualDepartureTime","December 19, 2011               03:37 PM    "
"AA-4330-CVG-ORD2011-12-19","DepartureGate"," 5"
"AA-4330-CVG-ORD2011-12-19","ExpectedArrivalTime","December 19, 2011               04:00 PM    "
"AA-4330-CVG-ORD2011-12-19","ActualArrivalTime","December 19, 2011               03:45 PM    "
"AA-4330-CVG-ORD2011-12-19","ArrivalGate"," G1A    "
"AA-3468-CVG-MIA2011-12-19","ExpectedDepartureTime","December 19, 2011               07:00 AM    "
"AA-3468-CVG-MIA2011-12-19","ActualDepartureTime","December 19, 2011               06:54 AM    "
"AA-3468-CVG-MIA2011-12-19","DepartureGate"," 1"
"AA-3468-CVG-MIA2011-12-19","ExpectedArrivalTime","December 19, 2011               09:55 AM    "
"AA-3468-CVG-MIA2011-12-19","ActualArrivalTime","December 19, 2011               09:29 AM    "
"AA-3468-CVG-MIA2011-12-19","ArrivalGate"," D60D    "
"AA-204-LAX-MCO2011-12-19","ExpectedDepartureTime","December 19, 2011               11:25 PM    "
"AA-204-LAX-MCO2011-12-19","ActualDepartureTime","December 19, 2011     "
"AA-204-LAX-MCO2011-12-19","DepartureGate"," 42B"
"AA-204-LAX-MCO2011-12-19","ExpectedArrivalTime","December 20, 2011               06:55 AM    "
"AA-204-LAX-MCO2011-12-19","ActualArrivalTime","December 20, 2011     "
"AA-204-LAX-MCO2011-12-19","ArrivalGate"," TBA    "
"AA-466-IAH-MIA2011-12-19","ExpectedDepartureTime","December 19, 2011               06:00 AM    "
"AA-466-IAH-MIA2011-12-19","ActualDepartureTime","December 19, 2011               06:03 AM    "
"AA-466-IAH-MIA2011-12-19","DepartureGate"," A27"
"AA-466-IAH-MIA2011-12-19","ExpectedArrivalTime","December 19, 2011               09:20 AM    "
"AA-466-IAH-MIA2011-12-19","ActualArrivalTime","December 19, 2011               09:13 AM    "
"AA-466-IAH-MIA2011-12-19","ArrivalGate"," D51    "
"AA-3-JFK-LAX2011-12-19","ExpectedDepartureTime","December 19, 2011               12:00 PM    "
"AA-3-JFK-LAX2011-12-19","ActualDepartureTime","December 19, 2011               11:56 AM    "
"AA-3-JFK-LAX2011-12-19","DepartureGate"," 43"
"AA-3-JFK-LAX2011-12-19","ExpectedArrivalTime","December 19, 2011               03:15 PM    "
"AA-3-JFK-LAX2011-12-19","ActualArrivalTime","December 19, 2011               03:16 PM    "
"AA-3-JFK-LAX2011-12-19","ArrivalGate"," 47B    "
"AA-1007-MIA-PHX2011-12-19","ExpectedDepartureTime","December 19, 2011               04:55 PM    "
"AA-1007-MIA-PHX2011-12-19","ActualDepartureTime","December 19, 2011               04:44 PM    "
"AA-1007-MIA-PHX2011-12-19","DepartureGate"," D30"
"AA-1007-MIA-PHX2011-12-19","ExpectedArrivalTime","December 19, 2011               08:05 PM    "
"AA-1007-MIA-PHX2011-12-19","ActualArrivalTime","December 19, 2011               07:21 PM    "
"AA-1007-MIA-PHX2011-12-19","ArrivalGate"," 6    "
"AA-271-MIA-LAX2011-12-19","ExpectedDepartureTime","December 19, 2011               11:35 AM    "
"AA-271-MIA-LAX2011-12-19","ActualDepartureTime","December 19, 2011               11:34 AM    "
"AA-271-MIA-LAX2011-12-19","DepartureGate"," D6"
"AA-271-MIA-LAX2011-12-19","ExpectedArrivalTime","December 19, 2011               02:25 PM    "
"AA-271-MIA-LAX2011-12-19","ActualArrivalTime","December 19, 2011               02:12 PM    "
"AA-271-MIA-LAX2011-12-19","ArrivalGate"," 46B    "
"AA-643-MIA-ORD2011-12-19","ExpectedDepartureTime","December 19, 2011               07:10 AM    "
"AA-643-MIA-ORD2011-12-19","ActualDepartureTime","December 19, 2011               07:56 AM    "
"AA-643-MIA-ORD2011-12-19","DepartureGate"," D40"
"AA-643-MIA-ORD2011-12-19","ExpectedArrivalTime","December 19, 2011               09:35 AM    "
"AA-643-MIA-ORD2011-12-19","ActualArrivalTime","December 19, 2011               09:58 AM    "
"AA-643-MIA-ORD2011-12-19","ArrivalGate"," K15    "
"AA-4198-ORD-CLE2011-12-19","ExpectedDepartureTime","December 19, 2011               10:40 AM    "
"AA-4198-ORD-CLE2011-12-19","ActualDepartureTime","December 19, 2011               10:36 AM    "
"AA-4198-ORD-CLE2011-12-19","DepartureGate"," G5"
"AA-4198-ORD-CLE2011-12-19","ExpectedArrivalTime","December 19, 2011               12:55 PM    "
"AA-4198-ORD-CLE2011-12-19","ActualArrivalTime","December 19, 2011               12:45 PM    "
"AA-4198-ORD-CLE2011-12-19","ArrivalGate"," A1    "
"AA-400-DFW-JFK2011-12-19","ExpectedDepartureTime","December 19, 2011               10:40 AM    "
"AA-400-DFW-JFK2011-12-19","ActualDepartureTime","December 19, 2011               10:39 AM    "
"AA-400-DFW-JFK2011-12-19","DepartureGate"," D18"
"AA-400-DFW-JFK2011-12-19","ExpectedArrivalTime","December 19, 2011               02:59 PM    "
"AA-400-DFW-JFK2011-12-19","ActualArrivalTime","December 19, 2011               02:53 PM    "
"AA-400-DFW-JFK2011-12-19","ArrivalGate"," 43    "
"AA-1886-BOS-MIA2011-12-19","ExpectedDepartureTime","December 19, 2011               10:45 AM    "
"AA-1886-BOS-MIA2011-12-19","ActualDepartureTime","December 19, 2011               10:46 AM    "
"AA-1886-BOS-MIA2011-12-19","DepartureGate"," B33"
"AA-1886-BOS-MIA2011-12-19","ExpectedArrivalTime","December 19, 2011               02:20 PM    "
"AA-1886-BOS-MIA2011-12-19","ActualArrivalTime","December 19, 2011               01:57 PM    "
"AA-1886-BOS-MIA2011-12-19","ArrivalGate"," D25    "
"AA-1917-JFK-MCO2011-12-19","ExpectedDepartureTime","December 19, 2011               02:55 PM    "
"AA-1917-JFK-MCO2011-12-19","ActualDepartureTime","December 19, 2011               02:54 PM    "
"AA-1917-JFK-MCO2011-12-19","DepartureGate"," 46"
"AA-1917-JFK-MCO2011-12-19","ExpectedArrivalTime","December 19, 2011               05:55 PM    "
"AA-1917-JFK-MCO2011-12-19","ActualArrivalTime","December 19, 2011               05:40 PM    "
"AA-1917-JFK-MCO2011-12-19","ArrivalGate"," 16    "
"AA-3809-PHX-LAX2011-12-19","ExpectedDepartureTime","December 19, 2011               06:00 AM    "
"AA-3809-PHX-LAX2011-12-19","ActualDepartureTime","December 19, 2011               05:52 AM    "
"AA-3809-PHX-LAX2011-12-19","DepartureGate"," 2"
"AA-3809-PHX-LAX2011-12-19","ExpectedArrivalTime","December 19, 2011               06:40 AM    "
"AA-3809-PHX-LAX2011-12-19","ActualArrivalTime","December 19, 2011               06:12 AM    "
"AA-3809-PHX-LAX2011-12-19","ArrivalGate"," 44I    "
"AA-2957-DFW-CVG2011-12-19","ExpectedDepartureTime","December 19, 2011               07:55 AM    "
"AA-2957-DFW-CVG2011-12-19","ActualDepartureTime","December 19, 2011               07:53 AM    "
"AA-2957-DFW-CVG2011-12-19","DepartureGate"," B13"
"AA-2957-DFW-CVG2011-12-19","ExpectedArrivalTime","December 19, 2011               11:05 AM    "
"AA-2957-DFW-CVG2011-12-19","ActualArrivalTime","December 19, 2011               10:53 AM    "
"AA-2957-DFW-CVG2011-12-19","ArrivalGate"," 3    "
"UA-1500-IAH-GUA2011-12-19","ExpectedDepartureTime","Mon, Dec 19 8:50 AM"
"UA-1500-IAH-GUA2011-12-19","ActualDepartureTime","Mon, Dec 19 9:04 AM            Delayed"
"UA-1500-IAH-GUA2011-12-19","DepartureGate","E9"
"UA-1500-IAH-GUA2011-12-19","ExpectedArrivalTime","Mon, Dec 19 11:43 AM"
"UA-1500-IAH-GUA2011-12-19","ActualArrivalTime","Mon, Dec 19 11:49 AM"
"UA-1500-IAH-GUA2011-12-19","ArrivalGate","15"
"UA-3515-IAD-MSP2011-12-19","ExpectedDepartureTime","Mon, Dec 19 8:19 AM"
"UA-3515-IAD-MSP2011-12-19","ActualDepartureTime","Mon, Dec 19 8:28 AM"
"UA-3515-IAD-MSP2011-12-19","DepartureGate","D18"
"UA-3515-IAD-MSP2011-12-19","ExpectedArrivalTime","Mon, Dec 19 10:09 AM"
"UA-3515-IAD-MSP2011-12-19","ActualArrivalTime","Mon, Dec 19 10:34 AM"
"UA-3515-IAD-MSP2011-12-19","ArrivalGate","E10"
"UA-664-ORD-PHL2011-12-19","ExpectedDepartureTime","Mon, Dec 19 1:35 PM"
"UA-664-ORD-PHL2011-12-19","ActualDepartureTime","Mon, Dec 19 1:36 PM"
"UA-664-ORD-PHL2011-12-19","DepartureGate","B17"
"UA-664-ORD-PHL2011-12-19","ExpectedArrivalTime","Mon, Dec 19 4:38 PM"
"UA-664-ORD-PHL2011-12-19","ActualArrivalTime","Mon, Dec 19 4:40 PM"
"UA-664-ORD-PHL2011-12-19","ArrivalGate","D9"
"UA-414-LAX-SFO2011-12-19","ExpectedDepartureTime","Mon, Dec 19 6:00 AM"
"UA-414-LAX-SFO2011-12-19","ActualDepartureTime","Mon, Dec 19 5:57 AM"
"UA-414-LAX-SFO2011-12-19","DepartureGate","83"
"UA-414-LAX-SFO2011-12-19","ExpectedArrivalTime","Mon, Dec 19 7:26 AM"
"UA-414-LAX-SFO2011-12-19","ActualArrivalTime","Mon, Dec 19 7:15 AM"
"UA-414-LAX-SFO2011-12-19","ArrivalGate","75"
"UA-257-JFK-SFO2011-12-19","ExpectedDepartureTime","Mon, Dec 19 2:30 PM"
"UA-257-JFK-SFO2011-12-19","ActualDepartureTime","Mon, Dec 19 2:25 PM"
"UA-257-JFK-SFO2011-12-19","DepartureGate","8"
"UA-257-JFK-SFO2011-12-19","ExpectedArrivalTime","Mon, Dec 19 6:14 PM"
"UA-257-JFK-SFO2011-12-19","ActualArrivalTime","Mon, Dec 19 5:27 PM"
"UA-257-JFK-SFO2011-12-19","ArrivalGate","80"
"UA-62-IAH-EWR2011-12-19","ExpectedDepartureTime","Mon, Dec 19 2:30 PM"
"UA-62-IAH-EWR2011-12-19","ActualDepartureTime","Mon, Dec 19 2:50 PM"
"UA-62-IAH-EWR2011-12-19","DepartureGate","C-39"
"UA-62-IAH-EWR2011-12-19","ExpectedArrivalTime","Mon, Dec 19 7:03 PM"
"UA-62-IAH-EWR2011-12-19","ActualArrivalTime","Mon, Dec 19 7:10 PM"
"UA-62-IAH-EWR2011-12-19","ArrivalGate","C125"
"UA-843-LAX-ORD2011-12-19","ExpectedDepartureTime","Mon, Dec 19 2:09 PM"
"UA-843-LAX-ORD2011-12-19","ActualDepartureTime","Mon, Dec 19 2:24 PM"
"UA-843-LAX-ORD2011-12-19","DepartureGate","73"
"UA-843-LAX-ORD2011-12-19","ExpectedArrivalTime","Mon, Dec 19 8:11 PM"
"UA-843-LAX-ORD2011-12-19","ActualArrivalTime","Mon, Dec 19 8:30 PM"
"UA-843-LAX-ORD2011-12-19","ArrivalGate","C23"
"UA-248-PHX-ORD2011-12-19","ExpectedDepartureTime","Mon, Dec 19 12:52 PM"
"UA-248-PHX-ORD2011-12-19","ActualDepartureTime","Mon, Dec 19 12:52 PM            On Time"
"UA-248-PHX-ORD2011-12-19","DepartureGate","5"
"UA-248-PHX-ORD2011-12-19","ExpectedArrivalTime","Mon, Dec 19 5:13 PM"
"UA-248-PHX-ORD2011-12-19","ActualArrivalTime","Mon, Dec 19 5:13 PM"
"UA-248-PHX-ORD2011-12-19","ArrivalGate","B10"
"UA-248-PHX-ORD2011-12-19","ExpectedDepartureTime","Mon, Dec 19 12:52 PM"
"UA-248-PHX-ORD2011-12-19","ActualDepartureTime","Mon, Dec 19 12:45 PM            On Time"
"UA-248-PHX-ORD2011-12-19","DepartureGate","5"
"UA-248-PHX-ORD2011-12-19","ExpectedArrivalTime","Mon, Dec 19 5:13 PM"
"UA-248-PHX-ORD2011-12-19","ActualArrivalTime","Mon, Dec 19 4:49 PM"
"UA-248-PHX-ORD2011-12-19","ArrivalGate","B10"
"UA-397-JFK-SFO2011-12-19","ExpectedDepartureTime","Mon, Dec 19 8:25 AM"
"UA-397-JFK-SFO2011-12-19","ActualDepartureTime","Mon, Dec 19 8:26 AM"
"UA-397-JFK-SFO2011-12-19","DepartureGate","9"
"UA-397-JFK-SFO2011-12-19","ExpectedArrivalTime","Mon, Dec 19 12:14 PM"
"UA-397-JFK-SFO2011-12-19","ActualArrivalTime","Mon, Dec 19 11:50 AM"
"UA-397-JFK-SFO2011-12-19","ArrivalGate","86"
"UA-2704-DTW-PHX2011-12-19","ExpectedDepartureTime","Mon, Dec 19 11:15 AM"
"UA-2704-DTW-PHX2011-12-19","ActualDepartureTime","Mon, Dec 19 11:15 AM"
"UA-2704-DTW-PHX2011-12-19","DepartureGate","D25"
"UA-2704-DTW-PHX2011-12-19","ExpectedArrivalTime","Mon, Dec 19 1:40 PM"
"UA-2704-DTW-PHX2011-12-19","ActualArrivalTime","Mon, Dec 19 1:30 PM"
"UA-2704-DTW-PHX2011-12-19","ArrivalGate","A8"
"UA-2515-DFW-CLT2011-12-19","ExpectedDepartureTime","Mon, Dec 19 7:00 AM"
"UA-2515-DFW-CLT2011-12-19","ActualDepartureTime","Mon, Dec 19 7:19 AM"
"UA-2515-DFW-CLT2011-12-19","DepartureGate","E37"
"UA-2515-DFW-CLT2011-12-19","ExpectedArrivalTime","Mon, Dec 19 10:26 AM"
"UA-2515-DFW-CLT2011-12-19","ActualArrivalTime","Mon, Dec 19 10:52 AM"
"UA-2515-DFW-CLT2011-12-19","ArrivalGate","B10"
"UA-3373-IAD-PHL2011-12-19","ExpectedDepartureTime","Mon, Dec 19 8:30 AM"
"UA-3373-IAD-PHL2011-12-19","ActualDepartureTime","Mon, Dec 19 8:30 AM"
"UA-3373-IAD-PHL2011-12-19","DepartureGate","A5D"
"UA-3373-IAD-PHL2011-12-19","ExpectedArrivalTime","Mon, Dec 19 9:25 AM"
"UA-3373-IAD-PHL2011-12-19","ActualArrivalTime","Mon, Dec 19 9:40 AM"
"UA-3373-IAD-PHL2011-12-19","ArrivalGate","D7"
"UA-2906-PHL-MCO2011-12-19","ExpectedDepartureTime","Mon, Dec 19 3:50 PM"
"UA-2906-PHL-MCO2011-12-19","ActualDepartureTime","Mon, Dec 19 4:20 PM            Delayed"
"UA-2906-PHL-MCO2011-12-19","DepartureGate","B13"
"UA-2906-PHL-MCO2011-12-19","ExpectedArrivalTime","Mon, Dec 19 6:23 PM"
"UA-2906-PHL-MCO2011-12-19","ActualArrivalTime","Mon, Dec 19 6:31 PM"
"UA-2906-PHL-MCO2011-12-19","ArrivalGate","58"
"UA-938-DEN-ORD2011-12-19","ExpectedDepartureTime","Mon, Dec 19 3:54 PM"
"UA-938-DEN-ORD2011-12-19","ActualDepartureTime","Mon, Dec 19 3:55 PM"
"UA-938-DEN-ORD2011-12-19","DepartureGate","B42"
"UA-938-DEN-ORD2011-12-19","ExpectedArrivalTime","Mon, Dec 19 7:17 PM"
"UA-938-DEN-ORD2011-12-19","ActualArrivalTime","Mon, Dec 19 7:29 PM"
"UA-938-DEN-ORD2011-12-19","ArrivalGate","C9"
"UA-3099-PHX-PHL2011-12-19","ExpectedDepartureTime","Mon, Dec 19 11:55 AM"
"UA-3099-PHX-PHL2011-12-19","ActualDepartureTime","Mon, Dec 19 11:55 AM"
"UA-3099-PHX-PHL2011-12-19","DepartureGate","A30"
"UA-3099-PHX-PHL2011-12-19","ExpectedArrivalTime","Mon, Dec 19 6:17 PM"
"UA-3099-PHX-PHL2011-12-19","ActualArrivalTime","Mon, Dec 19 6:13 PM"
"UA-3099-PHX-PHL2011-12-19","ArrivalGate","A10"
"UA-3925-IAD-ORF2011-12-19","ExpectedDepartureTime","Mon, Dec 19 8:42 AM"
"UA-3925-IAD-ORF2011-12-19","ActualDepartureTime","Mon, Dec 19 8:47 AM"
"UA-3925-IAD-ORF2011-12-19","DepartureGate","A2G"
"UA-3925-IAD-ORF2011-12-19","ExpectedArrivalTime","Mon, Dec 19 9:55 AM"
"UA-3925-IAD-ORF2011-12-19","ActualArrivalTime","Mon, Dec 19 9:46 AM"
"UA-5487-SFO-MRY2011-12-19","ExpectedDepartureTime","Mon, Dec 19 10:37 AM"
"UA-5487-SFO-MRY2011-12-19","ActualDepartureTime","Mon, Dec 19 10:36 AM"
"UA-5487-SFO-MRY2011-12-19","DepartureGate","78A"
"UA-5487-SFO-MRY2011-12-19","ExpectedArrivalTime","Mon, Dec 19 11:24 AM"
"UA-5487-SFO-MRY2011-12-19","ActualArrivalTime","Mon, Dec 19 11:21 AM"
"UA-3050-PHX-CLT2011-12-19","ExpectedDepartureTime","Mon, Dec 19 11:05 AM"
"UA-3050-PHX-CLT2011-12-19","ActualDepartureTime","Mon, Dec 19 11:05 AM"
"UA-3050-PHX-CLT2011-12-19","DepartureGate","A3"
"UA-3050-PHX-CLT2011-12-19","ExpectedArrivalTime","Mon, Dec 19 4:57 PM"
"UA-3050-PHX-CLT2011-12-19","ActualArrivalTime","Mon, Dec 19 5:16 PM"
"UA-3050-PHX-CLT2011-12-19","ArrivalGate","B8"
"UA-828-SFO-ORD2011-12-19","ExpectedDepartureTime","Mon, Dec 19 11:13 PM"
"UA-828-SFO-ORD2011-12-19","ActualDepartureTime","Mon, Dec 19 11:13 PM            On Time"
"UA-828-SFO-ORD2011-12-19","DepartureGate","81"
"UA-828-SFO-ORD2011-12-19","ExpectedArrivalTime","Tue, Dec 20 5:15 AM"
"UA-828-SFO-ORD2011-12-19","ActualArrivalTime","Tue, Dec 20 5:15 AM"
"UA-828-SFO-ORD2011-12-19","ArrivalGate","C17"
"UA-2830-MCO-CLT2011-12-19","ExpectedDepartureTime","Mon, Dec 19 3:27 PM"
"UA-2830-MCO-CLT2011-12-19","ActualDepartureTime","Mon, Dec 19 3:27 PM"
"UA-2830-MCO-CLT2011-12-19","DepartureGate","58"
"UA-2830-MCO-CLT2011-12-19","ExpectedArrivalTime","Mon, Dec 19 5:05 PM"
"UA-2830-MCO-CLT2011-12-19","ActualArrivalTime","Mon, Dec 19 4:59 PM"
"UA-2830-MCO-CLT2011-12-19","ArrivalGate","B5"
"UA-37-EWR-MCO2011-12-19","ExpectedDepartureTime","Mon, Dec 19 1:29 PM"
"UA-37-EWR-MCO2011-12-19","ActualDepartureTime","Mon, Dec 19 1:33 PM            Delayed"
"UA-37-EWR-MCO2011-12-19","DepartureGate","C73"
"UA-37-EWR-MCO2011-12-19","ExpectedArrivalTime","Mon, Dec 19 4:22 PM"
"UA-37-EWR-MCO2011-12-19","ActualArrivalTime","Mon, Dec 19 4:07 PM"
"UA-37-EWR-MCO2011-12-19","ArrivalGate","31"
"UA-37-EDI-EWR2011-12-19","ExpectedDepartureTime","Mon, Dec 19 9:05 AM"
"UA-37-EDI-EWR2011-12-19","ActualDepartureTime","Mon, Dec 19 9:14 AM"
"UA-37-EDI-EWR2011-12-19","ExpectedArrivalTime","Mon, Dec 19 11:53 AM"
"UA-37-EDI-EWR2011-12-19","ActualArrivalTime","Mon, Dec 19 12:34 PM"
"UA-37-EDI-EWR2011-12-19","ArrivalGate","B56"
"UA-2708-EWR-CLT2011-12-19","ExpectedDepartureTime","Mon, Dec 19 2:55 PM"
"UA-2708-EWR-CLT2011-12-19","ActualDepartureTime","Mon, Dec 19 2:55 PM"
"UA-2708-EWR-CLT2011-12-19","DepartureGate","A37"
"UA-2708-EWR-CLT2011-12-19","ExpectedArrivalTime","Mon, Dec 19 4:53 PM"
"UA-2708-EWR-CLT2011-12-19","ActualArrivalTime","Mon, Dec 19 4:31 PM"
"UA-2708-EWR-CLT2011-12-19","ArrivalGate","C13"
"UA-233-LAX-JFK2011-12-19","ExpectedDepartureTime","Mon, Dec 19 4:25 PM"
"UA-233-LAX-JFK2011-12-19","ActualDepartureTime","Mon, Dec 19 4:25 PM"
"UA-233-LAX-JFK2011-12-19","DepartureGate","73"
"UA-233-LAX-JFK2011-12-19","ExpectedArrivalTime","Tue, Dec 20 12:44 AM"
"UA-233-LAX-JFK2011-12-19","ActualArrivalTime","Tue, Dec 20 12:44 AM"
"UA-233-LAX-JFK2011-12-19","ArrivalGate","7"
"UA-2726-FLL-PHL2011-12-19","ExpectedDepartureTime","Mon, Dec 19 4:00 PM"
"UA-2726-FLL-PHL2011-12-19","ActualDepartureTime","Mon, Dec 19 4:00 PM"
"UA-2726-FLL-PHL2011-12-19","DepartureGate","E3"
"UA-2726-FLL-PHL2011-12-19","ExpectedArrivalTime","Mon, Dec 19 6:46 PM"
"UA-2726-FLL-PHL2011-12-19","ActualArrivalTime","Mon, Dec 19 6:16 PM"
"UA-2726-FLL-PHL2011-12-19","ArrivalGate","B9"
"UA-2945-PHL-CLT2011-12-19","ExpectedDepartureTime","Mon, Dec 19 12:00 AM"
"UA-2945-PHL-CLT2011-12-19","ActualDepartureTime","Mon, Dec 19 3:11 AM"
"UA-2945-PHL-CLT2011-12-19","DepartureGate","C21"
"UA-2945-PHL-CLT2011-12-19","ExpectedArrivalTime","Mon, Dec 19 1:45 PM"
"UA-2945-PHL-CLT2011-12-19","ActualArrivalTime","Mon, Dec 19 1:31 PM"
"UA-2945-PHL-CLT2011-12-19","ArrivalGate","C12"
"UA-6273-YYC-SFO2011-12-19","ExpectedDepartureTime","Mon, Dec 19 7:45 AM"
"UA-6273-YYC-SFO2011-12-19","ActualDepartureTime","Mon, Dec 19 9:28 AM"
"UA-6273-YYC-SFO2011-12-19","ExpectedArrivalTime","Mon, Dec 19 9:53 AM"
"UA-6273-YYC-SFO2011-12-19","ActualArrivalTime","Mon, Dec 19 11:09 AM"
"UA-6273-YYC-SFO2011-12-19","ArrivalGate","70"
"UA-2314-ATL-PHL2011-12-19","ExpectedDepartureTime","Mon, Dec 19 2:55 PM"
"UA-2314-ATL-PHL2011-12-19","ActualDepartureTime","Mon, Dec 19 2:55 PM"
"UA-2314-ATL-PHL2011-12-19","DepartureGate","D23"
"UA-2314-ATL-PHL2011-12-19","ExpectedArrivalTime","Mon, Dec 19 5:00 PM"
"UA-2314-ATL-PHL2011-12-19","ActualArrivalTime","Mon, Dec 19 5:02 PM"
"UA-2314-ATL-PHL2011-12-19","ArrivalGate","C26"
"UA-382-IAD-LAX2011-12-19","ExpectedDepartureTime","Mon, Dec 19 12:20 PM"
"UA-382-IAD-LAX2011-12-19","ActualDepartureTime","Mon, Dec 19 1:01 PM            Delayed"
"UA-382-IAD-LAX2011-12-19","DepartureGate","D5"
"UA-382-IAD-LAX2011-12-19","ExpectedArrivalTime","Mon, Dec 19 3:08 PM"
"UA-382-IAD-LAX2011-12-19","ActualArrivalTime","Mon, Dec 19 3:24 PM"
"UA-382-IAD-LAX2011-12-19","ArrivalGate","72"
"UA-382-IAD-LAX2011-12-19","ExpectedDepartureTime","Mon, Dec 19 12:20 PM"
"UA-382-IAD-LAX2011-12-19","ActualDepartureTime","Mon, Dec 19 1:01 PM            Delayed"
"UA-382-IAD-LAX2011-12-19","DepartureGate","D5"
"UA-382-IAD-LAX2011-12-19","ExpectedArrivalTime","Mon, Dec 19 3:08 PM"
"UA-382-IAD-LAX2011-12-19","ActualArrivalTime","Mon, Dec 19 3:19 PM"
"UA-382-IAD-LAX2011-12-19","ArrivalGate","72"
"UA-858-PVG-SFO2011-12-19","ExpectedDepartureTime","Mon, Dec 19 1:45 PM"
"UA-858-PVG-SFO2011-12-19","ActualDepartureTime","Mon, Dec 19 1:38 PM"
"UA-858-PVG-SFO2011-12-19","DepartureGate","79"
"UA-858-PVG-SFO2011-12-19","ExpectedArrivalTime","Mon, Dec 19 8:27 AM"
"UA-858-PVG-SFO2011-12-19","ActualArrivalTime","Mon, Dec 19 7:55 AM"
"UA-858-PVG-SFO2011-12-19","ArrivalGate","94"
"UA-854-SFO-IAH2011-12-19","ExpectedDepartureTime","Mon, Dec 19 7:35 AM"
"UA-854-SFO-IAH2011-12-19","ActualDepartureTime","Mon, Dec 19 7:31 AM"
"UA-854-SFO-IAH2011-12-19","DepartureGate","100"
"UA-854-SFO-IAH2011-12-19","ExpectedArrivalTime","Mon, Dec 19 1:30 PM"
"UA-854-SFO-IAH2011-12-19","ActualArrivalTime","Mon, Dec 19 1:34 PM"
"UA-854-SFO-IAH2011-12-19","ArrivalGate","C16"
"CO-1586-IAH-MCO2011-12-19","ExpectedDepartureTime","Mon., Dec.19, 2011 7:01 p.m."
"CO-1586-IAH-MCO2011-12-19","ActualDepartureTime","Mon., Dec.19, 2011 7:24 p.m."
"CO-1586-IAH-MCO2011-12-19","ExpectedArrivalTime","Mon., Dec.19, 2011 10:13 p.m."
"CO-1586-IAH-MCO2011-12-19","ActualArrivalTime","Mon., Dec.19, 2011 10:39 p.m."
"CO-1694-LAX-IAH2011-12-19","ExpectedDepartureTime","Mon., Dec.19, 2011 7:41 p.m."
"CO-1694-LAX-IAH2011-12-19","ActualDepartureTime","Mon., Dec.19, 2011 7:41 p.m."
"CO-1694-LAX-IAH2011-12-19","ExpectedArrivalTime","Mon., Dec.19, 2011 12:44 a.m."
"CO-1694-LAX-IAH2011-12-19","ActualArrivalTime","Mon., Dec.19, 2011 12:44 a.m."
"CO-1088-CLE-IAH2011-12-19","ExpectedDepartureTime","Mon., Dec.19, 2011 8:35 a.m."
"CO-1088-CLE-IAH2011-12-19","ActualDepartureTime","Mon., Dec.19, 2011 8:39 a.m."
"CO-1088-CLE-IAH2011-12-19","ExpectedArrivalTime","Mon., Dec.19, 2011 10:55 a.m."
"CO-1088-CLE-IAH2011-12-19","ActualArrivalTime","Mon., Dec.19, 2011 10:30 a.m."
"CO-16-LAX-EWR2011-12-19","ExpectedDepartureTime","Mon., Dec.19, 2011 10:25 a.m."
"CO-16-LAX-EWR2011-12-19","ActualDepartureTime","Mon., Dec.19, 2011 10:21 a.m."
"CO-16-LAX-EWR2011-12-19","ExpectedArrivalTime","Mon., Dec.19, 2011 6:39 p.m."
"CO-16-LAX-EWR2011-12-19","ActualArrivalTime","Mon., Dec.19, 2011 7:09 p.m."
"CO-58-DEN-IAH2011-12-19","ExpectedDepartureTime","Mon., Dec.19, 2011 11:30 a.m."
"CO-58-DEN-IAH2011-12-19","ActualDepartureTime","Mon., Dec.19, 2011 11:40 a.m."
"CO-58-DEN-IAH2011-12-19","ExpectedArrivalTime","Mon., Dec.19, 2011 2:56 p.m."
"CO-58-DEN-IAH2011-12-19","ActualArrivalTime","Mon., Dec.19, 2011 3:11 p.m."
"CO-1193-EWR-MCO2011-12-19","ExpectedDepartureTime","Mon., Dec.19, 2011 9:15 a.m."
"CO-1193-EWR-MCO2011-12-19","ActualDepartureTime","Mon., Dec.19, 2011 9:56 a.m."
"CO-1193-EWR-MCO2011-12-19","ExpectedArrivalTime","Mon., Dec.19, 2011 12:16 p.m."
"CO-1193-EWR-MCO2011-12-19","ActualArrivalTime","Mon., Dec.19, 2011 12:30 p.m."
"CO-1023-IAH-DEN2011-12-19","ExpectedDepartureTime","Mon., Dec.19, 2011 11:40 a.m."
"CO-1023-IAH-DEN2011-12-19","ActualDepartureTime","Mon., Dec.19, 2011 11:49 a.m."
"CO-1023-IAH-DEN2011-12-19","ExpectedArrivalTime","Mon., Dec.19, 2011 1:20 p.m."
"CO-1023-IAH-DEN2011-12-19","ActualArrivalTime","Mon., Dec.19, 2011 1:14 p.m."
"CO-1250-MIA-IAH2011-12-19","ExpectedDepartureTime","Mon., Dec.19, 2011 2:50 p.m."
"CO-1250-MIA-IAH2011-12-19","ActualDepartureTime","Mon., Dec.19, 2011 3:08 p.m."
"CO-1250-MIA-IAH2011-12-19","ExpectedArrivalTime","Mon., Dec.19, 2011 4:48 p.m."
"CO-1250-MIA-IAH2011-12-19","ActualArrivalTime","Mon., Dec.19, 2011 5:19 p.m."
"CO-62-IAH-EWR2011-12-19","ExpectedDepartureTime","Mon., Dec.19, 2011 2:30 p.m."
"CO-62-IAH-EWR2011-12-19","ActualDepartureTime","Mon., Dec.19, 2011 2:50 p.m."
"CO-62-IAH-EWR2011-12-19","ExpectedArrivalTime","Mon., Dec.19, 2011 7:03 p.m."
"CO-62-IAH-EWR2011-12-19","ActualArrivalTime","Mon., Dec.19, 2011 7:10 p.m."
"CO-52-IAH-LAX2011-12-19","ExpectedDepartureTime","Mon., Dec.19, 2011 7:35 a.m."
"CO-52-IAH-LAX2011-12-19","ActualDepartureTime","Mon., Dec.19, 2011 7:45 a.m."
"CO-52-IAH-LAX2011-12-19","ExpectedArrivalTime","Mon., Dec.19, 2011 9:30 a.m."
"CO-52-IAH-LAX2011-12-19","ActualArrivalTime","Mon., Dec.19, 2011 9:15 a.m."
"CO-1614-LAX-IAH2011-12-19","ExpectedDepartureTime","Mon., Dec.19, 2011 12:30 a.m."
"CO-1614-LAX-IAH2011-12-19","ActualDepartureTime","Mon., Dec.19, 2011 1:02 a.m."
"CO-1614-LAX-IAH2011-12-19","ExpectedArrivalTime","Mon., Dec.19, 2011 5:36 a.m."
"CO-1614-LAX-IAH2011-12-19","ActualArrivalTime","Mon., Dec.19, 2011 6:09 a.m."
"CO-89-IAH-EWR2011-12-19","ExpectedDepartureTime","Mon., Dec.19, 2011 6:00 a.m."
"CO-89-IAH-EWR2011-12-19","ActualDepartureTime","Mon., Dec.19, 2011 5:58 a.m."
"CO-89-IAH-EWR2011-12-19","ExpectedArrivalTime","Mon., Dec.19, 2011 10:20 a.m."
"CO-89-IAH-EWR2011-12-19","ActualArrivalTime","Mon., Dec.19, 2011 10:13 a.m."
"CO-1090-BOS-IAH2011-12-19","ExpectedDepartureTime","Mon., Dec.19, 2011 9:50 a.m."
"CO-1090-BOS-IAH2011-12-19","ActualDepartureTime","Mon., Dec.19, 2011 9:50 a.m."
"CO-1090-BOS-IAH2011-12-19","ExpectedArrivalTime","Mon., Dec.19, 2011 1:20 p.m."
"CO-1090-BOS-IAH2011-12-19","ActualArrivalTime","Mon., Dec.19, 2011 1:13 p.m."
"CO-45-EWR-MIA2011-12-19","ExpectedDepartureTime","Mon., Dec.19, 2011 3:50 p.m."
"CO-45-EWR-MIA2011-12-19","ActualDepartureTime","Mon., Dec.19, 2011 3:48 p.m."
"CO-45-EWR-MIA2011-12-19","ExpectedArrivalTime","Mon., Dec.19, 2011 7:05 p.m."
"CO-45-EWR-MIA2011-12-19","ActualArrivalTime","Mon., Dec.19, 2011 6:34 p.m."
"CO-63-EWR-IAH2011-12-19","ExpectedDepartureTime","Mon., Dec.19, 2011 5:25 p.m."
"CO-63-EWR-IAH2011-12-19","ActualDepartureTime","Mon., Dec.19, 2011 5:25 p.m."
"CO-63-EWR-IAH2011-12-19","ExpectedArrivalTime","Mon., Dec.19, 2011 8:30 p.m."
"CO-63-EWR-IAH2011-12-19","ActualArrivalTime","Mon., Dec.19, 2011 8:35 p.m."
"CO-50-CLE-EWR2011-12-19","ExpectedDepartureTime","Mon., Dec.19, 2011 2:55 p.m."
"CO-50-CLE-EWR2011-12-19","ActualDepartureTime","Mon., Dec.19, 2011 3:45 p.m."
"CO-50-CLE-EWR2011-12-19","ExpectedArrivalTime","Mon., Dec.19, 2011 4:53 p.m."
"CO-50-CLE-EWR2011-12-19","ActualArrivalTime","Mon., Dec.19, 2011 5:25 p.m."
"CO-1561-PHX-IAH2011-12-19","ExpectedDepartureTime","Mon., Dec.19, 2011 8:05 a.m."
"CO-1561-PHX-IAH2011-12-19","ActualDepartureTime","Mon., Dec.19, 2011 8:01 a.m."
"CO-1561-PHX-IAH2011-12-19","ExpectedArrivalTime","Mon., Dec.19, 2011 11:37 a.m."
"CO-1561-PHX-IAH2011-12-19","ActualArrivalTime","Mon., Dec.19, 2011 11:33 a.m."
"CO-47-IAH-LAX2011-12-19","ExpectedDepartureTime","Mon., Dec.19, 2011 7:10 p.m."
"CO-47-IAH-LAX2011-12-19","ActualDepartureTime","Mon., Dec.19, 2011 7:54 p.m."
"CO-47-IAH-LAX2011-12-19","ExpectedArrivalTime","Mon., Dec.19, 2011 9:06 p.m."
"CO-47-IAH-LAX2011-12-19","ActualArrivalTime","Mon., Dec.19, 2011 9:18 p.m."
