"ObjectID","PropertyID","PropertyValue"
"AA-1221-MCO-ORD2011-12-07","ExpectedDepartureTime","12/07/2011 08:00 PM"
"AA-1221-MCO-ORD2011-12-07","ActualDepartureTime","12/07/2011 08:08 PM"
"AA-1221-MCO-ORD2011-12-07","DepartureGate","15"
"AA-1221-MCO-ORD2011-12-07","ExpectedArrivalTime","12/07/2011 09:50 PM"
"AA-1221-MCO-ORD2011-12-07","ActualArrivalTime","12/07/2011 09:32 PM"
"AA-1221-MCO-ORD2011-12-07","ArrivalGate","K8"
"AA-4307-ORD-DTW2011-12-07","ExpectedDepartureTime","12/07/2011 06:45 PM"
"AA-4307-ORD-DTW2011-12-07","ActualDepartureTime","12/07/2011 06:59 PM"
"AA-4307-ORD-DTW2011-12-07","DepartureGate","G19A"
"AA-4307-ORD-DTW2011-12-07","ExpectedArrivalTime","12/07/2011 09:10 PM"
"AA-4307-ORD-DTW2011-12-07","ActualArrivalTime","12/07/2011 08:52 PM"
"AA-4307-ORD-DTW2011-12-07","ArrivalGate","D28"
"AA-616-DFW-DTW2011-12-07","ExpectedDepartureTime","12/07/2011 09:05 AM"
"AA-616-DFW-DTW2011-12-07","ActualDepartureTime","12/07/2011 09:14 AM"
"AA-616-DFW-DTW2011-12-07","DepartureGate","C30"
"AA-616-DFW-DTW2011-12-07","ExpectedArrivalTime","12/07/2011 12:35 PM"
"AA-616-DFW-DTW2011-12-07","ActualArrivalTime","12/07/2011 12:43 PM"
"AA-616-DFW-DTW2011-12-07","ArrivalGate","D32"
"AA-431-MIA-SFO2011-12-07","ExpectedDepartureTime","12/07/2011 08:35 AM"
"AA-431-MIA-SFO2011-12-07","ActualDepartureTime","12/07/2011 08:42 AM"
"AA-431-MIA-SFO2011-12-07","DepartureGate","D44"
"AA-431-MIA-SFO2011-12-07","ExpectedArrivalTime","12/07/2011 11:50 AM"
"AA-431-MIA-SFO2011-12-07","ActualArrivalTime","12/07/2011 11:22 AM"
"AA-431-MIA-SFO2011-12-07","ArrivalGate","57"
"AA-3756-ORD-SLC2011-12-07","ExpectedDepartureTime","12/07/2011 12:15 PM"
"AA-3756-ORD-SLC2011-12-07","ActualDepartureTime","12/07/2011 12:29 PM"
"AA-3756-ORD-SLC2011-12-07","DepartureGate","G9"
"AA-3756-ORD-SLC2011-12-07","ExpectedArrivalTime","12/07/2011 02:45 PM"
"AA-3756-ORD-SLC2011-12-07","ActualArrivalTime","12/07/2011 02:43 PM"
"AA-3756-ORD-SLC2011-12-07","ArrivalGate","A3"
"AA-2050-ORD-MIA2011-12-07","ExpectedDepartureTime","12/07/2011 10:40 AM"
"AA-2050-ORD-MIA2011-12-07","ActualDepartureTime","12/07/2011 10:50 AM"
"AA-2050-ORD-MIA2011-12-07","DepartureGate","H15"
"AA-2050-ORD-MIA2011-12-07","ExpectedArrivalTime","12/07/2011 02:45 PM"
"AA-2050-ORD-MIA2011-12-07","ActualArrivalTime","12/07/2011 02:34 PM"
"AA-2050-ORD-MIA2011-12-07","ArrivalGate","D1"
"AA-3804-PHL-ORD2011-12-07","ExpectedDepartureTime","12/07/2011 02:35 PM"
"AA-3804-PHL-ORD2011-12-07","ActualDepartureTime","12/07/2011 03:13 PM"
"AA-3804-PHL-ORD2011-12-07","DepartureGate","A7"
"AA-3804-PHL-ORD2011-12-07","ExpectedArrivalTime","12/07/2011 04:05 PM"
"AA-3804-PHL-ORD2011-12-07","ActualArrivalTime","12/07/2011 04:10 PM"
"AA-3804-PHL-ORD2011-12-07","ArrivalGate","H1A"
"AA-1664-MIA-ATL2011-12-07","ExpectedDepartureTime","12/07/2011 10:15 AM"
"AA-1664-MIA-ATL2011-12-07","ActualDepartureTime","12/07/2011 10:26 AM"
"AA-1664-MIA-ATL2011-12-07","DepartureGate","D36"
"AA-1664-MIA-ATL2011-12-07","ExpectedArrivalTime","12/07/2011 12:10 PM"
"AA-1664-MIA-ATL2011-12-07","ActualArrivalTime","12/07/2011 11:59 AM"
"AA-1664-MIA-ATL2011-12-07","ArrivalGate","T11"
"AA-789-ORD-DEN2011-12-07","ExpectedDepartureTime","12/07/2011 01:05 PM"
"AA-789-ORD-DEN2011-12-07","ActualDepartureTime","12/07/2011 01:11 PM"
"AA-789-ORD-DEN2011-12-07","DepartureGate","K9"
"AA-789-ORD-DEN2011-12-07","ExpectedArrivalTime","12/07/2011 02:35 PM"
"AA-789-ORD-DEN2011-12-07","ActualArrivalTime","12/07/2011 02:29 PM"
"AA-789-ORD-DEN2011-12-07","ArrivalGate","A49"
"AA-1733-ORD-PHX2011-12-07","ExpectedDepartureTime","12/07/2011 07:45 PM"
"AA-1733-ORD-PHX2011-12-07","ActualDepartureTime","12/07/2011 08:01 PM"
"AA-1733-ORD-PHX2011-12-07","DepartureGate","H15"
"AA-1733-ORD-PHX2011-12-07","ExpectedArrivalTime","12/07/2011 10:30 PM"
"AA-1733-ORD-PHX2011-12-07","ArrivalGate","6"
"AA-1733-ORD-PHX2011-12-07","ExpectedDepartureTime","12/07/2011 07:45 PM"
"AA-1733-ORD-PHX2011-12-07","ActualDepartureTime","12/07/2011 08:01 PM"
"AA-1733-ORD-PHX2011-12-07","DepartureGate","H15"
"AA-1733-ORD-PHX2011-12-07","ExpectedArrivalTime","12/07/2011 10:30 PM"
"AA-1733-ORD-PHX2011-12-07","ArrivalGate","6"
"AA-4277-CVG-JFK2011-12-07","ExpectedDepartureTime","12/07/2011 12:10 PM"
"AA-4277-CVG-JFK2011-12-07","ActualDepartureTime","12/07/2011 12:16 PM"
"AA-4277-CVG-JFK2011-12-07","DepartureGate","1"
"AA-4277-CVG-JFK2011-12-07","ExpectedArrivalTime","12/07/2011 02:15 PM"
"AA-4277-CVG-JFK2011-12-07","ActualArrivalTime","12/07/2011 01:58 PM"
"AA-4277-CVG-JFK2011-12-07","ArrivalGate","31E"
"AA-2312-DFW-DTW2011-12-07","ExpectedDepartureTime","12/07/2011 08:25 PM"
"AA-2312-DFW-DTW2011-12-07","DepartureGate","C19"
"AA-2312-DFW-DTW2011-12-07","ExpectedArrivalTime","12/07/2011 11:50 PM"
"AA-2312-DFW-DTW2011-12-07","ArrivalGate","D32"
"AA-85-JFK-SFO2011-12-07","ExpectedDepartureTime","12/07/2011 03:05 PM"
"AA-85-JFK-SFO2011-12-07","ActualDepartureTime","12/07/2011 04:38 PM"
"AA-85-JFK-SFO2011-12-07","DepartureGate","41"
"AA-85-JFK-SFO2011-12-07","ExpectedArrivalTime","12/07/2011 06:30 PM"
"AA-85-JFK-SFO2011-12-07","ArrivalGate","58B"
"AA-404-MIA-MCO2011-12-07","ExpectedDepartureTime","12/07/2011 06:45 AM"
"AA-404-MIA-MCO2011-12-07","ActualDepartureTime","12/07/2011 06:52 AM"
"AA-404-MIA-MCO2011-12-07","DepartureGate","D48"
"AA-404-MIA-MCO2011-12-07","ExpectedArrivalTime","12/07/2011 07:45 AM"
"AA-404-MIA-MCO2011-12-07","ActualArrivalTime","12/07/2011 07:38 AM"
"AA-404-MIA-MCO2011-12-07","ArrivalGate","17"
"AA-446-DFW-PHL2011-12-07","ExpectedDepartureTime","12/07/2011 11:50 AM"
"AA-446-DFW-PHL2011-12-07","ActualDepartureTime","12/07/2011 01:40 PM"
"AA-446-DFW-PHL2011-12-07","DepartureGate","D28"
"AA-446-DFW-PHL2011-12-07","ExpectedArrivalTime","12/07/2011 03:50 PM"
"AA-446-DFW-PHL2011-12-07","ActualArrivalTime","12/07/2011 05:27 PM"
"AA-446-DFW-PHL2011-12-07","ArrivalGate","A3"
"AA-2268-PHX-ORD2011-12-07","ExpectedDepartureTime","12/07/2011 07:15 AM"
"AA-2268-PHX-ORD2011-12-07","ActualDepartureTime","12/07/2011 07:25 AM"
"AA-2268-PHX-ORD2011-12-07","DepartureGate","6"
"AA-2268-PHX-ORD2011-12-07","ExpectedArrivalTime","12/07/2011 11:35 AM"
"AA-2268-PHX-ORD2011-12-07","ActualArrivalTime","12/07/2011 11:23 AM"
"AA-2268-PHX-ORD2011-12-07","ArrivalGate","H12"
"AA-4344-ORD-DTW2011-12-07","ExpectedDepartureTime","12/07/2011 11:45 AM"
"AA-4344-ORD-DTW2011-12-07","ActualDepartureTime","12/07/2011 11:54 AM"
"AA-4344-ORD-DTW2011-12-07","DepartureGate","G1B"
"AA-4344-ORD-DTW2011-12-07","ExpectedArrivalTime","12/07/2011 02:00 PM"
"AA-4344-ORD-DTW2011-12-07","ActualArrivalTime","12/07/2011 01:54 PM"
"AA-4344-ORD-DTW2011-12-07","ArrivalGate","D28"
"AA-484-DFW-MIA2011-12-07","ExpectedDepartureTime","12/07/2011 04:15 PM"
"AA-484-DFW-MIA2011-12-07","ActualDepartureTime","12/07/2011 04:36 PM"
"AA-484-DFW-MIA2011-12-07","DepartureGate","D20"
"AA-484-DFW-MIA2011-12-07","ExpectedArrivalTime","12/07/2011 07:55 PM"
"AA-484-DFW-MIA2011-12-07","ActualArrivalTime","12/07/2011 07:57 PM"
"AA-484-DFW-MIA2011-12-07","ArrivalGate","D48"
"AA-3979-CVG-ORD2011-12-07","ExpectedDepartureTime","12/07/2011 07:30 AM"
"AA-3979-CVG-ORD2011-12-07","ActualDepartureTime","12/07/2011 07:56 AM"
"AA-3979-CVG-ORD2011-12-07","DepartureGate","3"
"AA-3979-CVG-ORD2011-12-07","ExpectedArrivalTime","12/07/2011 08:00 AM"
"AA-3979-CVG-ORD2011-12-07","ActualArrivalTime","12/07/2011 07:49 AM"
"AA-3979-CVG-ORD2011-12-07","ArrivalGate","G6B"
"AA-3063-SLC-LAX2011-12-07","ExpectedDepartureTime","12/07/2011 08:20 PM"
"AA-3063-SLC-LAX2011-12-07","ActualDepartureTime","12/07/2011 08:29 PM"
"AA-3063-SLC-LAX2011-12-07","DepartureGate","A3"
"AA-3063-SLC-LAX2011-12-07","ExpectedArrivalTime","12/07/2011 09:20 PM"
"AA-3063-SLC-LAX2011-12-07","ArrivalGate","44J"
"AA-3859-IAH-ORD2011-12-07","ExpectedDepartureTime","12/07/2011 07:10 AM"
"AA-3859-IAH-ORD2011-12-07","ActualDepartureTime","12/07/2011 07:22 AM"
"AA-3859-IAH-ORD2011-12-07","DepartureGate","A29"
"AA-3859-IAH-ORD2011-12-07","ExpectedArrivalTime","12/07/2011 09:40 AM"
"AA-3859-IAH-ORD2011-12-07","ActualArrivalTime","12/07/2011 09:29 AM"
"AA-3859-IAH-ORD2011-12-07","ArrivalGate","G11"
"AA-3842-MSP-ORD2011-12-07","ExpectedDepartureTime","12/07/2011 06:00 AM"
"AA-3842-MSP-ORD2011-12-07","ActualDepartureTime","12/07/2011 06:24 AM"
"AA-3842-MSP-ORD2011-12-07","DepartureGate","E14"
"AA-3842-MSP-ORD2011-12-07","ExpectedArrivalTime","12/07/2011 07:30 AM"
"AA-3842-MSP-ORD2011-12-07","ActualArrivalTime","12/07/2011 07:24 AM"
"AA-3842-MSP-ORD2011-12-07","ArrivalGate","H5"
"AA-1544-SAN-ORD2011-12-07","ExpectedDepartureTime","12/07/2011 11:25 AM"
"AA-1544-SAN-ORD2011-12-07","ActualDepartureTime","12/07/2011 11:31 AM"
"AA-1544-SAN-ORD2011-12-07","DepartureGate","27"
"AA-1544-SAN-ORD2011-12-07","ExpectedArrivalTime","12/07/2011 05:25 PM"
"AA-1544-SAN-ORD2011-12-07","ActualArrivalTime","12/07/2011 05:20 PM"
"AA-1544-SAN-ORD2011-12-07","ArrivalGate","H6"
"AA-649-ORD-SNA2011-12-07","ExpectedDepartureTime","12/07/2011 01:30 PM"
"AA-649-ORD-SNA2011-12-07","DepartureGate","K8"
"AA-649-ORD-SNA2011-12-07","ExpectedArrivalTime","12/07/2011 03:50 PM"
"AA-649-ORD-SNA2011-12-07","ArrivalGate","7"
"AA-1640-MIA-MCO2011-12-07","ExpectedDepartureTime","12/07/2011 06:30 PM"
"AA-1640-MIA-MCO2011-12-07","DepartureGate","D43"
"AA-1640-MIA-MCO2011-12-07","ExpectedArrivalTime","12/07/2011 07:25 PM"
"AA-1640-MIA-MCO2011-12-07","ArrivalGate","14"
"AA-518-MIA-JFK2011-12-07","ExpectedDepartureTime","12/07/2011 06:30 AM"
"AA-518-MIA-JFK2011-12-07","ActualDepartureTime","12/07/2011 06:35 AM"
"AA-518-MIA-JFK2011-12-07","DepartureGate","D1"
"AA-518-MIA-JFK2011-12-07","ExpectedArrivalTime","12/07/2011 09:15 AM"
"AA-518-MIA-JFK2011-12-07","ActualArrivalTime","12/07/2011 09:01 AM"
"AA-518-MIA-JFK2011-12-07","ArrivalGate","33"
"AA-1279-DFW-PHX2011-12-07","ExpectedDepartureTime","12/07/2011 01:00 PM"
"AA-1279-DFW-PHX2011-12-07","ActualDepartureTime","12/07/2011 01:16 PM"
"AA-1279-DFW-PHX2011-12-07","DepartureGate","C16"
"AA-1279-DFW-PHX2011-12-07","ExpectedArrivalTime","12/07/2011 02:35 PM"
"AA-1279-DFW-PHX2011-12-07","ActualArrivalTime","12/07/2011 02:29 PM"
"AA-1279-DFW-PHX2011-12-07","ArrivalGate","4"
"AA-1522-SFO-ORD2011-12-07","ExpectedDepartureTime","12/07/2011 11:55 PM"
"AA-1522-SFO-ORD2011-12-07","DepartureGate","57"
"AA-1522-SFO-ORD2011-12-07","ExpectedArrivalTime","12/08/2011 05:50 AM"
"AA-1522-SFO-ORD2011-12-07","ArrivalGate","H9"
"AA-59-JFK-SFO2011-12-07","ExpectedDepartureTime","12/07/2011 07:10 AM"
"AA-59-JFK-SFO2011-12-07","ActualDepartureTime","12/07/2011 07:40 AM"
"AA-59-JFK-SFO2011-12-07","DepartureGate","33"
"AA-59-JFK-SFO2011-12-07","ExpectedArrivalTime","12/07/2011 10:45 AM"
"AA-59-JFK-SFO2011-12-07","ActualArrivalTime","12/07/2011 10:45 AM"
"AA-59-JFK-SFO2011-12-07","ArrivalGate","58B"
"AA-415-BOS-ORD2011-12-07","ExpectedDepartureTime","12/07/2011 08:35 AM"
"AA-415-BOS-ORD2011-12-07","ActualDepartureTime","12/07/2011 08:50 AM"
"AA-415-BOS-ORD2011-12-07","DepartureGate","B35"
"AA-415-BOS-ORD2011-12-07","ExpectedArrivalTime","12/07/2011 10:40 AM"
"AA-415-BOS-ORD2011-12-07","ActualArrivalTime","12/07/2011 10:33 AM"
"AA-415-BOS-ORD2011-12-07","ArrivalGate","H10"
"AA-222-LAX-BOS2011-12-07","ExpectedDepartureTime","12/07/2011 07:10 AM"
"AA-222-LAX-BOS2011-12-07","ActualDepartureTime","12/07/2011 07:22 AM"
"AA-222-LAX-BOS2011-12-07","DepartureGate","48B"
"AA-222-LAX-BOS2011-12-07","ExpectedArrivalTime","12/07/2011 03:30 PM"
"AA-222-LAX-BOS2011-12-07","ActualArrivalTime","12/07/2011 03:29 PM"
"AA-222-LAX-BOS2011-12-07","ArrivalGate","B28"
"AA-3823-LAX-DEN2011-12-07","ExpectedDepartureTime","12/07/2011 09:00 PM"
"AA-3823-LAX-DEN2011-12-07","DepartureGate","44F"
"AA-3823-LAX-DEN2011-12-07","ExpectedArrivalTime","12/08/2011 12:15 AM"
"AA-3823-LAX-DEN2011-12-07","ArrivalGate","A49"
"AA-1165-JFK-MIA2011-12-07","ExpectedDepartureTime","12/07/2011 06:59 AM"
"AA-1165-JFK-MIA2011-12-07","ActualDepartureTime","12/07/2011 07:11 AM"
"AA-1165-JFK-MIA2011-12-07","DepartureGate","40"
"AA-1165-JFK-MIA2011-12-07","ExpectedArrivalTime","12/07/2011 10:34 AM"
"AA-1165-JFK-MIA2011-12-07","ActualArrivalTime","12/07/2011 09:59 AM"
"AA-1165-JFK-MIA2011-12-07","ArrivalGate","D2"
"AA-3786-IAH-ORD2011-12-07","ExpectedDepartureTime","12/07/2011 04:00 PM"
"AA-3786-IAH-ORD2011-12-07","ActualDepartureTime","12/07/2011 04:15 PM"
"AA-3786-IAH-ORD2011-12-07","DepartureGate","A29"
"AA-3786-IAH-ORD2011-12-07","ExpectedArrivalTime","12/07/2011 06:40 PM"
"AA-3786-IAH-ORD2011-12-07","ActualArrivalTime","12/07/2011 06:44 PM"
"AA-3786-IAH-ORD2011-12-07","ArrivalGate","G3"
"AA-4330-CVG-ORD2011-12-07","ExpectedDepartureTime","12/07/2011 03:35 PM"
"AA-4330-CVG-ORD2011-12-07","ActualDepartureTime","12/07/2011 03:47 PM"
"AA-4330-CVG-ORD2011-12-07","DepartureGate","5"
"AA-4330-CVG-ORD2011-12-07","ExpectedArrivalTime","12/07/2011 04:00 PM"
"AA-4330-CVG-ORD2011-12-07","ActualArrivalTime","12/07/2011 03:41 PM"
"AA-4330-CVG-ORD2011-12-07","ArrivalGate","G20"
"AA-3468-CVG-MIA2011-12-07","ExpectedDepartureTime","12/07/2011 07:00 AM"
"AA-3468-CVG-MIA2011-12-07","ActualDepartureTime","12/07/2011 07:25 AM"
"AA-3468-CVG-MIA2011-12-07","DepartureGate","3"
"AA-3468-CVG-MIA2011-12-07","ExpectedArrivalTime","12/07/2011 09:55 AM"
"AA-3468-CVG-MIA2011-12-07","ActualArrivalTime","12/07/2011 09:47 AM"
"AA-3468-CVG-MIA2011-12-07","ArrivalGate","D60"
"AA-204-LAX-MCO2011-12-07","ExpectedDepartureTime","12/07/2011 11:25 PM"
"AA-204-LAX-MCO2011-12-07","DepartureGate","45"
"AA-204-LAX-MCO2011-12-07","ExpectedArrivalTime","12/08/2011 06:55 AM"
"AA-204-LAX-MCO2011-12-07","ArrivalGate","TBA"
"AA-466-IAH-MIA2011-12-07","ExpectedDepartureTime","12/07/2011 06:00 AM"
"AA-466-IAH-MIA2011-12-07","ActualDepartureTime","12/07/2011 06:10 AM"
"AA-466-IAH-MIA2011-12-07","DepartureGate","A27"
"AA-466-IAH-MIA2011-12-07","ExpectedArrivalTime","12/07/2011 09:20 AM"
"AA-466-IAH-MIA2011-12-07","ActualArrivalTime","12/07/2011 09:11 AM"
"AA-466-IAH-MIA2011-12-07","ArrivalGate","D36"
"AA-3-JFK-LAX2011-12-07","ExpectedDepartureTime","12/07/2011 12:00 PM"
"AA-3-JFK-LAX2011-12-07","ActualDepartureTime","12/07/2011 12:04 PM"
"AA-3-JFK-LAX2011-12-07","DepartureGate","8"
"AA-3-JFK-LAX2011-12-07","ExpectedArrivalTime","12/07/2011 03:15 PM"
"AA-3-JFK-LAX2011-12-07","ActualArrivalTime","12/07/2011 02:35 PM"
"AA-3-JFK-LAX2011-12-07","ArrivalGate","48B"
"AA-1007-MIA-PHX2011-12-07","ExpectedDepartureTime","12/07/2011 04:55 PM"
"AA-1007-MIA-PHX2011-12-07","ActualDepartureTime","12/07/2011 05:12 PM"
"AA-1007-MIA-PHX2011-12-07","DepartureGate","D32"
"AA-1007-MIA-PHX2011-12-07","ExpectedArrivalTime","12/07/2011 08:05 PM"
"AA-1007-MIA-PHX2011-12-07","ActualArrivalTime","12/07/2011 07:54 PM"
"AA-1007-MIA-PHX2011-12-07","ArrivalGate","6"
"AA-271-MIA-LAX2011-12-07","ExpectedDepartureTime","12/07/2011 11:35 AM"
"AA-271-MIA-LAX2011-12-07","ActualDepartureTime","12/07/2011 11:57 AM"
"AA-271-MIA-LAX2011-12-07","DepartureGate","D30"
"AA-271-MIA-LAX2011-12-07","ExpectedArrivalTime","12/07/2011 02:25 PM"
"AA-271-MIA-LAX2011-12-07","ActualArrivalTime","12/07/2011 02:14 PM"
"AA-271-MIA-LAX2011-12-07","ArrivalGate","46B"
"AA-643-MIA-ORD2011-12-07","ExpectedDepartureTime","12/07/2011 07:10 AM"
"AA-643-MIA-ORD2011-12-07","ActualDepartureTime","12/07/2011 07:23 AM"
"AA-643-MIA-ORD2011-12-07","DepartureGate","D40"
"AA-643-MIA-ORD2011-12-07","ExpectedArrivalTime","12/07/2011 09:35 AM"
"AA-643-MIA-ORD2011-12-07","ActualArrivalTime","12/07/2011 09:03 AM"
"AA-643-MIA-ORD2011-12-07","ArrivalGate","K13"
"AA-4198-ORD-CLE2011-12-07","ExpectedDepartureTime","12/07/2011 10:40 AM"
"AA-4198-ORD-CLE2011-12-07","ActualDepartureTime","12/07/2011 10:44 AM"
"AA-4198-ORD-CLE2011-12-07","DepartureGate","G3"
"AA-4198-ORD-CLE2011-12-07","ExpectedArrivalTime","12/07/2011 12:55 PM"
"AA-4198-ORD-CLE2011-12-07","ActualArrivalTime","12/07/2011 12:43 PM"
"AA-4198-ORD-CLE2011-12-07","ArrivalGate","A1"
"AA-400-DFW-JFK2011-12-07","ExpectedDepartureTime","12/07/2011 10:40 AM"
"AA-400-DFW-JFK2011-12-07","ActualDepartureTime","12/07/2011 10:52 AM"
"AA-400-DFW-JFK2011-12-07","DepartureGate","C8"
"AA-400-DFW-JFK2011-12-07","ExpectedArrivalTime","12/07/2011 02:59 PM"
"AA-400-DFW-JFK2011-12-07","ActualArrivalTime","12/07/2011 02:50 PM"
"AA-400-DFW-JFK2011-12-07","ArrivalGate","33"
"AA-1886-BOS-MIA2011-12-07","ExpectedDepartureTime","12/07/2011 10:45 AM"
"AA-1886-BOS-MIA2011-12-07","ActualDepartureTime","12/07/2011 11:01 AM"
"AA-1886-BOS-MIA2011-12-07","DepartureGate","B34"
"AA-1886-BOS-MIA2011-12-07","ExpectedArrivalTime","12/07/2011 02:20 PM"
"AA-1886-BOS-MIA2011-12-07","ActualArrivalTime","12/07/2011 02:22 PM"
"AA-1886-BOS-MIA2011-12-07","ArrivalGate","D8"
"AA-1917-JFK-MCO2011-12-07","ExpectedDepartureTime","12/07/2011 02:55 PM"
"AA-1917-JFK-MCO2011-12-07","ActualDepartureTime","12/07/2011 03:45 PM"
"AA-1917-JFK-MCO2011-12-07","DepartureGate","3"
"AA-1917-JFK-MCO2011-12-07","ExpectedArrivalTime","12/07/2011 05:55 PM"
"AA-1917-JFK-MCO2011-12-07","ActualArrivalTime","12/07/2011 06:37 PM"
"AA-1917-JFK-MCO2011-12-07","ArrivalGate","16"
"AA-3809-PHX-LAX2011-12-07","ExpectedDepartureTime","12/07/2011 06:00 AM"
"AA-3809-PHX-LAX2011-12-07","ActualDepartureTime","12/07/2011 06:16 AM"
"AA-3809-PHX-LAX2011-12-07","DepartureGate","2"
"AA-3809-PHX-LAX2011-12-07","ExpectedArrivalTime","12/07/2011 06:40 AM"
"AA-3809-PHX-LAX2011-12-07","ActualArrivalTime","12/07/2011 06:25 AM"
"AA-3809-PHX-LAX2011-12-07","ArrivalGate","44J"
"AA-2957-DFW-CVG2011-12-07","ExpectedDepartureTime","12/07/2011 07:55 AM"
"AA-2957-DFW-CVG2011-12-07","ActualDepartureTime","12/07/2011 08:25 AM"
"AA-2957-DFW-CVG2011-12-07","DepartureGate","B8"
"AA-2957-DFW-CVG2011-12-07","ExpectedArrivalTime","12/07/2011 11:05 AM"
"AA-2957-DFW-CVG2011-12-07","ActualArrivalTime","12/07/2011 11:17 AM"
"AA-2957-DFW-CVG2011-12-07","ArrivalGate","3"
"UA-1500-IAH-GUA2011-12-07","ExpectedDepartureTime","Wed, Dec 7 8:55 AM"
"UA-1500-IAH-GUA2011-12-07","ActualDepartureTime","Wed, Dec 7 10:59 AM            Delayed"
"UA-1500-IAH-GUA2011-12-07","DepartureGate","E2"
"UA-1500-IAH-GUA2011-12-07","ExpectedArrivalTime","Wed, Dec 7 11:45 AM"
"UA-1500-IAH-GUA2011-12-07","ActualArrivalTime","Wed, Dec 7 1:35 PM"
"UA-1500-IAH-GUA2011-12-07","ArrivalGate","15"
"UA-3515-IAD-MSP2011-12-07","ExpectedDepartureTime","Wed, Dec 7 8:22 AM"
"UA-3515-IAD-MSP2011-12-07","ActualDepartureTime","Wed, Dec 7 8:16 AM"
"UA-3515-IAD-MSP2011-12-07","DepartureGate","D4"
"UA-3515-IAD-MSP2011-12-07","ExpectedArrivalTime","Wed, Dec 7 10:13 AM"
"UA-3515-IAD-MSP2011-12-07","ActualArrivalTime","Wed, Dec 7 10:06 AM"
"UA-3515-IAD-MSP2011-12-07","ArrivalGate","E10"
"UA-664-ORD-PHL2011-12-07","ExpectedDepartureTime","Wed, Dec 7 1:33 PM"
"UA-664-ORD-PHL2011-12-07","ActualDepartureTime","Wed, Dec 7 2:35 PM"
"UA-664-ORD-PHL2011-12-07","DepartureGate","C25"
"UA-664-ORD-PHL2011-12-07","ExpectedArrivalTime","Wed, Dec 7 4:31 PM"
"UA-664-ORD-PHL2011-12-07","ActualArrivalTime","Wed, Dec 7 5:57 PM"
"UA-664-ORD-PHL2011-12-07","ArrivalGate","D9"
"UA-414-LAX-SFO2011-12-07","ExpectedDepartureTime","Wed, Dec 7 6:00 AM"
"UA-414-LAX-SFO2011-12-07","ActualDepartureTime","Wed, Dec 7 5:55 AM"
"UA-414-LAX-SFO2011-12-07","DepartureGate","70A"
"UA-414-LAX-SFO2011-12-07","ExpectedArrivalTime","Wed, Dec 7 7:23 AM"
"UA-414-LAX-SFO2011-12-07","ActualArrivalTime","Wed, Dec 7 7:12 AM"
"UA-414-LAX-SFO2011-12-07","ArrivalGate","87"
"UA-257-JFK-SFO2011-12-07","ExpectedDepartureTime","Wed, Dec 7 2:30 PM"
"UA-257-JFK-SFO2011-12-07","ActualDepartureTime","Wed, Dec 7 2:29 PM"
"UA-257-JFK-SFO2011-12-07","DepartureGate","9"
"UA-257-JFK-SFO2011-12-07","ExpectedArrivalTime","Wed, Dec 7 6:15 PM"
"UA-257-JFK-SFO2011-12-07","ActualArrivalTime","Wed, Dec 7 5:47 PM"
"UA-257-JFK-SFO2011-12-07","ArrivalGate","80"
"UA-62-IAH-EWR2011-12-07","ExpectedDepartureTime","Wed, Dec 7 2:30 PM"
"UA-62-IAH-EWR2011-12-07","ActualDepartureTime","Wed, Dec 7 3:01 PM"
"UA-62-IAH-EWR2011-12-07","DepartureGate","E8"
"UA-62-IAH-EWR2011-12-07","ExpectedArrivalTime","Wed, Dec 7 7:03 PM"
"UA-62-IAH-EWR2011-12-07","ActualArrivalTime","Wed, Dec 7 7:08 PM"
"UA-62-IAH-EWR2011-12-07","ArrivalGate","C133"
"UA-843-LAX-ORD2011-12-07","ExpectedDepartureTime","Wed, Dec 7 1:55 PM"
"UA-843-LAX-ORD2011-12-07","ActualDepartureTime","Wed, Dec 7 1:57 PM"
"UA-843-LAX-ORD2011-12-07","DepartureGate","75B"
"UA-843-LAX-ORD2011-12-07","ExpectedArrivalTime","Wed, Dec 7 7:53 PM"
"UA-843-LAX-ORD2011-12-07","ActualArrivalTime","Wed, Dec 7 7:40 PM"
"UA-843-LAX-ORD2011-12-07","ArrivalGate","C19"
"UA-248-PHX-ORD2011-12-07","ExpectedDepartureTime","Wed, Dec 7 12:57 PM"
"UA-248-PHX-ORD2011-12-07","ActualDepartureTime","Wed, Dec 7 12:57 PM            On Time"
"UA-248-PHX-ORD2011-12-07","DepartureGate","3"
"UA-248-PHX-ORD2011-12-07","ExpectedArrivalTime","Wed, Dec 7 5:15 PM"
"UA-248-PHX-ORD2011-12-07","ActualArrivalTime","Wed, Dec 7 5:10 PM"
"UA-248-PHX-ORD2011-12-07","ArrivalGate","B9"
"UA-248-PHX-ORD2011-12-07","ExpectedDepartureTime","Wed, Dec 7 12:57 PM"
"UA-248-PHX-ORD2011-12-07","ActualDepartureTime","Wed, Dec 7 1:02 PM            Delayed"
"UA-248-PHX-ORD2011-12-07","DepartureGate","3"
"UA-248-PHX-ORD2011-12-07","ExpectedArrivalTime","Wed, Dec 7 5:15 PM"
"UA-248-PHX-ORD2011-12-07","ActualArrivalTime","Wed, Dec 7 5:09 PM"
"UA-248-PHX-ORD2011-12-07","ArrivalGate","C23"
"UA-397-JFK-SFO2011-12-07","ExpectedDepartureTime","Wed, Dec 7 8:00 AM"
"UA-397-JFK-SFO2011-12-07","ActualDepartureTime","Wed, Dec 7 8:00 AM"
"UA-397-JFK-SFO2011-12-07","DepartureGate","9"
"UA-397-JFK-SFO2011-12-07","ExpectedArrivalTime","Wed, Dec 7 11:55 AM"
"UA-397-JFK-SFO2011-12-07","ActualArrivalTime","Wed, Dec 7 11:22 AM"
"UA-397-JFK-SFO2011-12-07","ArrivalGate","87"
"UA-2704-DTW-PHX2011-12-07","ExpectedDepartureTime","Wed, Dec 7 11:15 AM"
"UA-2704-DTW-PHX2011-12-07","ActualDepartureTime","Wed, Dec 7 11:15 AM"
"UA-2704-DTW-PHX2011-12-07","DepartureGate","D14"
"UA-2704-DTW-PHX2011-12-07","ExpectedArrivalTime","Wed, Dec 7 1:40 PM"
"UA-2704-DTW-PHX2011-12-07","ActualArrivalTime","Wed, Dec 7 1:17 PM"
"UA-2704-DTW-PHX2011-12-07","ArrivalGate","A6"
"UA-2515-DFW-CLT2011-12-07","ExpectedDepartureTime","Wed, Dec 7 7:05 AM"
"UA-2515-DFW-CLT2011-12-07","ActualDepartureTime","Wed, Dec 7 7:11 AM"
"UA-2515-DFW-CLT2011-12-07","DepartureGate","E36"
"UA-2515-DFW-CLT2011-12-07","ExpectedArrivalTime","Wed, Dec 7 10:31 AM"
"UA-2515-DFW-CLT2011-12-07","ActualArrivalTime","Wed, Dec 7 10:53 AM"
"UA-2515-DFW-CLT2011-12-07","ArrivalGate","D13"
"UA-3373-IAD-PHL2011-12-07","ExpectedDepartureTime","Wed, Dec 7 8:29 AM"
"UA-3373-IAD-PHL2011-12-07","ActualDepartureTime","Wed, Dec 7 9:06 AM"
"UA-3373-IAD-PHL2011-12-07","DepartureGate","C26"
"UA-3373-IAD-PHL2011-12-07","ExpectedArrivalTime","Wed, Dec 7 9:24 AM"
"UA-3373-IAD-PHL2011-12-07","ActualArrivalTime","Wed, Dec 7 10:01 AM"
"UA-3373-IAD-PHL2011-12-07","ArrivalGate","D7"
"UA-2906-PHL-MCO2011-12-07","ExpectedDepartureTime","Wed, Dec 7 3:50 PM"
"UA-2906-PHL-MCO2011-12-07","ActualDepartureTime","Wed, Dec 7 3:59 PM            Delayed"
"UA-2906-PHL-MCO2011-12-07","DepartureGate","B11"
"UA-2906-PHL-MCO2011-12-07","ExpectedArrivalTime","Wed, Dec 7 6:23 PM"
"UA-2906-PHL-MCO2011-12-07","ActualArrivalTime","Wed, Dec 7 7:05 PM"
"UA-2906-PHL-MCO2011-12-07","ArrivalGate","58"
"UA-938-DEN-ORD2011-12-07","ExpectedDepartureTime","Wed, Dec 7 4:16 PM"
"UA-938-DEN-ORD2011-12-07","ActualDepartureTime","Wed, Dec 7 4:16 PM"
"UA-938-DEN-ORD2011-12-07","DepartureGate","B36"
"UA-938-DEN-ORD2011-12-07","ExpectedArrivalTime","Wed, Dec 7 7:35 PM"
"UA-938-DEN-ORD2011-12-07","ActualArrivalTime","Wed, Dec 7 7:24 PM"
"UA-938-DEN-ORD2011-12-07","ArrivalGate","C25"
"UA-3099-PHX-PHL2011-12-07","ExpectedDepartureTime","Wed, Dec 7 11:55 AM"
"UA-3099-PHX-PHL2011-12-07","ActualDepartureTime","Wed, Dec 7 12:41 PM"
"UA-3099-PHX-PHL2011-12-07","DepartureGate","B13"
"UA-3099-PHX-PHL2011-12-07","ExpectedArrivalTime","Wed, Dec 7 6:17 PM"
"UA-3099-PHX-PHL2011-12-07","ActualArrivalTime","Wed, Dec 7 7:16 PM"
"UA-3099-PHX-PHL2011-12-07","ArrivalGate","A25"
"UA-3925-IAD-ORF2011-12-07","ExpectedDepartureTime","Wed, Dec 7 8:42 AM"
"UA-3925-IAD-ORF2011-12-07","ActualDepartureTime","Wed, Dec 7 8:36 AM"
"UA-3925-IAD-ORF2011-12-07","DepartureGate","A1G"
"UA-3925-IAD-ORF2011-12-07","ExpectedArrivalTime","Wed, Dec 7 9:55 AM"
"UA-3925-IAD-ORF2011-12-07","ActualArrivalTime","Wed, Dec 7 9:54 AM"
"UA-5487-SFO-MRY2011-12-07","ExpectedDepartureTime","Wed, Dec 7 10:39 AM"
"UA-5487-SFO-MRY2011-12-07","ActualDepartureTime","Wed, Dec 7 11:29 AM"
"UA-5487-SFO-MRY2011-12-07","DepartureGate","87A"
"UA-5487-SFO-MRY2011-12-07","ExpectedArrivalTime","Wed, Dec 7 11:19 AM"
"UA-5487-SFO-MRY2011-12-07","ActualArrivalTime","Wed, Dec 7 12:13 PM"
"UA-3050-PHX-CLT2011-12-07","ExpectedDepartureTime","Wed, Dec 7 11:05 AM"
"UA-3050-PHX-CLT2011-12-07","ActualDepartureTime","Wed, Dec 7 11:10 AM"
"UA-3050-PHX-CLT2011-12-07","DepartureGate","A14"
"UA-3050-PHX-CLT2011-12-07","ExpectedArrivalTime","Wed, Dec 7 4:57 PM"
"UA-3050-PHX-CLT2011-12-07","ActualArrivalTime","Wed, Dec 7 5:14 PM"
"UA-3050-PHX-CLT2011-12-07","ArrivalGate","B5"
"UA-828-SFO-ORD2011-12-07","ExpectedDepartureTime","Wed, Dec 7 11:08 PM"
"UA-828-SFO-ORD2011-12-07","ActualDepartureTime","Wed, Dec 7 11:08 PM            On Time"
"UA-828-SFO-ORD2011-12-07","DepartureGate","75"
"UA-828-SFO-ORD2011-12-07","ExpectedArrivalTime","Thu, Dec 8 5:11 AM"
"UA-828-SFO-ORD2011-12-07","ActualArrivalTime","Thu, Dec 8 5:11 AM"
"UA-828-SFO-ORD2011-12-07","ArrivalGate","C22"
"UA-2830-MCO-CLT2011-12-07","ExpectedDepartureTime","Wed, Dec 7 3:27 PM"
"UA-2830-MCO-CLT2011-12-07","ActualDepartureTime","Wed, Dec 7 3:43 PM"
"UA-2830-MCO-CLT2011-12-07","DepartureGate","58"
"UA-2830-MCO-CLT2011-12-07","ExpectedArrivalTime","Wed, Dec 7 5:05 PM"
"UA-2830-MCO-CLT2011-12-07","ActualArrivalTime","Wed, Dec 7 5:25 PM"
"UA-2830-MCO-CLT2011-12-07","ArrivalGate","C12"
"UA-37-EDI-EWR2011-12-07","ExpectedDepartureTime","Wed, Dec 7 9:05 AM"
"UA-37-EDI-EWR2011-12-07","ActualDepartureTime","Wed, Dec 7 10:53 AM"
"UA-37-EDI-EWR2011-12-07","ExpectedArrivalTime","Wed, Dec 7 11:53 AM"
"UA-37-EDI-EWR2011-12-07","ActualArrivalTime","Wed, Dec 7 2:04 PM"
"UA-37-EDI-EWR2011-12-07","ArrivalGate","B61"
"UA-2708-EWR-CLT2011-12-07","ExpectedDepartureTime","Wed, Dec 7 2:55 PM"
"UA-2708-EWR-CLT2011-12-07","ActualDepartureTime","Wed, Dec 7 3:01 PM"
"UA-2708-EWR-CLT2011-12-07","DepartureGate","A37"
"UA-2708-EWR-CLT2011-12-07","ExpectedArrivalTime","Wed, Dec 7 4:53 PM"
"UA-2708-EWR-CLT2011-12-07","ActualArrivalTime","Wed, Dec 7 5:12 PM"
"UA-2708-EWR-CLT2011-12-07","ArrivalGate","C13"
"UA-233-LAX-JFK2011-12-07","ExpectedDepartureTime","Wed, Dec 7 4:25 PM"
"UA-233-LAX-JFK2011-12-07","ActualDepartureTime","Wed, Dec 7 4:25 PM"
"UA-233-LAX-JFK2011-12-07","DepartureGate","70B"
"UA-233-LAX-JFK2011-12-07","ExpectedArrivalTime","Thu, Dec 8 12:29 AM"
"UA-233-LAX-JFK2011-12-07","ActualArrivalTime","Thu, Dec 8 12:29 AM"
"UA-233-LAX-JFK2011-12-07","ArrivalGate","9"
"UA-2726-FLL-PHL2011-12-07","ExpectedDepartureTime","Wed, Dec 7 4:00 PM"
"UA-2726-FLL-PHL2011-12-07","ActualDepartureTime","Wed, Dec 7 4:00 PM"
"UA-2726-FLL-PHL2011-12-07","DepartureGate","E3"
"UA-2726-FLL-PHL2011-12-07","ExpectedArrivalTime","Wed, Dec 7 6:46 PM"
"UA-2726-FLL-PHL2011-12-07","ActualArrivalTime","Wed, Dec 7 6:32 PM"
"UA-2726-FLL-PHL2011-12-07","ArrivalGate","B5"
"UA-2945-PHL-CLT2011-12-07","ExpectedDepartureTime","Wed, Dec 7 12:00 AM"
"UA-2945-PHL-CLT2011-12-07","ActualDepartureTime","Wed, Dec 7 6:11 AM"
"UA-2945-PHL-CLT2011-12-07","DepartureGate","B9"
"UA-2945-PHL-CLT2011-12-07","ExpectedArrivalTime","Wed, Dec 7 1:45 PM"
"UA-2945-PHL-CLT2011-12-07","ActualArrivalTime","Wed, Dec 7 1:59 PM"
"UA-2945-PHL-CLT2011-12-07","ArrivalGate","C15"
"UA-6273-YYC-SFO2011-12-07","ExpectedDepartureTime","Wed, Dec 7 7:35 AM"
"UA-6273-YYC-SFO2011-12-07","ActualDepartureTime","Wed, Dec 7 7:25 AM"
"UA-6273-YYC-SFO2011-12-07","ExpectedArrivalTime","Wed, Dec 7 9:43 AM"
"UA-6273-YYC-SFO2011-12-07","ActualArrivalTime","Wed, Dec 7 9:42 AM"
"UA-6273-YYC-SFO2011-12-07","ArrivalGate","69"
"UA-2314-ATL-PHL2011-12-07","ExpectedDepartureTime","Wed, Dec 7 2:55 PM"
"UA-2314-ATL-PHL2011-12-07","ActualDepartureTime","Wed, Dec 7 3:28 PM"
"UA-2314-ATL-PHL2011-12-07","DepartureGate","D23"
"UA-2314-ATL-PHL2011-12-07","ExpectedArrivalTime","Wed, Dec 7 5:00 PM"
"UA-2314-ATL-PHL2011-12-07","ActualArrivalTime","Wed, Dec 7 5:14 PM"
"UA-2314-ATL-PHL2011-12-07","ArrivalGate","C27"
"UA-382-IAD-LAX2011-12-07","ExpectedDepartureTime","Wed, Dec 7 12:30 PM"
"UA-382-IAD-LAX2011-12-07","ActualDepartureTime","Wed, Dec 7 12:44 PM            Delayed"
"UA-382-IAD-LAX2011-12-07","DepartureGate","C11"
"UA-382-IAD-LAX2011-12-07","ExpectedArrivalTime","Wed, Dec 7 3:19 PM"
"UA-382-IAD-LAX2011-12-07","ActualArrivalTime","Wed, Dec 7 3:02 PM"
"UA-382-IAD-LAX2011-12-07","ArrivalGate","73"
"UA-382-IAD-LAX2011-12-07","ExpectedDepartureTime","Wed, Dec 7 12:30 PM"
"UA-382-IAD-LAX2011-12-07","ActualDepartureTime","Wed, Dec 7 12:44 PM            Delayed"
"UA-382-IAD-LAX2011-12-07","DepartureGate","C11"
"UA-382-IAD-LAX2011-12-07","ExpectedArrivalTime","Wed, Dec 7 3:19 PM"
"UA-382-IAD-LAX2011-12-07","ActualArrivalTime","Wed, Dec 7 3:06 PM"
"UA-382-IAD-LAX2011-12-07","ArrivalGate","73"
"UA-858-PVG-SFO2011-12-07","ExpectedDepartureTime","Wed, Dec 7 1:45 PM"
"UA-858-PVG-SFO2011-12-07","ActualDepartureTime","Wed, Dec 7 1:38 PM"
"UA-858-PVG-SFO2011-12-07","DepartureGate","75"
"UA-858-PVG-SFO2011-12-07","ExpectedArrivalTime","Wed, Dec 7 8:27 AM"
"UA-858-PVG-SFO2011-12-07","ActualArrivalTime","Wed, Dec 7 8:18 AM"
"UA-858-PVG-SFO2011-12-07","ArrivalGate","101"
"UA-854-SFO-IAH2011-12-07","ExpectedDepartureTime","Wed, Dec 7 7:53 AM"
"UA-854-SFO-IAH2011-12-07","ActualDepartureTime","Wed, Dec 7 7:50 AM"
"UA-854-SFO-IAH2011-12-07","DepartureGate","83"
"UA-854-SFO-IAH2011-12-07","ExpectedArrivalTime","Wed, Dec 7 1:39 PM"
"UA-854-SFO-IAH2011-12-07","ActualArrivalTime","Wed, Dec 7 1:38 PM"
"UA-854-SFO-IAH2011-12-07","ArrivalGate","C16"
"CO-1586-IAH-MCO2011-12-07","ExpectedDepartureTime","Wed., Dec.07, 2011 7:00 p.m."
"CO-1586-IAH-MCO2011-12-07","ActualDepartureTime","Wed., Dec.07, 2011 7:05 p.m."
"CO-1586-IAH-MCO2011-12-07","ExpectedArrivalTime","Wed., Dec.07, 2011 10:15 p.m."
"CO-1586-IAH-MCO2011-12-07","ActualArrivalTime","Wed., Dec.07, 2011 10:14 p.m."
"CO-1694-LAX-IAH2011-12-07","ExpectedDepartureTime","Wed., Dec.07, 2011 7:15 p.m."
"CO-1694-LAX-IAH2011-12-07","ActualDepartureTime","Wed., Dec.07, 2011 7:15 p.m."
"CO-1694-LAX-IAH2011-12-07","ExpectedArrivalTime","Wed., Dec.07, 2011 12:21 a.m."
"CO-1694-LAX-IAH2011-12-07","ActualArrivalTime","Wed., Dec.07, 2011 12:21 a.m."
"CO-4888-IAH-DAL2011-12-07","ExpectedDepartureTime","Wed., Dec.07, 2011 5:30 p.m."
"CO-4888-IAH-DAL2011-12-07","ActualDepartureTime","Wed., Dec.07, 2011 5:30 p.m."
"CO-4888-IAH-DAL2011-12-07","ExpectedArrivalTime","Wed., Dec.07, 2011 6:40 p.m."
"CO-4888-IAH-DAL2011-12-07","ActualArrivalTime","Wed., Dec.07, 2011 6:40 p.m."
"CO-1088-CLE-IAH2011-12-07","ExpectedDepartureTime","Wed., Dec.07, 2011 8:40 a.m."
"CO-1088-CLE-IAH2011-12-07","ActualDepartureTime","Wed., Dec.07, 2011 8:35 a.m."
"CO-1088-CLE-IAH2011-12-07","ExpectedArrivalTime","Wed., Dec.07, 2011 10:54 a.m."
"CO-1088-CLE-IAH2011-12-07","ActualArrivalTime","Wed., Dec.07, 2011 10:38 a.m."
"CO-16-LAX-EWR2011-12-07","ExpectedDepartureTime","Wed., Dec.07, 2011 10:25 a.m."
"CO-16-LAX-EWR2011-12-07","ActualDepartureTime","Wed., Dec.07, 2011 1:27 p.m."
"CO-16-LAX-EWR2011-12-07","ExpectedArrivalTime","Wed., Dec.07, 2011 6:44 p.m."
"CO-16-LAX-EWR2011-12-07","ActualArrivalTime","Wed., Dec.07, 2011 10:17 p.m."
"CO-58-DEN-IAH2011-12-07","ExpectedDepartureTime","Wed., Dec.07, 2011 11:25 a.m."
"CO-58-DEN-IAH2011-12-07","ActualDepartureTime","Wed., Dec.07, 2011 11:33 a.m."
"CO-58-DEN-IAH2011-12-07","ExpectedArrivalTime","Wed., Dec.07, 2011 2:50 p.m."
"CO-58-DEN-IAH2011-12-07","ActualArrivalTime","Wed., Dec.07, 2011 2:51 p.m."
"CO-1193-EWR-MCO2011-12-07","ExpectedDepartureTime","Wed., Dec.07, 2011 9:15 a.m."
"CO-1193-EWR-MCO2011-12-07","ActualDepartureTime","Wed., Dec.07, 2011 9:14 a.m."
"CO-1193-EWR-MCO2011-12-07","ExpectedArrivalTime","Wed., Dec.07, 2011 12:18 p.m."
"CO-1193-EWR-MCO2011-12-07","ActualArrivalTime","Wed., Dec.07, 2011 12:53 p.m."
"CO-1023-IAH-DEN2011-12-07","ExpectedDepartureTime","Wed., Dec.07, 2011 11:40 a.m."
"CO-1023-IAH-DEN2011-12-07","ActualDepartureTime","Wed., Dec.07, 2011 11:37 a.m."
"CO-1023-IAH-DEN2011-12-07","ExpectedArrivalTime","Wed., Dec.07, 2011 1:17 p.m."
"CO-1023-IAH-DEN2011-12-07","ActualArrivalTime","Wed., Dec.07, 2011 1:12 p.m."
"CO-1250-MIA-IAH2011-12-07","ExpectedDepartureTime","Wed., Dec.07, 2011 2:53 p.m."
"CO-1250-MIA-IAH2011-12-07","ActualDepartureTime","Wed., Dec.07, 2011 2:54 p.m."
"CO-1250-MIA-IAH2011-12-07","ExpectedArrivalTime","Wed., Dec.07, 2011 4:45 p.m."
"CO-1250-MIA-IAH2011-12-07","ActualArrivalTime","Wed., Dec.07, 2011 4:33 p.m."
"CO-62-IAH-EWR2011-12-07","ExpectedDepartureTime","Wed., Dec.07, 2011 2:30 p.m."
"CO-62-IAH-EWR2011-12-07","ActualDepartureTime","Wed., Dec.07, 2011 3:01 p.m."
"CO-62-IAH-EWR2011-12-07","ExpectedArrivalTime","Wed., Dec.07, 2011 7:03 p.m."
"CO-62-IAH-EWR2011-12-07","ActualArrivalTime","Wed., Dec.07, 2011 7:08 p.m."
"CO-52-IAH-LAX2011-12-07","ExpectedDepartureTime","Wed., Dec.07, 2011 7:35 a.m."
"CO-52-IAH-LAX2011-12-07","ActualDepartureTime","Wed., Dec.07, 2011 10:51 a.m."
"CO-52-IAH-LAX2011-12-07","ExpectedArrivalTime","Wed., Dec.07, 2011 9:21 a.m."
"CO-52-IAH-LAX2011-12-07","ActualArrivalTime","Wed., Dec.07, 2011 12:27 p.m."
"CO-1614-LAX-IAH2011-12-07","ExpectedDepartureTime","Wed., Dec.07, 2011 12:30 a.m."
"CO-1614-LAX-IAH2011-12-07","ActualDepartureTime","Wed., Dec.07, 2011 12:32 a.m."
"CO-1614-LAX-IAH2011-12-07","ExpectedArrivalTime","Wed., Dec.07, 2011 5:35 a.m."
"CO-1614-LAX-IAH2011-12-07","ActualArrivalTime","Wed., Dec.07, 2011 5:38 a.m."
"CO-89-IAH-EWR2011-12-07","ExpectedDepartureTime","Wed., Dec.07, 2011 6:00 a.m."
"CO-89-IAH-EWR2011-12-07","ActualDepartureTime","Wed., Dec.07, 2011 5:59 a.m."
"CO-89-IAH-EWR2011-12-07","ExpectedArrivalTime","Wed., Dec.07, 2011 10:20 a.m."
"CO-89-IAH-EWR2011-12-07","ActualArrivalTime","Wed., Dec.07, 2011 10:06 a.m."
"CO-1090-BOS-IAH2011-12-07","ExpectedDepartureTime","Wed., Dec.07, 2011 9:45 a.m."
"CO-1090-BOS-IAH2011-12-07","ActualDepartureTime","Wed., Dec.07, 2011 12:30 p.m."
"CO-1090-BOS-IAH2011-12-07","ExpectedArrivalTime","Wed., Dec.07, 2011 1:16 p.m."
"CO-1090-BOS-IAH2011-12-07","ActualArrivalTime","Wed., Dec.07, 2011 3:57 p.m."
"CO-45-EWR-MIA2011-12-07","ExpectedDepartureTime","Wed., Dec.07, 2011 4:00 p.m."
"CO-45-EWR-MIA2011-12-07","ActualDepartureTime","Wed., Dec.07, 2011 4:09 p.m."
"CO-45-EWR-MIA2011-12-07","ExpectedArrivalTime","Wed., Dec.07, 2011 7:05 p.m."
"CO-45-EWR-MIA2011-12-07","ActualArrivalTime","Wed., Dec.07, 2011 7:27 p.m."
"CO-63-EWR-IAH2011-12-07","ExpectedDepartureTime","Wed., Dec.07, 2011 5:25 p.m."
"CO-63-EWR-IAH2011-12-07","ActualDepartureTime","Wed., Dec.07, 2011 5:49 p.m."
"CO-63-EWR-IAH2011-12-07","ExpectedArrivalTime","Wed., Dec.07, 2011 8:22 p.m."
"CO-63-EWR-IAH2011-12-07","ActualArrivalTime","Wed., Dec.07, 2011 8:27 p.m."
"CO-50-CLE-EWR2011-12-07","ExpectedDepartureTime","Wed., Dec.07, 2011 2:55 p.m."
"CO-50-CLE-EWR2011-12-07","ActualDepartureTime","Wed., Dec.07, 2011 4:30 p.m."
"CO-50-CLE-EWR2011-12-07","ExpectedArrivalTime","Wed., Dec.07, 2011 4:49 p.m."
"CO-50-CLE-EWR2011-12-07","ActualArrivalTime","Wed., Dec.07, 2011 6:24 p.m."
"CO-1561-PHX-IAH2011-12-07","ExpectedDepartureTime","Wed., Dec.07, 2011 8:05 a.m."
"CO-1561-PHX-IAH2011-12-07","ActualDepartureTime","Wed., Dec.07, 2011 8:00 a.m."
"CO-1561-PHX-IAH2011-12-07","ExpectedArrivalTime","Wed., Dec.07, 2011 11:35 a.m."
"CO-1561-PHX-IAH2011-12-07","ActualArrivalTime","Wed., Dec.07, 2011 11:21 a.m."
"CO-47-IAH-LAX2011-12-07","ExpectedDepartureTime","Wed., Dec.07, 2011 7:10 p.m."
"CO-47-IAH-LAX2011-12-07","ActualDepartureTime","Wed., Dec.07, 2011 7:35 p.m."
"CO-47-IAH-LAX2011-12-07","ExpectedArrivalTime","Wed., Dec.07, 2011 8:56 p.m."
"CO-47-IAH-LAX2011-12-07","ActualArrivalTime","Wed., Dec.07, 2011 9:02 p.m."
