"ObjectID","PropertyID","PropertyValue"
"AA-1221-MCO-ORD2012-01-02","ExpectedDepartureTime","January 2, 2012               08:00 PM    "
"AA-1221-MCO-ORD2012-01-02","ActualDepartureTime","January 2, 2012               08:10 PM    "
"AA-1221-MCO-ORD2012-01-02","DepartureGate"," 14"
"AA-1221-MCO-ORD2012-01-02","ExpectedArrivalTime","January 2, 2012               09:50 PM    "
"AA-1221-MCO-ORD2012-01-02","ActualArrivalTime","January 2, 2012               09:45 PM    "
"AA-1221-MCO-ORD2012-01-02","ArrivalGate"," H11B    "
"AA-4307-ORD-DTW2012-01-02","ExpectedDepartureTime","January 2, 2012               06:45 PM    "
"AA-4307-ORD-DTW2012-01-02","ActualDepartureTime","January 2, 2012               08:08 PM    "
"AA-4307-ORD-DTW2012-01-02","DepartureGate"," G3"
"AA-4307-ORD-DTW2012-01-02","ExpectedArrivalTime","January 2, 2012               09:10 PM    "
"AA-4307-ORD-DTW2012-01-02","ActualArrivalTime","January 2, 2012               10:45 PM    "
"AA-4307-ORD-DTW2012-01-02","ArrivalGate"," D32    "
"AA-616-DFW-DTW2012-01-02","ExpectedDepartureTime","January 2, 2012               09:05 AM    "
"AA-616-DFW-DTW2012-01-02","ActualDepartureTime","January 2, 2012               09:02 AM    "
"AA-616-DFW-DTW2012-01-02","DepartureGate"," C17"
"AA-616-DFW-DTW2012-01-02","ExpectedArrivalTime","January 2, 2012               12:35 PM    "
"AA-616-DFW-DTW2012-01-02","ActualArrivalTime","January 2, 2012               12:44 PM    "
"AA-616-DFW-DTW2012-01-02","ArrivalGate"," D32    "
"AA-431-MIA-SFO2012-01-02","ExpectedDepartureTime","January 2, 2012               08:35 AM    "
"AA-431-MIA-SFO2012-01-02","ActualDepartureTime","January 2, 2012               08:51 AM    "
"AA-431-MIA-SFO2012-01-02","DepartureGate"," D40"
"AA-431-MIA-SFO2012-01-02","ExpectedArrivalTime","January 2, 2012               11:50 AM    "
"AA-431-MIA-SFO2012-01-02","ActualArrivalTime","January 2, 2012               11:46 AM    "
"AA-431-MIA-SFO2012-01-02","ArrivalGate"," 57    "
"AA-3756-ORD-SLC2012-01-02","ExpectedDepartureTime","January 2, 2012               12:15 PM    "
"AA-3756-ORD-SLC2012-01-02","ActualDepartureTime","January 2, 2012               12:17 PM    "
"AA-3756-ORD-SLC2012-01-02","DepartureGate"," G13"
"AA-3756-ORD-SLC2012-01-02","ExpectedArrivalTime","January 2, 2012               02:45 PM    "
"AA-3756-ORD-SLC2012-01-02","ActualArrivalTime","January 2, 2012               02:27 PM    "
"AA-3756-ORD-SLC2012-01-02","ArrivalGate"," A3    "
"AA-2050-ORD-MIA2012-01-02","ExpectedDepartureTime","January 2, 2012               10:40 AM    "
"AA-2050-ORD-MIA2012-01-02","ActualDepartureTime","January 2, 2012               02:49 PM    "
"AA-2050-ORD-MIA2012-01-02","DepartureGate"," H15"
"AA-2050-ORD-MIA2012-01-02","ExpectedArrivalTime","January 2, 2012               02:45 PM    "
"AA-2050-ORD-MIA2012-01-02","ActualArrivalTime","January 2, 2012     "
"AA-2050-ORD-MIA2012-01-02","ArrivalGate"," D22    "
"AA-3804-PHL-ORD2012-01-02","ExpectedDepartureTime","January 2, 2012               02:35 PM    "
"AA-3804-PHL-ORD2012-01-02","ActualDepartureTime","January 2, 2012               02:53 PM    "
"AA-3804-PHL-ORD2012-01-02","DepartureGate"," A7"
"AA-3804-PHL-ORD2012-01-02","ExpectedArrivalTime","January 2, 2012               04:05 PM    "
"AA-3804-PHL-ORD2012-01-02","ActualArrivalTime","January 2, 2012               04:17 PM    "
"AA-3804-PHL-ORD2012-01-02","ArrivalGate"," H1B    "
"AA-789-ORD-DEN2012-01-02","ExpectedDepartureTime","January 2, 2012               01:05 PM    "
"AA-789-ORD-DEN2012-01-02","ActualDepartureTime","January 2, 2012               01:06 PM    "
"AA-789-ORD-DEN2012-01-02","DepartureGate"," K9"
"AA-789-ORD-DEN2012-01-02","ExpectedArrivalTime","January 2, 2012               02:35 PM    "
"AA-789-ORD-DEN2012-01-02","ActualArrivalTime","January 2, 2012               02:30 PM    "
"AA-789-ORD-DEN2012-01-02","ArrivalGate"," A47    "
"AA-1733-ORD-PHX2012-01-02","ExpectedDepartureTime","January 2, 2012               07:45 PM    "
"AA-1733-ORD-PHX2012-01-02","ActualDepartureTime","January 2, 2012               08:26 PM    "
"AA-1733-ORD-PHX2012-01-02","DepartureGate"," H14"
"AA-1733-ORD-PHX2012-01-02","ExpectedArrivalTime","January 2, 2012               10:30 PM    "
"AA-1733-ORD-PHX2012-01-02","ActualArrivalTime","January 2, 2012     "
"AA-1733-ORD-PHX2012-01-02","ArrivalGate"," 6    "
"AA-1733-ORD-PHX2012-01-02","ExpectedDepartureTime","January 2, 2012               07:45 PM    "
"AA-1733-ORD-PHX2012-01-02","ActualDepartureTime","January 2, 2012               08:26 PM    "
"AA-1733-ORD-PHX2012-01-02","DepartureGate"," H14"
"AA-1733-ORD-PHX2012-01-02","ExpectedArrivalTime","January 2, 2012               10:30 PM    "
"AA-1733-ORD-PHX2012-01-02","ActualArrivalTime","January 2, 2012     "
"AA-1733-ORD-PHX2012-01-02","ArrivalGate"," 6    "
"AA-4277-CVG-JFK2012-01-02","ExpectedDepartureTime","January 2, 2012               12:10 PM    "
"AA-4277-CVG-JFK2012-01-02","ActualDepartureTime","January 2, 2012               12:03 PM    "
"AA-4277-CVG-JFK2012-01-02","DepartureGate"," 1"
"AA-4277-CVG-JFK2012-01-02","ExpectedArrivalTime","January 2, 2012               02:15 PM    "
"AA-4277-CVG-JFK2012-01-02","ActualArrivalTime","January 2, 2012               02:32 PM    "
"AA-4277-CVG-JFK2012-01-02","ArrivalGate"," 32H    "
"AA-2312-DFW-DTW2012-01-02","ExpectedDepartureTime","January 2, 2012               08:25 PM    "
"AA-2312-DFW-DTW2012-01-02","ActualDepartureTime","January 2, 2012     "
"AA-2312-DFW-DTW2012-01-02","DepartureGate"," C24"
"AA-2312-DFW-DTW2012-01-02","ExpectedArrivalTime","January 2, 2012               11:50 PM    "
"AA-2312-DFW-DTW2012-01-02","ActualArrivalTime","January 2, 2012     "
"AA-2312-DFW-DTW2012-01-02","ArrivalGate"," D32    "
"AA-85-JFK-SFO2012-01-02","ExpectedDepartureTime","January 2, 2012               03:05 PM    "
"AA-85-JFK-SFO2012-01-02","ActualDepartureTime","January 2, 2012               03:00 PM    "
"AA-85-JFK-SFO2012-01-02","DepartureGate"," 6"
"AA-85-JFK-SFO2012-01-02","ExpectedArrivalTime","January 2, 2012               06:30 PM    "
"AA-85-JFK-SFO2012-01-02","ActualArrivalTime","January 2, 2012               06:03 PM    "
"AA-85-JFK-SFO2012-01-02","ArrivalGate"," 58B    "
"AA-404-MIA-MCO2012-01-02","ExpectedDepartureTime","January 2, 2012               06:45 AM    "
"AA-404-MIA-MCO2012-01-02","ActualDepartureTime","January 2, 2012               06:56 AM    "
"AA-404-MIA-MCO2012-01-02","DepartureGate"," E5"
"AA-404-MIA-MCO2012-01-02","ExpectedArrivalTime","January 2, 2012               07:45 AM    "
"AA-404-MIA-MCO2012-01-02","ActualArrivalTime","January 2, 2012               07:57 AM    "
"AA-404-MIA-MCO2012-01-02","ArrivalGate"," 14    "
"AA-446-DFW-PHL2012-01-02","ExpectedDepartureTime","January 2, 2012               11:50 AM    "
"AA-446-DFW-PHL2012-01-02","ActualDepartureTime","January 2, 2012               11:43 AM    "
"AA-446-DFW-PHL2012-01-02","DepartureGate"," D40"
"AA-446-DFW-PHL2012-01-02","ExpectedArrivalTime","January 2, 2012               03:50 PM    "
"AA-446-DFW-PHL2012-01-02","ActualArrivalTime","January 2, 2012               03:54 PM    "
"AA-446-DFW-PHL2012-01-02","ArrivalGate"," A9    "
"AA-2268-PHX-ORD2012-01-02","ExpectedDepartureTime","January 2, 2012               07:15 AM    "
"AA-2268-PHX-ORD2012-01-02","ActualDepartureTime","January 2, 2012               07:09 AM    "
"AA-2268-PHX-ORD2012-01-02","DepartureGate"," 6"
"AA-2268-PHX-ORD2012-01-02","ExpectedArrivalTime","January 2, 2012               11:35 AM    "
"AA-2268-PHX-ORD2012-01-02","ActualArrivalTime","January 2, 2012               11:40 AM    "
"AA-2268-PHX-ORD2012-01-02","ArrivalGate"," H11B    "
"AA-4344-ORD-DTW2012-01-02","ExpectedDepartureTime","January 2, 2012               11:45 AM    "
"AA-4344-ORD-DTW2012-01-02","ActualDepartureTime","January 2, 2012               12:15 PM    "
"AA-4344-ORD-DTW2012-01-02","DepartureGate"," G10"
"AA-4344-ORD-DTW2012-01-02","ExpectedArrivalTime","January 2, 2012               02:00 PM    "
"AA-4344-ORD-DTW2012-01-02","ActualArrivalTime","January 2, 2012               02:32 PM    "
"AA-4344-ORD-DTW2012-01-02","ArrivalGate"," D28    "
"AA-484-DFW-MIA2012-01-02","ExpectedDepartureTime","January 2, 2012               04:15 PM    "
"AA-484-DFW-MIA2012-01-02","ActualDepartureTime","January 2, 2012               04:14 PM    "
"AA-484-DFW-MIA2012-01-02","DepartureGate"," D21"
"AA-484-DFW-MIA2012-01-02","ExpectedArrivalTime","January 2, 2012               07:55 PM    "
"AA-484-DFW-MIA2012-01-02","ActualArrivalTime","January 2, 2012               07:46 PM    "
"AA-484-DFW-MIA2012-01-02","ArrivalGate"," D50    "
"AA-3979-CVG-ORD2012-01-02","ExpectedDepartureTime","January 2, 2012               07:30 AM    "
"AA-3979-CVG-ORD2012-01-02","ActualDepartureTime","January 2, 2012               08:34 AM    "
"AA-3979-CVG-ORD2012-01-02","DepartureGate"," 5"
"AA-3979-CVG-ORD2012-01-02","ExpectedArrivalTime","January 2, 2012               08:00 AM    "
"AA-3979-CVG-ORD2012-01-02","ActualArrivalTime","January 2, 2012               09:40 AM    "
"AA-3979-CVG-ORD2012-01-02","ArrivalGate"," G2B    "
"AA-3063-SLC-LAX2012-01-02","ExpectedDepartureTime","January 2, 2012               08:20 PM    "
"AA-3063-SLC-LAX2012-01-02","ActualDepartureTime","January 2, 2012               08:13 PM    "
"AA-3063-SLC-LAX2012-01-02","DepartureGate"," A3"
"AA-3063-SLC-LAX2012-01-02","ExpectedArrivalTime","January 2, 2012               09:20 PM    "
"AA-3063-SLC-LAX2012-01-02","ActualArrivalTime","January 2, 2012     "
"AA-3063-SLC-LAX2012-01-02","ArrivalGate"," 44B    "
"AA-3859-IAH-ORD2012-01-02","ExpectedDepartureTime","January 2, 2012               07:10 AM    "
"AA-3859-IAH-ORD2012-01-02","ActualDepartureTime","January 2, 2012               07:11 AM    "
"AA-3859-IAH-ORD2012-01-02","DepartureGate"," A30"
"AA-3859-IAH-ORD2012-01-02","ExpectedArrivalTime","January 2, 2012               09:40 AM    "
"AA-3859-IAH-ORD2012-01-02","ActualArrivalTime","January 2, 2012               10:26 AM    "
"AA-3859-IAH-ORD2012-01-02","ArrivalGate"," G1B    "
"AA-3842-MSP-ORD2012-01-02","ExpectedDepartureTime","January 2, 2012               06:00 AM    "
"AA-3842-MSP-ORD2012-01-02","ActualDepartureTime","January 2, 2012               06:00 AM    "
"AA-3842-MSP-ORD2012-01-02","DepartureGate"," E14"
"AA-3842-MSP-ORD2012-01-02","ExpectedArrivalTime","January 2, 2012               07:30 AM    "
"AA-3842-MSP-ORD2012-01-02","ActualArrivalTime","January 2, 2012               07:45 AM    "
"AA-3842-MSP-ORD2012-01-02","ArrivalGate"," G17    "
"AA-1544-SAN-ORD2012-01-02","ExpectedDepartureTime","January 2, 2012               11:25 AM    "
"AA-1544-SAN-ORD2012-01-02","ActualDepartureTime","January 2, 2012               11:23 AM    "
"AA-1544-SAN-ORD2012-01-02","DepartureGate"," 27"
"AA-1544-SAN-ORD2012-01-02","ExpectedArrivalTime","January 2, 2012               05:25 PM    "
"AA-1544-SAN-ORD2012-01-02","ActualArrivalTime","January 2, 2012               05:42 PM    "
"AA-1544-SAN-ORD2012-01-02","ArrivalGate"," H6    "
"AA-649-ORD-SNA2012-01-02","ExpectedDepartureTime","January 2, 2012               01:30 PM    "
"AA-649-ORD-SNA2012-01-02","ActualDepartureTime","January 2, 2012     "
"AA-649-ORD-SNA2012-01-02","DepartureGate"," K16"
"AA-649-ORD-SNA2012-01-02","ExpectedArrivalTime","January 2, 2012               03:50 PM    "
"AA-649-ORD-SNA2012-01-02","ActualArrivalTime","January 2, 2012     "
"AA-649-ORD-SNA2012-01-02","ArrivalGate"," 7    "
"AA-1640-MIA-MCO2012-01-02","ExpectedDepartureTime","January 2, 2012               06:30 PM    "
"AA-1640-MIA-MCO2012-01-02","ActualDepartureTime","January 2, 2012     "
"AA-1640-MIA-MCO2012-01-02","DepartureGate"," D40"
"AA-1640-MIA-MCO2012-01-02","ExpectedArrivalTime","January 2, 2012               07:25 PM    "
"AA-1640-MIA-MCO2012-01-02","ActualArrivalTime","January 2, 2012     "
"AA-1640-MIA-MCO2012-01-02","ArrivalGate"," 14    "
"AA-518-MIA-JFK2012-01-02","ExpectedDepartureTime","January 2, 2012               06:30 AM    "
"AA-518-MIA-JFK2012-01-02","ActualDepartureTime","January 2, 2012               06:32 AM    "
"AA-518-MIA-JFK2012-01-02","DepartureGate"," D40"
"AA-518-MIA-JFK2012-01-02","ExpectedArrivalTime","January 2, 2012               09:15 AM    "
"AA-518-MIA-JFK2012-01-02","ActualArrivalTime","January 2, 2012               08:54 AM    "
"AA-518-MIA-JFK2012-01-02","ArrivalGate"," 42    "
"AA-2525-DFW-MIA2012-01-02","ExpectedDepartureTime","January 2, 2012               07:25 AM    "
"AA-2525-DFW-MIA2012-01-02","ActualDepartureTime","January 2, 2012               07:23 AM    "
"AA-2525-DFW-MIA2012-01-02","DepartureGate"," D33"
"AA-2525-DFW-MIA2012-01-02","ExpectedArrivalTime","January 2, 2012               11:10 AM    "
"AA-2525-DFW-MIA2012-01-02","ActualArrivalTime","January 2, 2012               11:00 AM    "
"AA-2525-DFW-MIA2012-01-02","ArrivalGate"," E6    "
"AA-1279-DFW-PHX2012-01-02","ExpectedDepartureTime","January 2, 2012               01:00 PM    "
"AA-1279-DFW-PHX2012-01-02","ActualDepartureTime","January 2, 2012               01:06 PM    "
"AA-1279-DFW-PHX2012-01-02","DepartureGate"," C2"
"AA-1279-DFW-PHX2012-01-02","ExpectedArrivalTime","January 2, 2012               02:35 PM    "
"AA-1279-DFW-PHX2012-01-02","ActualArrivalTime","January 2, 2012     "
"AA-1279-DFW-PHX2012-01-02","ArrivalGate"," 4    "
"AA-1522-SFO-ORD2012-01-02","ExpectedDepartureTime","January 2, 2012               11:55 PM    "
"AA-1522-SFO-ORD2012-01-02","ActualDepartureTime","January 2, 2012     "
"AA-1522-SFO-ORD2012-01-02","DepartureGate"," 57"
"AA-1522-SFO-ORD2012-01-02","ExpectedArrivalTime","January 3, 2012               05:50 AM    "
"AA-1522-SFO-ORD2012-01-02","ActualArrivalTime","January 3, 2012     "
"AA-1522-SFO-ORD2012-01-02","ArrivalGate"," H10    "
"AA-1434-DFW-MCO2012-01-02","ExpectedDepartureTime","January 2, 2012               07:15 AM    "
"AA-1434-DFW-MCO2012-01-02","ActualDepartureTime","January 2, 2012               07:11 AM    "
"AA-1434-DFW-MCO2012-01-02","DepartureGate"," A17"
"AA-1434-DFW-MCO2012-01-02","ExpectedArrivalTime","January 2, 2012               10:35 AM    "
"AA-1434-DFW-MCO2012-01-02","ActualArrivalTime","January 2, 2012               10:36 AM    "
"AA-1434-DFW-MCO2012-01-02","ArrivalGate"," 16    "
"AA-59-JFK-SFO2012-01-02","ExpectedDepartureTime","January 2, 2012               07:10 AM    "
"AA-59-JFK-SFO2012-01-02","ActualDepartureTime","January 2, 2012               07:19 AM    "
"AA-59-JFK-SFO2012-01-02","DepartureGate"," 36"
"AA-59-JFK-SFO2012-01-02","ExpectedArrivalTime","January 2, 2012               10:45 AM    "
"AA-59-JFK-SFO2012-01-02","ActualArrivalTime","January 2, 2012               10:22 AM    "
"AA-59-JFK-SFO2012-01-02","ArrivalGate"," 58B    "
"AA-415-BOS-ORD2012-01-02","ExpectedDepartureTime","January 2, 2012               08:35 AM    "
"AA-415-BOS-ORD2012-01-02","ActualDepartureTime","January 2, 2012               08:26 AM    "
"AA-415-BOS-ORD2012-01-02","DepartureGate"," B34"
"AA-415-BOS-ORD2012-01-02","ExpectedArrivalTime","January 2, 2012               10:40 AM    "
"AA-415-BOS-ORD2012-01-02","ActualArrivalTime","January 2, 2012               09:58 AM    "
"AA-415-BOS-ORD2012-01-02","ArrivalGate"," H11A    "
"AA-222-LAX-BOS2012-01-02","ExpectedDepartureTime","January 2, 2012               07:10 AM    "
"AA-222-LAX-BOS2012-01-02","ActualDepartureTime","January 2, 2012               07:38 AM    "
"AA-222-LAX-BOS2012-01-02","DepartureGate"," 43"
"AA-222-LAX-BOS2012-01-02","ExpectedArrivalTime","January 2, 2012               03:30 PM    "
"AA-222-LAX-BOS2012-01-02","ActualArrivalTime","January 2, 2012               03:57 PM    "
"AA-222-LAX-BOS2012-01-02","ArrivalGate"," B28    "
"AA-3823-LAX-DEN2012-01-02","ExpectedDepartureTime","January 2, 2012               09:00 PM    "
"AA-3823-LAX-DEN2012-01-02","ActualDepartureTime","January 2, 2012     "
"AA-3823-LAX-DEN2012-01-02","DepartureGate"," 44E"
"AA-3823-LAX-DEN2012-01-02","ExpectedArrivalTime","January 3, 2012               12:15 AM    "
"AA-3823-LAX-DEN2012-01-02","ActualArrivalTime","January 3, 2012     "
"AA-3823-LAX-DEN2012-01-02","ArrivalGate"," A49    "
"AA-1165-JFK-MIA2012-01-02","ExpectedDepartureTime","January 2, 2012               06:59 AM    "
"AA-1165-JFK-MIA2012-01-02","ActualDepartureTime","January 2, 2012               07:10 AM    "
"AA-1165-JFK-MIA2012-01-02","DepartureGate"," 5"
"AA-1165-JFK-MIA2012-01-02","ExpectedArrivalTime","January 2, 2012               10:34 AM    "
"AA-1165-JFK-MIA2012-01-02","ActualArrivalTime","January 2, 2012               10:28 AM    "
"AA-1165-JFK-MIA2012-01-02","ArrivalGate"," D3    "
"AA-3786-IAH-ORD2012-01-02","ExpectedDepartureTime","January 2, 2012               04:00 PM    "
"AA-3786-IAH-ORD2012-01-02","ActualDepartureTime","January 2, 2012               03:52 PM    "
"AA-3786-IAH-ORD2012-01-02","DepartureGate"," A29"
"AA-3786-IAH-ORD2012-01-02","ExpectedArrivalTime","January 2, 2012               06:40 PM    "
"AA-3786-IAH-ORD2012-01-02","ActualArrivalTime","January 2, 2012               06:37 PM    "
"AA-3786-IAH-ORD2012-01-02","ArrivalGate"," G13    "
"AA-4330-CVG-ORD2012-01-02","ExpectedDepartureTime","January 2, 2012               03:35 PM    "
"AA-4330-CVG-ORD2012-01-02","ActualDepartureTime","January 2, 2012               04:05 PM    "
"AA-4330-CVG-ORD2012-01-02","DepartureGate"," 5"
"AA-4330-CVG-ORD2012-01-02","ExpectedArrivalTime","January 2, 2012               04:00 PM    "
"AA-4330-CVG-ORD2012-01-02","ActualArrivalTime","January 2, 2012               04:35 PM    "
"AA-4330-CVG-ORD2012-01-02","ArrivalGate"," G10    "
"AA-3468-CVG-MIA2012-01-02","ExpectedDepartureTime","January 2, 2012               07:00 AM    "
"AA-3468-CVG-MIA2012-01-02","ActualDepartureTime","January 2, 2012               06:52 AM    "
"AA-3468-CVG-MIA2012-01-02","DepartureGate"," 1"
"AA-3468-CVG-MIA2012-01-02","ExpectedArrivalTime","January 2, 2012               09:55 AM    "
"AA-3468-CVG-MIA2012-01-02","ActualArrivalTime","January 2, 2012               09:43 AM    "
"AA-3468-CVG-MIA2012-01-02","ArrivalGate"," D60M    "
"AA-204-LAX-MCO2012-01-02","ExpectedDepartureTime","January 2, 2012               11:25 PM    "
"AA-204-LAX-MCO2012-01-02","ActualDepartureTime","January 2, 2012     "
"AA-204-LAX-MCO2012-01-02","DepartureGate"," 42B"
"AA-204-LAX-MCO2012-01-02","ExpectedArrivalTime","January 3, 2012               06:55 AM    "
"AA-204-LAX-MCO2012-01-02","ActualArrivalTime","January 3, 2012     "
"AA-204-LAX-MCO2012-01-02","ArrivalGate"," TBA    "
"AA-466-IAH-MIA2012-01-02","ExpectedDepartureTime","January 2, 2012               06:00 AM    "
"AA-466-IAH-MIA2012-01-02","ActualDepartureTime","January 2, 2012               05:54 AM    "
"AA-466-IAH-MIA2012-01-02","DepartureGate"," A27"
"AA-466-IAH-MIA2012-01-02","ExpectedArrivalTime","January 2, 2012               09:20 AM    "
"AA-466-IAH-MIA2012-01-02","ActualArrivalTime","January 2, 2012               09:09 AM    "
"AA-466-IAH-MIA2012-01-02","ArrivalGate"," D45    "
"AA-3-JFK-LAX2012-01-02","ExpectedDepartureTime","January 2, 2012               12:00 PM    "
"AA-3-JFK-LAX2012-01-02","ActualDepartureTime","January 2, 2012               11:55 AM    "
"AA-3-JFK-LAX2012-01-02","DepartureGate"," 35"
"AA-3-JFK-LAX2012-01-02","ExpectedArrivalTime","January 2, 2012               03:15 PM    "
"AA-3-JFK-LAX2012-01-02","ActualArrivalTime","January 2, 2012               02:54 PM    "
"AA-3-JFK-LAX2012-01-02","ArrivalGate"," 42B    "
"AA-1007-MIA-PHX2012-01-02","ExpectedDepartureTime","January 2, 2012               04:55 PM    "
"AA-1007-MIA-PHX2012-01-02","ActualDepartureTime","January 2, 2012               04:47 PM    "
"AA-1007-MIA-PHX2012-01-02","DepartureGate"," D30"
"AA-1007-MIA-PHX2012-01-02","ExpectedArrivalTime","January 2, 2012               08:05 PM    "
"AA-1007-MIA-PHX2012-01-02","ActualArrivalTime","January 2, 2012               07:50 PM    "
"AA-1007-MIA-PHX2012-01-02","ArrivalGate"," 6    "
"AA-271-MIA-LAX2012-01-02","ExpectedDepartureTime","January 2, 2012               11:35 AM    "
"AA-271-MIA-LAX2012-01-02","ActualDepartureTime","January 2, 2012               11:37 AM    "
"AA-271-MIA-LAX2012-01-02","DepartureGate"," D4"
"AA-271-MIA-LAX2012-01-02","ExpectedArrivalTime","January 2, 2012               02:25 PM    "
"AA-271-MIA-LAX2012-01-02","ActualArrivalTime","January 2, 2012               02:06 PM    "
"AA-271-MIA-LAX2012-01-02","ArrivalGate"," 48A    "
"AA-643-MIA-ORD2012-01-02","ExpectedDepartureTime","January 2, 2012               07:10 AM    "
"AA-643-MIA-ORD2012-01-02","ActualDepartureTime","January 2, 2012               11:51 AM    "
"AA-643-MIA-ORD2012-01-02","DepartureGate"," D44"
"AA-643-MIA-ORD2012-01-02","ExpectedArrivalTime","January 2, 2012               09:35 AM    "
"AA-643-MIA-ORD2012-01-02","ActualArrivalTime","January 2, 2012     "
"AA-643-MIA-ORD2012-01-02","ArrivalGate"," K15    "
"AA-400-DFW-JFK2012-01-02","ExpectedDepartureTime","January 2, 2012               10:40 AM    "
"AA-400-DFW-JFK2012-01-02","ActualDepartureTime","January 2, 2012               10:36 AM    "
"AA-400-DFW-JFK2012-01-02","DepartureGate"," C7"
"AA-400-DFW-JFK2012-01-02","ExpectedArrivalTime","January 2, 2012               02:59 PM    "
"AA-400-DFW-JFK2012-01-02","ActualArrivalTime","January 2, 2012               02:52 PM    "
"AA-400-DFW-JFK2012-01-02","ArrivalGate"," 34    "
"AA-1886-BOS-MIA2012-01-02","ExpectedDepartureTime","January 2, 2012               10:45 AM    "
"AA-1886-BOS-MIA2012-01-02","ActualDepartureTime","January 2, 2012               10:42 AM    "
"AA-1886-BOS-MIA2012-01-02","DepartureGate"," B33"
"AA-1886-BOS-MIA2012-01-02","ExpectedArrivalTime","January 2, 2012               02:20 PM    "
"AA-1886-BOS-MIA2012-01-02","ActualArrivalTime","January 2, 2012               02:15 PM    "
"AA-1886-BOS-MIA2012-01-02","ArrivalGate"," D51    "
"AA-1917-JFK-MCO2012-01-02","ExpectedDepartureTime","January 2, 2012               02:55 PM    "
"AA-1917-JFK-MCO2012-01-02","ActualDepartureTime","January 2, 2012               03:03 PM    "
"AA-1917-JFK-MCO2012-01-02","DepartureGate"," 7"
"AA-1917-JFK-MCO2012-01-02","ExpectedArrivalTime","January 2, 2012               05:55 PM    "
"AA-1917-JFK-MCO2012-01-02","ActualArrivalTime","January 2, 2012               06:30 PM    "
"AA-1917-JFK-MCO2012-01-02","ArrivalGate"," 16    "
"AA-3809-PHX-LAX2012-01-02","ActualDepartureTime","January 2, 2012     "
"AA-3809-PHX-LAX2012-01-02","ActualArrivalTime","January 2, 2012     "
"AA-3809-PHX-LAX2012-01-02","ArrivalGate"," 44F    "
"AA-2957-DFW-CVG2012-01-02","ExpectedDepartureTime","January 2, 2012               07:55 AM    "
"AA-2957-DFW-CVG2012-01-02","ActualDepartureTime","January 2, 2012               08:22 AM    "
"AA-2957-DFW-CVG2012-01-02","DepartureGate"," B24"
"AA-2957-DFW-CVG2012-01-02","ExpectedArrivalTime","January 2, 2012               11:05 AM    "
"AA-2957-DFW-CVG2012-01-02","ActualArrivalTime","January 2, 2012               11:38 AM    "
"AA-2957-DFW-CVG2012-01-02","ArrivalGate"," 3    "
"UA-1500-IAH-GUA2012-01-02","ExpectedDepartureTime","Mon, Jan 2 8:50 AM"
"UA-1500-IAH-GUA2012-01-02","ActualDepartureTime","Mon, Jan 2 8:56 AM            Delayed"
"UA-1500-IAH-GUA2012-01-02","DepartureGate","E15"
"UA-1500-IAH-GUA2012-01-02","ExpectedArrivalTime","Mon, Jan 2 11:43 AM"
"UA-1500-IAH-GUA2012-01-02","ActualArrivalTime","Mon, Jan 2 11:43 AM"
"UA-1500-IAH-GUA2012-01-02","ArrivalGate","15"
"UA-3515-IAD-MSP2012-01-02","ExpectedDepartureTime","Mon, Jan 2 8:21 AM"
"UA-3515-IAD-MSP2012-01-02","ActualDepartureTime","Mon, Jan 2 8:20 AM"
"UA-3515-IAD-MSP2012-01-02","DepartureGate","D18"
"UA-3515-IAD-MSP2012-01-02","ExpectedArrivalTime","Mon, Jan 2 10:11 AM"
"UA-3515-IAD-MSP2012-01-02","ActualArrivalTime","Mon, Jan 2 10:03 AM"
"UA-3515-IAD-MSP2012-01-02","ArrivalGate","E6"
"UA-664-ORD-PHL2012-01-02","ExpectedDepartureTime","Mon, Jan 2 1:35 PM"
"UA-664-ORD-PHL2012-01-02","ActualDepartureTime","Mon, Jan 2 1:47 PM            Delayed"
"UA-664-ORD-PHL2012-01-02","DepartureGate","B9"
"UA-664-ORD-PHL2012-01-02","ExpectedArrivalTime","Mon, Jan 2 4:38 PM"
"UA-664-ORD-PHL2012-01-02","ActualArrivalTime","Mon, Jan 2 4:43 PM"
"UA-664-ORD-PHL2012-01-02","ArrivalGate","D9"
"UA-414-LAX-SFO2012-01-02","ExpectedDepartureTime","Mon, Jan 2 6:00 AM"
"UA-414-LAX-SFO2012-01-02","ActualDepartureTime","Mon, Jan 2 5:59 AM"
"UA-414-LAX-SFO2012-01-02","DepartureGate","84"
"UA-414-LAX-SFO2012-01-02","ExpectedArrivalTime","Mon, Jan 2 7:26 AM"
"UA-414-LAX-SFO2012-01-02","ActualArrivalTime","Mon, Jan 2 7:10 AM"
"UA-414-LAX-SFO2012-01-02","ArrivalGate","75"
"UA-257-JFK-SFO2012-01-02","ExpectedDepartureTime","Mon, Jan 2 2:30 PM"
"UA-257-JFK-SFO2012-01-02","ActualDepartureTime","Mon, Jan 2 4:49 PM"
"UA-257-JFK-SFO2012-01-02","DepartureGate","7"
"UA-257-JFK-SFO2012-01-02","ExpectedArrivalTime","Mon, Jan 2 6:14 PM"
"UA-257-JFK-SFO2012-01-02","ActualArrivalTime","Mon, Jan 2 8:08 PM"
"UA-257-JFK-SFO2012-01-02","ArrivalGate","86"
"UA-62-IAH-EWR2012-01-02","ExpectedDepartureTime","Mon, Jan 2 2:30 PM"
"UA-62-IAH-EWR2012-01-02","ActualDepartureTime","Mon, Jan 2 2:38 PM"
"UA-62-IAH-EWR2012-01-02","DepartureGate","C-39"
"UA-62-IAH-EWR2012-01-02","ExpectedArrivalTime","Mon, Jan 2 7:03 PM"
"UA-62-IAH-EWR2012-01-02","ActualArrivalTime","Mon, Jan 2 7:17 PM"
"UA-62-IAH-EWR2012-01-02","ArrivalGate","C125"
"UA-843-LAX-ORD2012-01-02","ExpectedDepartureTime","Mon, Jan 2 2:10 PM"
"UA-843-LAX-ORD2012-01-02","ActualDepartureTime","Mon, Jan 2 3:07 PM"
"UA-843-LAX-ORD2012-01-02","DepartureGate","73"
"UA-843-LAX-ORD2012-01-02","ExpectedArrivalTime","Mon, Jan 2 8:12 PM"
"UA-843-LAX-ORD2012-01-02","ActualArrivalTime","Mon, Jan 2 9:08 PM"
"UA-843-LAX-ORD2012-01-02","ArrivalGate","C25"
"UA-248-PHX-ORD2012-01-02","ExpectedDepartureTime","Mon, Jan 2 12:52 PM"
"UA-248-PHX-ORD2012-01-02","ActualDepartureTime","Mon, Jan 2 12:52 PM            On Time"
"UA-248-PHX-ORD2012-01-02","DepartureGate","3"
"UA-248-PHX-ORD2012-01-02","ExpectedArrivalTime","Mon, Jan 2 5:13 PM"
"UA-248-PHX-ORD2012-01-02","ActualArrivalTime","Mon, Jan 2 5:25 PM"
"UA-248-PHX-ORD2012-01-02","ArrivalGate","C27"
"UA-248-PHX-ORD2012-01-02","ExpectedDepartureTime","Mon, Jan 2 12:52 PM"
"UA-248-PHX-ORD2012-01-02","ActualDepartureTime","Mon, Jan 2 12:44 PM            On Time"
"UA-248-PHX-ORD2012-01-02","DepartureGate","3"
"UA-248-PHX-ORD2012-01-02","ExpectedArrivalTime","Mon, Jan 2 5:13 PM"
"UA-248-PHX-ORD2012-01-02","ActualArrivalTime","Mon, Jan 2 5:33 PM"
"UA-248-PHX-ORD2012-01-02","ArrivalGate","C22"
"UA-397-JFK-SFO2012-01-02","ExpectedDepartureTime","Mon, Jan 2 8:25 AM"
"UA-397-JFK-SFO2012-01-02","ActualDepartureTime","Mon, Jan 2 8:22 AM"
"UA-397-JFK-SFO2012-01-02","DepartureGate","7"
"UA-397-JFK-SFO2012-01-02","ExpectedArrivalTime","Mon, Jan 2 12:14 PM"
"UA-397-JFK-SFO2012-01-02","ActualArrivalTime","Mon, Jan 2 11:42 AM"
"UA-397-JFK-SFO2012-01-02","ArrivalGate","83"
"UA-2704-DTW-PHX2012-01-02","ExpectedDepartureTime","Mon, Jan 2 11:15 AM"
"UA-2704-DTW-PHX2012-01-02","ActualDepartureTime","Mon, Jan 2 11:15 AM"
"UA-2704-DTW-PHX2012-01-02","DepartureGate","D25"
"UA-2704-DTW-PHX2012-01-02","ExpectedArrivalTime","Mon, Jan 2 1:40 PM"
"UA-2704-DTW-PHX2012-01-02","ActualArrivalTime","Mon, Jan 2 1:22 PM"
"UA-2704-DTW-PHX2012-01-02","ArrivalGate","B4"
"UA-2515-DFW-CLT2012-01-02","ExpectedDepartureTime","Mon, Jan 2 7:00 AM"
"UA-2515-DFW-CLT2012-01-02","ActualDepartureTime","Mon, Jan 2 7:00 AM"
"UA-2515-DFW-CLT2012-01-02","DepartureGate","E36"
"UA-2515-DFW-CLT2012-01-02","ExpectedArrivalTime","Mon, Jan 2 10:26 AM"
"UA-2515-DFW-CLT2012-01-02","ActualArrivalTime","Mon, Jan 2 10:02 AM"
"UA-2515-DFW-CLT2012-01-02","ArrivalGate","B10"
"UA-3373-IAD-PHL2012-01-02","ExpectedDepartureTime","Mon, Jan 2 8:30 AM"
"UA-3373-IAD-PHL2012-01-02","ActualDepartureTime","Mon, Jan 2 8:29 AM"
"UA-3373-IAD-PHL2012-01-02","DepartureGate","A5C"
"UA-3373-IAD-PHL2012-01-02","ExpectedArrivalTime","Mon, Jan 2 9:25 AM"
"UA-3373-IAD-PHL2012-01-02","ActualArrivalTime","Mon, Jan 2 9:24 AM"
"UA-3373-IAD-PHL2012-01-02","ArrivalGate","D7"
"UA-2906-PHL-MCO2012-01-02","ExpectedDepartureTime","Mon, Jan 2 3:50 PM"
"UA-2906-PHL-MCO2012-01-02","ActualDepartureTime","Mon, Jan 2 3:50 PM            Delayed"
"UA-2906-PHL-MCO2012-01-02","DepartureGate","B13"
"UA-2906-PHL-MCO2012-01-02","ExpectedArrivalTime","Mon, Jan 2 6:23 PM"
"UA-2906-PHL-MCO2012-01-02","ActualArrivalTime","Mon, Jan 2 6:49 PM"
"UA-2906-PHL-MCO2012-01-02","ArrivalGate","58"
"UA-938-DEN-ORD2012-01-02","ExpectedDepartureTime","Mon, Jan 2 3:54 PM"
"UA-938-DEN-ORD2012-01-02","ActualDepartureTime","Mon, Jan 2 3:56 PM"
"UA-938-DEN-ORD2012-01-02","DepartureGate","B38"
"UA-938-DEN-ORD2012-01-02","ExpectedArrivalTime","Mon, Jan 2 7:17 PM"
"UA-938-DEN-ORD2012-01-02","ActualArrivalTime","Mon, Jan 2 7:29 PM"
"UA-938-DEN-ORD2012-01-02","ArrivalGate","C25"
"UA-3099-PHX-PHL2012-01-02","ExpectedDepartureTime","Mon, Jan 2 11:55 AM"
"UA-3099-PHX-PHL2012-01-02","DepartureGate","A7"
"UA-3099-PHX-PHL2012-01-02","ExpectedArrivalTime","Mon, Jan 2 6:17 PM"
"UA-3099-PHX-PHL2012-01-02","ArrivalGate","B11"
"UA-3925-IAD-ORF2012-01-02","ExpectedDepartureTime","Mon, Jan 2 8:42 AM"
"UA-3925-IAD-ORF2012-01-02","ActualDepartureTime","Mon, Jan 2 9:03 AM"
"UA-3925-IAD-ORF2012-01-02","DepartureGate","A2G"
"UA-3925-IAD-ORF2012-01-02","ExpectedArrivalTime","Mon, Jan 2 9:55 AM"
"UA-3925-IAD-ORF2012-01-02","ActualArrivalTime","Mon, Jan 2 9:59 AM"
"UA-5487-SFO-MRY2012-01-02","ExpectedDepartureTime","Mon, Jan 2 10:37 AM"
"UA-5487-SFO-MRY2012-01-02","ActualDepartureTime","Mon, Jan 2 10:31 AM"
"UA-5487-SFO-MRY2012-01-02","DepartureGate","87A"
"UA-5487-SFO-MRY2012-01-02","ExpectedArrivalTime","Mon, Jan 2 11:24 AM"
"UA-5487-SFO-MRY2012-01-02","ActualArrivalTime","Mon, Jan 2 11:18 AM"
"UA-3050-PHX-CLT2012-01-02","ExpectedDepartureTime","Mon, Jan 2 11:05 AM"
"UA-3050-PHX-CLT2012-01-02","ActualDepartureTime","Mon, Jan 2 11:05 AM"
"UA-3050-PHX-CLT2012-01-02","DepartureGate","A22"
"UA-3050-PHX-CLT2012-01-02","ExpectedArrivalTime","Mon, Jan 2 4:57 PM"
"UA-3050-PHX-CLT2012-01-02","ActualArrivalTime","Mon, Jan 2 5:26 PM"
"UA-3050-PHX-CLT2012-01-02","ArrivalGate","B6"
"UA-828-SFO-ORD2012-01-02","ExpectedDepartureTime","Mon, Jan 2 11:03 PM"
"UA-828-SFO-ORD2012-01-02","ActualDepartureTime","Mon, Jan 2 11:03 PM            On Time"
"UA-828-SFO-ORD2012-01-02","DepartureGate","81"
"UA-828-SFO-ORD2012-01-02","ExpectedArrivalTime","Tue, Jan 3 5:06 AM"
"UA-828-SFO-ORD2012-01-02","ActualArrivalTime","Tue, Jan 3 5:06 AM"
"UA-828-SFO-ORD2012-01-02","ArrivalGate","B14"
"UA-2830-MCO-CLT2012-01-02","ExpectedDepartureTime","Mon, Jan 2 3:27 PM"
"UA-2830-MCO-CLT2012-01-02","ActualDepartureTime","Mon, Jan 2 3:55 PM"
"UA-2830-MCO-CLT2012-01-02","DepartureGate","58"
"UA-2830-MCO-CLT2012-01-02","ExpectedArrivalTime","Mon, Jan 2 5:05 PM"
"UA-2830-MCO-CLT2012-01-02","ActualArrivalTime","Mon, Jan 2 5:27 PM"
"UA-2830-MCO-CLT2012-01-02","ArrivalGate","B12"
"UA-37-EWR-MCO2012-01-02","ExpectedDepartureTime","Mon, Jan 2 1:29 PM"
"UA-37-EWR-MCO2012-01-02","ActualDepartureTime","Mon, Jan 2 2:08 PM            Delayed"
"UA-37-EWR-MCO2012-01-02","DepartureGate","C134"
"UA-37-EWR-MCO2012-01-02","ExpectedArrivalTime","Mon, Jan 2 4:22 PM"
"UA-37-EWR-MCO2012-01-02","ActualArrivalTime","Mon, Jan 2 5:02 PM"
"UA-37-EWR-MCO2012-01-02","ArrivalGate","39"
"UA-37-EDI-EWR2012-01-02","ExpectedDepartureTime","Mon, Jan 2 9:05 AM"
"UA-37-EDI-EWR2012-01-02","ActualDepartureTime","Mon, Jan 2 9:28 AM"
"UA-37-EDI-EWR2012-01-02","ExpectedArrivalTime","Mon, Jan 2 11:53 AM"
"UA-37-EDI-EWR2012-01-02","ActualArrivalTime","Mon, Jan 2 12:29 PM"
"UA-37-EDI-EWR2012-01-02","ArrivalGate","B56"
"UA-2708-EWR-CLT2012-01-02","ExpectedDepartureTime","Mon, Jan 2 2:55 PM"
"UA-2708-EWR-CLT2012-01-02","ActualDepartureTime","Mon, Jan 2 2:55 PM"
"UA-2708-EWR-CLT2012-01-02","DepartureGate","A37"
"UA-2708-EWR-CLT2012-01-02","ExpectedArrivalTime","Mon, Jan 2 4:53 PM"
"UA-2708-EWR-CLT2012-01-02","ActualArrivalTime","Mon, Jan 2 5:04 PM"
"UA-2708-EWR-CLT2012-01-02","ArrivalGate","C13"
"UA-233-LAX-JFK2012-01-02","ExpectedDepartureTime","Mon, Jan 2 4:25 PM"
"UA-233-LAX-JFK2012-01-02","ActualDepartureTime","Mon, Jan 2 4:25 PM"
"UA-233-LAX-JFK2012-01-02","DepartureGate","70B"
"UA-233-LAX-JFK2012-01-02","ExpectedArrivalTime","Tue, Jan 3 12:44 AM"
"UA-233-LAX-JFK2012-01-02","ActualArrivalTime","Tue, Jan 3 12:44 AM"
"UA-233-LAX-JFK2012-01-02","ArrivalGate","10"
"UA-2726-FLL-PHL2012-01-02","ExpectedDepartureTime","Mon, Jan 2 4:00 PM"
"UA-2726-FLL-PHL2012-01-02","ActualDepartureTime","Mon, Jan 2 4:00 PM"
"UA-2726-FLL-PHL2012-01-02","DepartureGate","E3"
"UA-2726-FLL-PHL2012-01-02","ExpectedArrivalTime","Mon, Jan 2 6:46 PM"
"UA-2726-FLL-PHL2012-01-02","ActualArrivalTime","Mon, Jan 2 6:39 PM"
"UA-2726-FLL-PHL2012-01-02","ArrivalGate","C17"
"UA-2945-PHL-CLT2012-01-02","ExpectedDepartureTime","Mon, Jan 2 12:00 AM"
"UA-2945-PHL-CLT2012-01-02","ActualDepartureTime","Mon, Jan 2 8:11 AM"
"UA-2945-PHL-CLT2012-01-02","DepartureGate","C30"
"UA-2945-PHL-CLT2012-01-02","ExpectedArrivalTime","Mon, Jan 2 1:45 PM"
"UA-2945-PHL-CLT2012-01-02","ActualArrivalTime","Mon, Jan 2 1:38 PM"
"UA-2945-PHL-CLT2012-01-02","ArrivalGate","C17"
"UA-6273-YYC-SFO2012-01-02","ExpectedDepartureTime","Mon, Jan 2 7:35 AM"
"UA-6273-YYC-SFO2012-01-02","ActualDepartureTime","Mon, Jan 2 7:39 AM"
"UA-6273-YYC-SFO2012-01-02","ExpectedArrivalTime","Mon, Jan 2 9:43 AM"
"UA-6273-YYC-SFO2012-01-02","ActualArrivalTime","Mon, Jan 2 9:28 AM"
"UA-6273-YYC-SFO2012-01-02","ArrivalGate","79"
"UA-2314-ATL-PHL2012-01-02","ExpectedDepartureTime","Mon, Jan 2 2:55 PM"
"UA-2314-ATL-PHL2012-01-02","ActualDepartureTime","Mon, Jan 2 3:03 PM"
"UA-2314-ATL-PHL2012-01-02","DepartureGate","D23"
"UA-2314-ATL-PHL2012-01-02","ExpectedArrivalTime","Mon, Jan 2 5:00 PM"
"UA-2314-ATL-PHL2012-01-02","ActualArrivalTime","Mon, Jan 2 5:03 PM"
"UA-2314-ATL-PHL2012-01-02","ArrivalGate","C26"
"UA-382-IAD-LAX2012-01-02","ExpectedDepartureTime","Mon, Jan 2 12:20 PM"
"UA-382-IAD-LAX2012-01-02","ActualDepartureTime","Mon, Jan 2 12:19 PM            On Time"
"UA-382-IAD-LAX2012-01-02","DepartureGate","C27"
"UA-382-IAD-LAX2012-01-02","ExpectedArrivalTime","Mon, Jan 2 3:08 PM"
"UA-382-IAD-LAX2012-01-02","ActualArrivalTime","Mon, Jan 2 2:35 PM"
"UA-382-IAD-LAX2012-01-02","ArrivalGate","75B"
"UA-382-IAD-LAX2012-01-02","ExpectedDepartureTime","Mon, Jan 2 12:20 PM"
"UA-382-IAD-LAX2012-01-02","ActualDepartureTime","Mon, Jan 2 12:19 PM            On Time"
"UA-382-IAD-LAX2012-01-02","DepartureGate","C27"
"UA-382-IAD-LAX2012-01-02","ExpectedArrivalTime","Mon, Jan 2 3:08 PM"
"UA-382-IAD-LAX2012-01-02","ActualArrivalTime","Mon, Jan 2 2:31 PM"
"UA-382-IAD-LAX2012-01-02","ArrivalGate","75B"
"UA-858-PVG-SFO2012-01-02","ExpectedDepartureTime","Mon, Jan 2 1:45 PM"
"UA-858-PVG-SFO2012-01-02","ActualDepartureTime","Mon, Jan 2 1:37 PM"
"UA-858-PVG-SFO2012-01-02","DepartureGate","71"
"UA-858-PVG-SFO2012-01-02","ExpectedArrivalTime","Mon, Jan 2 8:27 AM"
"UA-858-PVG-SFO2012-01-02","ActualArrivalTime","Mon, Jan 2 7:54 AM"
"UA-858-PVG-SFO2012-01-02","ArrivalGate","96"
"UA-854-SFO-IAH2012-01-02","ExpectedDepartureTime","Mon, Jan 2 7:35 AM"
"UA-854-SFO-IAH2012-01-02","ActualDepartureTime","Mon, Jan 2 7:42 AM"
"UA-854-SFO-IAH2012-01-02","DepartureGate","86"
"UA-854-SFO-IAH2012-01-02","ExpectedArrivalTime","Mon, Jan 2 1:30 PM"
"UA-854-SFO-IAH2012-01-02","ActualArrivalTime","Mon, Jan 2 1:33 PM"
"UA-854-SFO-IAH2012-01-02","ArrivalGate","C16"
"CO-1586-IAH-MCO2012-01-02","ExpectedDepartureTime","Mon., Jan.02, 2012 7:00 p.m."
"CO-1586-IAH-MCO2012-01-02","ActualDepartureTime","Mon., Jan.02, 2012 7:05 p.m."
"CO-1586-IAH-MCO2012-01-02","ExpectedArrivalTime","Mon., Jan.02, 2012 10:12 p.m."
"CO-1586-IAH-MCO2012-01-02","ActualArrivalTime","Mon., Jan.02, 2012 10:10 p.m."
"CO-1694-LAX-IAH2012-01-02","ExpectedDepartureTime","Mon., Jan.02, 2012 7:41 p.m."
"CO-1694-LAX-IAH2012-01-02","ActualDepartureTime","Mon., Jan.02, 2012 7:41 p.m."
"CO-1694-LAX-IAH2012-01-02","ExpectedArrivalTime","Mon., Jan.02, 2012 12:44 a.m."
"CO-1694-LAX-IAH2012-01-02","ActualArrivalTime","Mon., Jan.02, 2012 12:44 a.m."
"CO-1088-CLE-IAH2012-01-02","ExpectedDepartureTime","Mon., Jan.02, 2012 8:35 a.m."
"CO-1088-CLE-IAH2012-01-02","ActualDepartureTime","Mon., Jan.02, 2012 8:32 a.m."
"CO-1088-CLE-IAH2012-01-02","ExpectedArrivalTime","Mon., Jan.02, 2012 10:55 a.m."
"CO-1088-CLE-IAH2012-01-02","ActualArrivalTime","Mon., Jan.02, 2012 10:31 a.m."
"CO-16-LAX-EWR2012-01-02","ExpectedDepartureTime","Mon., Jan.02, 2012 10:25 a.m."
"CO-16-LAX-EWR2012-01-02","ActualDepartureTime","Mon., Jan.02, 2012 10:38 a.m."
"CO-16-LAX-EWR2012-01-02","ExpectedArrivalTime","Mon., Jan.02, 2012 6:39 p.m."
"CO-16-LAX-EWR2012-01-02","ActualArrivalTime","Mon., Jan.02, 2012 7:20 p.m."
"CO-58-DEN-IAH2012-01-02","ExpectedDepartureTime","Mon., Jan.02, 2012 11:30 a.m."
"CO-58-DEN-IAH2012-01-02","ActualDepartureTime","Mon., Jan.02, 2012 11:28 a.m."
"CO-58-DEN-IAH2012-01-02","ExpectedArrivalTime","Mon., Jan.02, 2012 2:56 p.m."
"CO-58-DEN-IAH2012-01-02","ActualArrivalTime","Mon., Jan.02, 2012 2:45 p.m."
"CO-1193-EWR-MCO2012-01-02","ExpectedDepartureTime","Mon., Jan.02, 2012 9:15 a.m."
"CO-1193-EWR-MCO2012-01-02","ActualDepartureTime","Mon., Jan.02, 2012 9:14 a.m."
"CO-1193-EWR-MCO2012-01-02","ExpectedArrivalTime","Mon., Jan.02, 2012 12:16 p.m."
"CO-1193-EWR-MCO2012-01-02","ActualArrivalTime","Mon., Jan.02, 2012 12:51 p.m."
"CO-1023-IAH-DEN2012-01-02","ExpectedDepartureTime","Mon., Jan.02, 2012 11:40 a.m."
"CO-1023-IAH-DEN2012-01-02","ActualDepartureTime","Mon., Jan.02, 2012 11:52 a.m."
"CO-1023-IAH-DEN2012-01-02","ExpectedArrivalTime","Mon., Jan.02, 2012 1:20 p.m."
"CO-1023-IAH-DEN2012-01-02","ActualArrivalTime","Mon., Jan.02, 2012 1:33 p.m."
"CO-1250-MIA-IAH2012-01-02","ExpectedDepartureTime","Mon., Jan.02, 2012 2:50 p.m."
"CO-1250-MIA-IAH2012-01-02","ActualDepartureTime","Mon., Jan.02, 2012 2:55 p.m."
"CO-1250-MIA-IAH2012-01-02","ExpectedArrivalTime","Mon., Jan.02, 2012 4:48 p.m."
"CO-1250-MIA-IAH2012-01-02","ActualArrivalTime","Mon., Jan.02, 2012 4:36 p.m."
"CO-62-IAH-EWR2012-01-02","ExpectedDepartureTime","Mon., Jan.02, 2012 2:30 p.m."
"CO-62-IAH-EWR2012-01-02","ActualDepartureTime","Mon., Jan.02, 2012 2:38 p.m."
"CO-62-IAH-EWR2012-01-02","ExpectedArrivalTime","Mon., Jan.02, 2012 7:03 p.m."
"CO-62-IAH-EWR2012-01-02","ActualArrivalTime","Mon., Jan.02, 2012 7:17 p.m."
"CO-52-IAH-LAX2012-01-02","ExpectedDepartureTime","Mon., Jan.02, 2012 7:35 a.m."
"CO-52-IAH-LAX2012-01-02","ActualDepartureTime","Mon., Jan.02, 2012 7:34 a.m."
"CO-52-IAH-LAX2012-01-02","ExpectedArrivalTime","Mon., Jan.02, 2012 9:30 a.m."
"CO-52-IAH-LAX2012-01-02","ActualArrivalTime","Mon., Jan.02, 2012 9:13 a.m."
"CO-1614-LAX-IAH2012-01-02","ExpectedDepartureTime","Mon., Jan.02, 2012 12:30 a.m."
"CO-1614-LAX-IAH2012-01-02","ActualDepartureTime","Mon., Jan.02, 2012 1:41 a.m."
"CO-1614-LAX-IAH2012-01-02","ExpectedArrivalTime","Mon., Jan.02, 2012 5:36 a.m."
"CO-1614-LAX-IAH2012-01-02","ActualArrivalTime","Mon., Jan.02, 2012 6:41 a.m."
"CO-89-IAH-EWR2012-01-02","ExpectedDepartureTime","Mon., Jan.02, 2012 6:00 a.m."
"CO-89-IAH-EWR2012-01-02","ActualDepartureTime","Mon., Jan.02, 2012 5:57 a.m."
"CO-89-IAH-EWR2012-01-02","ExpectedArrivalTime","Mon., Jan.02, 2012 10:20 a.m."
"CO-89-IAH-EWR2012-01-02","ActualArrivalTime","Mon., Jan.02, 2012 10:07 a.m."
"CO-1090-BOS-IAH2012-01-02","ExpectedDepartureTime","Mon., Jan.02, 2012 9:50 a.m."
"CO-1090-BOS-IAH2012-01-02","ActualDepartureTime","Mon., Jan.02, 2012 9:50 a.m."
"CO-1090-BOS-IAH2012-01-02","ExpectedArrivalTime","Mon., Jan.02, 2012 1:20 p.m."
"CO-1090-BOS-IAH2012-01-02","ActualArrivalTime","Mon., Jan.02, 2012 1:00 p.m."
"CO-45-EWR-MIA2012-01-02","ExpectedDepartureTime","Mon., Jan.02, 2012 3:50 p.m."
"CO-45-EWR-MIA2012-01-02","ActualDepartureTime","Mon., Jan.02, 2012 4:12 p.m."
"CO-45-EWR-MIA2012-01-02","ExpectedArrivalTime","Mon., Jan.02, 2012 7:05 p.m."
"CO-45-EWR-MIA2012-01-02","ActualArrivalTime","Mon., Jan.02, 2012 7:25 p.m."
"CO-63-EWR-IAH2012-01-02","ExpectedDepartureTime","Mon., Jan.02, 2012 5:25 p.m."
"CO-63-EWR-IAH2012-01-02","ActualDepartureTime","Mon., Jan.02, 2012 5:43 p.m."
"CO-63-EWR-IAH2012-01-02","ExpectedArrivalTime","Mon., Jan.02, 2012 8:30 p.m."
"CO-63-EWR-IAH2012-01-02","ActualArrivalTime","Mon., Jan.02, 2012 8:22 p.m."
"CO-50-CLE-EWR2012-01-02","ExpectedDepartureTime","Mon., Jan.02, 2012 2:55 p.m."
"CO-50-CLE-EWR2012-01-02","ActualDepartureTime","Mon., Jan.02, 2012 3:57 p.m."
"CO-50-CLE-EWR2012-01-02","ExpectedArrivalTime","Mon., Jan.02, 2012 4:53 p.m."
"CO-50-CLE-EWR2012-01-02","ActualArrivalTime","Mon., Jan.02, 2012 5:49 p.m."
"CO-1561-PHX-IAH2012-01-02","ExpectedDepartureTime","Mon., Jan.02, 2012 8:05 a.m."
"CO-1561-PHX-IAH2012-01-02","ActualDepartureTime","Mon., Jan.02, 2012 8:02 a.m."
"CO-1561-PHX-IAH2012-01-02","ExpectedArrivalTime","Mon., Jan.02, 2012 11:37 a.m."
"CO-1561-PHX-IAH2012-01-02","ActualArrivalTime","Mon., Jan.02, 2012 11:39 a.m."
"CO-47-IAH-LAX2012-01-02","ExpectedDepartureTime","Mon., Jan.02, 2012 7:10 p.m."
"CO-47-IAH-LAX2012-01-02","ActualDepartureTime","Mon., Jan.02, 2012 7:16 p.m."
"CO-47-IAH-LAX2012-01-02","ExpectedArrivalTime","Mon., Jan.02, 2012 9:06 p.m."
"CO-47-IAH-LAX2012-01-02","ActualArrivalTime","Mon., Jan.02, 2012 8:44 p.m."
