"ObjectID","PropertyID","PropertyValue"
"AA-1221-MCO-ORD2011-12-24","ExpectedDepartureTime","December 24, 2011               08:00 PM    "
"AA-1221-MCO-ORD2011-12-24","ActualDepartureTime","December 24, 2011               07:40 PM    "
"AA-1221-MCO-ORD2011-12-24","DepartureGate"," 14"
"AA-1221-MCO-ORD2011-12-24","ExpectedArrivalTime","December 24, 2011               09:50 PM    "
"AA-1221-MCO-ORD2011-12-24","ActualArrivalTime","December 24, 2011               09:15 PM    "
"AA-1221-MCO-ORD2011-12-24","ArrivalGate"," K4    "
"AA-518-MIA-JFK2011-12-24","ExpectedDepartureTime","December 24, 2011               06:30 AM    "
"AA-518-MIA-JFK2011-12-24","ActualDepartureTime","December 24, 2011               06:27 AM    "
"AA-518-MIA-JFK2011-12-24","DepartureGate"," D2"
"AA-518-MIA-JFK2011-12-24","ExpectedArrivalTime","December 24, 2011               09:15 AM    "
"AA-518-MIA-JFK2011-12-24","ActualArrivalTime","December 24, 2011               09:06 AM    "
"AA-518-MIA-JFK2011-12-24","ArrivalGate"," 8    "
"AA-1640-MIA-MCO2011-12-24","ExpectedDepartureTime","December 24, 2011               06:30 PM    "
"AA-1640-MIA-MCO2011-12-24","ActualDepartureTime","December 24, 2011     "
"AA-1640-MIA-MCO2011-12-24","DepartureGate"," D48"
"AA-1640-MIA-MCO2011-12-24","ExpectedArrivalTime","December 24, 2011               07:25 PM    "
"AA-1640-MIA-MCO2011-12-24","ActualArrivalTime","December 24, 2011     "
"AA-1640-MIA-MCO2011-12-24","ArrivalGate"," 14    "
"AA-4307-ORD-DTW2011-12-24","ExpectedDepartureTime","December 24, 2011               06:45 PM    "
"AA-4307-ORD-DTW2011-12-24","ActualDepartureTime","December 24, 2011               06:48 PM    "
"AA-4307-ORD-DTW2011-12-24","DepartureGate"," G1A"
"AA-4307-ORD-DTW2011-12-24","ExpectedArrivalTime","December 24, 2011               09:10 PM    "
"AA-4307-ORD-DTW2011-12-24","ActualArrivalTime","December 24, 2011               09:20 PM    "
"AA-4307-ORD-DTW2011-12-24","ArrivalGate"," D19    "
"AA-2525-DFW-MIA2011-12-24","ExpectedDepartureTime","December 24, 2011               07:25 AM    "
"AA-2525-DFW-MIA2011-12-24","ActualDepartureTime","December 24, 2011               07:53 AM    "
"AA-2525-DFW-MIA2011-12-24","DepartureGate"," D22A"
"AA-2525-DFW-MIA2011-12-24","ExpectedArrivalTime","December 24, 2011               11:10 AM    "
"AA-2525-DFW-MIA2011-12-24","ActualArrivalTime","December 24, 2011               12:03 PM    "
"AA-2525-DFW-MIA2011-12-24","ArrivalGate"," D3    "
"AA-616-DFW-DTW2011-12-24","ExpectedDepartureTime","December 24, 2011               09:05 AM    "
"AA-616-DFW-DTW2011-12-24","ActualDepartureTime","December 24, 2011               09:25 AM    "
"AA-616-DFW-DTW2011-12-24","DepartureGate"," C20"
"AA-616-DFW-DTW2011-12-24","ExpectedArrivalTime","December 24, 2011               12:35 PM    "
"AA-616-DFW-DTW2011-12-24","ActualArrivalTime","December 24, 2011               12:42 PM    "
"AA-616-DFW-DTW2011-12-24","ArrivalGate"," D32    "
"AA-431-MIA-SFO2011-12-24","ExpectedDepartureTime","December 24, 2011               08:35 AM    "
"AA-431-MIA-SFO2011-12-24","ActualDepartureTime","December 24, 2011               09:52 AM    "
"AA-431-MIA-SFO2011-12-24","DepartureGate"," D3"
"AA-431-MIA-SFO2011-12-24","ExpectedArrivalTime","December 24, 2011               11:50 AM    "
"AA-431-MIA-SFO2011-12-24","ActualArrivalTime","December 24, 2011     "
"AA-431-MIA-SFO2011-12-24","ArrivalGate"," 57    "
"AA-3756-ORD-SLC2011-12-24","ExpectedDepartureTime","December 24, 2011               12:15 PM    "
"AA-3756-ORD-SLC2011-12-24","ActualDepartureTime","December 24, 2011               12:13 PM    "
"AA-3756-ORD-SLC2011-12-24","DepartureGate"," H3A"
"AA-3756-ORD-SLC2011-12-24","ExpectedArrivalTime","December 24, 2011               02:45 PM    "
"AA-3756-ORD-SLC2011-12-24","ActualArrivalTime","December 24, 2011               02:27 PM    "
"AA-3756-ORD-SLC2011-12-24","ArrivalGate"," A3    "
"AA-1279-DFW-PHX2011-12-24","ExpectedDepartureTime","December 24, 2011               01:00 PM    "
"AA-1279-DFW-PHX2011-12-24","ActualDepartureTime","December 24, 2011               12:57 PM    "
"AA-1279-DFW-PHX2011-12-24","DepartureGate"," C19"
"AA-1279-DFW-PHX2011-12-24","ExpectedArrivalTime","December 24, 2011               02:35 PM    "
"AA-1279-DFW-PHX2011-12-24","ActualArrivalTime","December 24, 2011               02:19 PM    "
"AA-1279-DFW-PHX2011-12-24","ArrivalGate"," 4    "
"AA-2050-ORD-MIA2011-12-24","ExpectedDepartureTime","December 24, 2011               10:40 AM    "
"AA-2050-ORD-MIA2011-12-24","ActualDepartureTime","December 24, 2011               10:58 AM    "
"AA-2050-ORD-MIA2011-12-24","DepartureGate"," K16"
"AA-2050-ORD-MIA2011-12-24","ExpectedArrivalTime","December 24, 2011               02:45 PM    "
"AA-2050-ORD-MIA2011-12-24","ActualArrivalTime","December 24, 2011               02:49 PM    "
"AA-2050-ORD-MIA2011-12-24","ArrivalGate"," D11    "
"AA-3804-PHL-ORD2011-12-24","ExpectedDepartureTime","December 24, 2011               02:35 PM    "
"AA-3804-PHL-ORD2011-12-24","ActualDepartureTime","December 24, 2011               02:28 PM    "
"AA-3804-PHL-ORD2011-12-24","DepartureGate"," A7"
"AA-3804-PHL-ORD2011-12-24","ExpectedArrivalTime","December 24, 2011               04:05 PM    "
"AA-3804-PHL-ORD2011-12-24","ActualArrivalTime","December 24, 2011               03:45 PM    "
"AA-3804-PHL-ORD2011-12-24","ArrivalGate"," G19    "
"AA-1522-SFO-ORD2011-12-24","ExpectedDepartureTime","December 24, 2011               11:55 PM    "
"AA-1522-SFO-ORD2011-12-24","ActualDepartureTime","December 24, 2011     "
"AA-1522-SFO-ORD2011-12-24","DepartureGate"," 57"
"AA-1522-SFO-ORD2011-12-24","ExpectedArrivalTime","December 25, 2011               05:50 AM    "
"AA-1522-SFO-ORD2011-12-24","ActualArrivalTime","December 25, 2011     "
"AA-1522-SFO-ORD2011-12-24","ArrivalGate"," H10    "
"AA-1434-DFW-MCO2011-12-24","ExpectedDepartureTime","December 24, 2011               07:15 AM    "
"AA-1434-DFW-MCO2011-12-24","ActualDepartureTime","December 24, 2011               07:10 AM    "
"AA-1434-DFW-MCO2011-12-24","DepartureGate"," C7"
"AA-1434-DFW-MCO2011-12-24","ExpectedArrivalTime","December 24, 2011               10:35 AM    "
"AA-1434-DFW-MCO2011-12-24","ActualArrivalTime","December 24, 2011               10:37 AM    "
"AA-1434-DFW-MCO2011-12-24","ArrivalGate"," 17    "
"AA-59-JFK-SFO2011-12-24","ExpectedDepartureTime","December 24, 2011               07:10 AM    "
"AA-59-JFK-SFO2011-12-24","ActualDepartureTime","December 24, 2011               07:03 AM    "
"AA-59-JFK-SFO2011-12-24","DepartureGate"," 46"
"AA-59-JFK-SFO2011-12-24","ExpectedArrivalTime","December 24, 2011               10:45 AM    "
"AA-59-JFK-SFO2011-12-24","ActualArrivalTime","December 24, 2011               10:14 AM    "
"AA-59-JFK-SFO2011-12-24","ArrivalGate"," 58B    "
"AA-415-BOS-ORD2011-12-24","ExpectedDepartureTime","December 24, 2011               08:35 AM    "
"AA-415-BOS-ORD2011-12-24","ActualDepartureTime","December 24, 2011               08:29 AM    "
"AA-415-BOS-ORD2011-12-24","DepartureGate"," B29"
"AA-415-BOS-ORD2011-12-24","ExpectedArrivalTime","December 24, 2011               10:40 AM    "
"AA-415-BOS-ORD2011-12-24","ActualArrivalTime","December 24, 2011               10:08 AM    "
"AA-415-BOS-ORD2011-12-24","ArrivalGate"," K8    "
"AA-3823-LAX-DEN2011-12-24","ExpectedDepartureTime","December 24, 2011               09:00 PM    "
"AA-3823-LAX-DEN2011-12-24","ActualDepartureTime","December 24, 2011     "
"AA-3823-LAX-DEN2011-12-24","DepartureGate"," 44I"
"AA-3823-LAX-DEN2011-12-24","ExpectedArrivalTime","December 25, 2011               12:15 AM    "
"AA-3823-LAX-DEN2011-12-24","ActualArrivalTime","December 25, 2011     "
"AA-3823-LAX-DEN2011-12-24","ArrivalGate"," A49    "
"AA-1165-JFK-MIA2011-12-24","ExpectedDepartureTime","December 24, 2011               06:59 AM    "
"AA-1165-JFK-MIA2011-12-24","ActualDepartureTime","December 24, 2011               06:57 AM    "
"AA-1165-JFK-MIA2011-12-24","DepartureGate"," 4"
"AA-1165-JFK-MIA2011-12-24","ExpectedArrivalTime","December 24, 2011               10:34 AM    "
"AA-1165-JFK-MIA2011-12-24","ActualArrivalTime","December 24, 2011               10:10 AM    "
"AA-1165-JFK-MIA2011-12-24","ArrivalGate"," D50    "
"AA-3786-IAH-ORD2011-12-24","ExpectedDepartureTime","December 24, 2011               04:00 PM    "
"AA-3786-IAH-ORD2011-12-24","ActualDepartureTime","December 24, 2011               03:56 PM    "
"AA-3786-IAH-ORD2011-12-24","DepartureGate"," A29"
"AA-3786-IAH-ORD2011-12-24","ExpectedArrivalTime","December 24, 2011               06:40 PM    "
"AA-3786-IAH-ORD2011-12-24","ActualArrivalTime","December 24, 2011               06:02 PM    "
"AA-3786-IAH-ORD2011-12-24","ArrivalGate"," G10    "
"AA-4330-CVG-ORD2011-12-24","ExpectedDepartureTime","December 24, 2011               03:35 PM    "
"AA-4330-CVG-ORD2011-12-24","ActualDepartureTime","December 24, 2011               03:27 PM    "
"AA-4330-CVG-ORD2011-12-24","DepartureGate"," 5"
"AA-4330-CVG-ORD2011-12-24","ExpectedArrivalTime","December 24, 2011               04:00 PM    "
"AA-4330-CVG-ORD2011-12-24","ActualArrivalTime","December 24, 2011               03:48 PM    "
"AA-4330-CVG-ORD2011-12-24","ArrivalGate"," G9    "
"AA-1664-MIA-ATL2011-12-24","ExpectedDepartureTime","December 24, 2011               10:15 AM    "
"AA-1664-MIA-ATL2011-12-24","ActualDepartureTime","December 24, 2011               10:22 AM    "
"AA-1664-MIA-ATL2011-12-24","DepartureGate"," D17"
"AA-1664-MIA-ATL2011-12-24","ExpectedArrivalTime","December 24, 2011               12:10 PM    "
"AA-1664-MIA-ATL2011-12-24","ActualArrivalTime","December 24, 2011               12:12 PM    "
"AA-1664-MIA-ATL2011-12-24","ArrivalGate"," T11    "
"AA-789-ORD-DEN2011-12-24","ExpectedDepartureTime","December 24, 2011               01:05 PM    "
"AA-789-ORD-DEN2011-12-24","ActualDepartureTime","December 24, 2011               01:05 PM    "
"AA-789-ORD-DEN2011-12-24","DepartureGate"," H11B"
"AA-789-ORD-DEN2011-12-24","ExpectedArrivalTime","December 24, 2011               02:35 PM    "
"AA-789-ORD-DEN2011-12-24","ActualArrivalTime","December 24, 2011               02:29 PM    "
"AA-789-ORD-DEN2011-12-24","ArrivalGate"," A49    "
"AA-3468-CVG-MIA2011-12-24","ExpectedDepartureTime","December 24, 2011               07:00 AM    "
"AA-3468-CVG-MIA2011-12-24","ActualDepartureTime","December 24, 2011               06:58 AM    "
"AA-3468-CVG-MIA2011-12-24","DepartureGate"," 5"
"AA-3468-CVG-MIA2011-12-24","ExpectedArrivalTime","December 24, 2011               09:55 AM    "
"AA-3468-CVG-MIA2011-12-24","ActualArrivalTime","December 24, 2011               09:49 AM    "
"AA-3468-CVG-MIA2011-12-24","ArrivalGate"," D60N    "
"AA-204-LAX-MCO2011-12-24","ExpectedDepartureTime","December 24, 2011               11:25 PM    "
"AA-204-LAX-MCO2011-12-24","ActualDepartureTime","December 24, 2011     "
"AA-204-LAX-MCO2011-12-24","DepartureGate"," 40"
"AA-204-LAX-MCO2011-12-24","ExpectedArrivalTime","December 25, 2011               06:55 AM    "
"AA-204-LAX-MCO2011-12-24","ActualArrivalTime","December 25, 2011     "
"AA-204-LAX-MCO2011-12-24","ArrivalGate"," TBA    "
"AA-4277-CVG-JFK2011-12-24","ExpectedDepartureTime","December 24, 2011               12:10 PM    "
"AA-4277-CVG-JFK2011-12-24","ActualDepartureTime","December 24, 2011               12:14 PM    "
"AA-4277-CVG-JFK2011-12-24","DepartureGate"," 1"
"AA-4277-CVG-JFK2011-12-24","ExpectedArrivalTime","December 24, 2011               02:15 PM    "
"AA-4277-CVG-JFK2011-12-24","ActualArrivalTime","December 24, 2011               01:45 PM    "
"AA-4277-CVG-JFK2011-12-24","ArrivalGate"," 32I    "
"AA-466-IAH-MIA2011-12-24","ExpectedDepartureTime","December 24, 2011               06:00 AM    "
"AA-466-IAH-MIA2011-12-24","ActualDepartureTime","December 24, 2011               06:03 AM    "
"AA-466-IAH-MIA2011-12-24","DepartureGate"," A27"
"AA-466-IAH-MIA2011-12-24","ExpectedArrivalTime","December 24, 2011               09:20 AM    "
"AA-466-IAH-MIA2011-12-24","ActualArrivalTime","December 24, 2011               09:19 AM    "
"AA-466-IAH-MIA2011-12-24","ArrivalGate"," D17    "
"AA-2312-DFW-DTW2011-12-24","ExpectedDepartureTime","December 24, 2011               07:55 PM    "
"AA-2312-DFW-DTW2011-12-24","ActualDepartureTime","December 24, 2011     "
"AA-2312-DFW-DTW2011-12-24","DepartureGate"," C27"
"AA-2312-DFW-DTW2011-12-24","ExpectedArrivalTime","December 24, 2011               11:20 PM    "
"AA-2312-DFW-DTW2011-12-24","ActualArrivalTime","December 24, 2011     "
"AA-2312-DFW-DTW2011-12-24","ArrivalGate"," D32    "
"AA-404-MIA-MCO2011-12-24","ExpectedDepartureTime","December 24, 2011               06:45 AM    "
"AA-404-MIA-MCO2011-12-24","ActualDepartureTime","December 24, 2011               06:41 AM    "
"AA-404-MIA-MCO2011-12-24","DepartureGate"," D34"
"AA-404-MIA-MCO2011-12-24","ExpectedArrivalTime","December 24, 2011               07:45 AM    "
"AA-404-MIA-MCO2011-12-24","ActualArrivalTime","December 24, 2011               07:46 AM    "
"AA-404-MIA-MCO2011-12-24","ArrivalGate"," 15    "
"AA-85-JFK-SFO2011-12-24","ExpectedDepartureTime","December 24, 2011               03:05 PM    "
"AA-85-JFK-SFO2011-12-24","ActualDepartureTime","December 24, 2011               03:06 PM    "
"AA-85-JFK-SFO2011-12-24","DepartureGate"," 12"
"AA-85-JFK-SFO2011-12-24","ExpectedArrivalTime","December 24, 2011               06:30 PM    "
"AA-85-JFK-SFO2011-12-24","ActualArrivalTime","December 24, 2011               06:29 PM    "
"AA-85-JFK-SFO2011-12-24","ArrivalGate"," 57    "
"AA-3-JFK-LAX2011-12-24","ExpectedDepartureTime","December 24, 2011               12:00 PM    "
"AA-3-JFK-LAX2011-12-24","ActualDepartureTime","December 24, 2011               11:53 AM    "
"AA-3-JFK-LAX2011-12-24","DepartureGate"," 46"
"AA-3-JFK-LAX2011-12-24","ExpectedArrivalTime","December 24, 2011               03:15 PM    "
"AA-3-JFK-LAX2011-12-24","ActualArrivalTime","December 24, 2011               02:29 PM    "
"AA-3-JFK-LAX2011-12-24","ArrivalGate"," 47B    "
"AA-2268-PHX-ORD2011-12-24","ExpectedDepartureTime","December 24, 2011               07:15 AM    "
"AA-2268-PHX-ORD2011-12-24","ActualDepartureTime","December 24, 2011               07:10 AM    "
"AA-2268-PHX-ORD2011-12-24","DepartureGate"," 6"
"AA-2268-PHX-ORD2011-12-24","ExpectedArrivalTime","December 24, 2011               11:35 AM    "
"AA-2268-PHX-ORD2011-12-24","ActualArrivalTime","December 24, 2011               11:08 AM    "
"AA-2268-PHX-ORD2011-12-24","ArrivalGate"," K9    "
"AA-1007-MIA-PHX2011-12-24","ExpectedDepartureTime","December 24, 2011               04:55 PM    "
"AA-1007-MIA-PHX2011-12-24","ActualDepartureTime","December 24, 2011               04:52 PM    "
"AA-1007-MIA-PHX2011-12-24","DepartureGate"," D37"
"AA-1007-MIA-PHX2011-12-24","ExpectedArrivalTime","December 24, 2011               08:05 PM    "
"AA-1007-MIA-PHX2011-12-24","ActualArrivalTime","December 24, 2011               07:37 PM    "
"AA-1007-MIA-PHX2011-12-24","ArrivalGate"," 6    "
"AA-4344-ORD-DTW2011-12-24","ExpectedDepartureTime","December 24, 2011               11:45 AM    "
"AA-4344-ORD-DTW2011-12-24","ActualDepartureTime","December 24, 2011               11:38 AM    "
"AA-4344-ORD-DTW2011-12-24","DepartureGate"," G3"
"AA-4344-ORD-DTW2011-12-24","ExpectedArrivalTime","December 24, 2011               02:00 PM    "
"AA-4344-ORD-DTW2011-12-24","ActualArrivalTime","December 24, 2011               01:42 PM    "
"AA-4344-ORD-DTW2011-12-24","ArrivalGate"," D30    "
"AA-484-DFW-MIA2011-12-24","ExpectedDepartureTime","December 24, 2011               04:15 PM    "
"AA-484-DFW-MIA2011-12-24","ActualDepartureTime","December 24, 2011               04:11 PM    "
"AA-484-DFW-MIA2011-12-24","DepartureGate"," D29"
"AA-484-DFW-MIA2011-12-24","ExpectedArrivalTime","December 24, 2011               07:55 PM    "
"AA-484-DFW-MIA2011-12-24","ActualArrivalTime","December 24, 2011               07:46 PM    "
"AA-484-DFW-MIA2011-12-24","ArrivalGate"," D44    "
"AA-3979-CVG-ORD2011-12-24","ExpectedDepartureTime","December 24, 2011               07:30 AM    "
"AA-3979-CVG-ORD2011-12-24","ActualDepartureTime","December 24, 2011               07:22 AM    "
"AA-3979-CVG-ORD2011-12-24","DepartureGate"," 3"
"AA-3979-CVG-ORD2011-12-24","ExpectedArrivalTime","December 24, 2011               08:00 AM    "
"AA-3979-CVG-ORD2011-12-24","ActualArrivalTime","December 24, 2011               07:53 AM    "
"AA-3979-CVG-ORD2011-12-24","ArrivalGate"," G1B    "
"AA-3063-SLC-LAX2011-12-24","ExpectedDepartureTime","December 24, 2011               08:20 PM    "
"AA-3063-SLC-LAX2011-12-24","ActualDepartureTime","December 24, 2011               08:50 PM    "
"AA-3063-SLC-LAX2011-12-24","DepartureGate"," A3"
"AA-3063-SLC-LAX2011-12-24","ExpectedArrivalTime","December 24, 2011               09:20 PM    "
"AA-3063-SLC-LAX2011-12-24","ActualArrivalTime","December 24, 2011     "
"AA-3063-SLC-LAX2011-12-24","ArrivalGate"," 44E    "
"AA-3859-IAH-ORD2011-12-24","ExpectedDepartureTime","December 24, 2011               07:10 AM    "
"AA-3859-IAH-ORD2011-12-24","ActualDepartureTime","December 24, 2011               07:03 AM    "
"AA-3859-IAH-ORD2011-12-24","DepartureGate"," A29"
"AA-3859-IAH-ORD2011-12-24","ExpectedArrivalTime","December 24, 2011               09:40 AM    "
"AA-3859-IAH-ORD2011-12-24","ActualArrivalTime","December 24, 2011               09:16 AM    "
"AA-3859-IAH-ORD2011-12-24","ArrivalGate"," G8    "
"AA-3842-MSP-ORD2011-12-24","ExpectedDepartureTime","December 24, 2011               06:00 AM    "
"AA-3842-MSP-ORD2011-12-24","ActualDepartureTime","December 24, 2011               05:56 AM    "
"AA-3842-MSP-ORD2011-12-24","DepartureGate"," E14"
"AA-3842-MSP-ORD2011-12-24","ExpectedArrivalTime","December 24, 2011               07:30 AM    "
"AA-3842-MSP-ORD2011-12-24","ActualArrivalTime","December 24, 2011               07:13 AM    "
"AA-3842-MSP-ORD2011-12-24","ArrivalGate"," H4    "
"AA-271-MIA-LAX2011-12-24","ExpectedDepartureTime","December 24, 2011               11:35 AM    "
"AA-271-MIA-LAX2011-12-24","ActualDepartureTime","December 24, 2011               11:34 AM    "
"AA-271-MIA-LAX2011-12-24","DepartureGate"," D6"
"AA-271-MIA-LAX2011-12-24","ExpectedArrivalTime","December 24, 2011               02:25 PM    "
"AA-271-MIA-LAX2011-12-24","ActualArrivalTime","December 24, 2011               01:47 PM    "
"AA-271-MIA-LAX2011-12-24","ArrivalGate"," 48A    "
"AA-643-MIA-ORD2011-12-24","ExpectedDepartureTime","December 24, 2011               07:10 AM    "
"AA-643-MIA-ORD2011-12-24","ActualDepartureTime","December 24, 2011               07:20 AM    "
"AA-643-MIA-ORD2011-12-24","DepartureGate"," D44"
"AA-643-MIA-ORD2011-12-24","ExpectedArrivalTime","December 24, 2011               09:35 AM    "
"AA-643-MIA-ORD2011-12-24","ActualArrivalTime","December 24, 2011               09:25 AM    "
"AA-643-MIA-ORD2011-12-24","ArrivalGate"," K13    "
"AA-4198-ORD-CLE2011-12-24","ExpectedDepartureTime","December 24, 2011               10:40 AM    "
"AA-4198-ORD-CLE2011-12-24","ActualDepartureTime","December 24, 2011               10:35 AM    "
"AA-4198-ORD-CLE2011-12-24","DepartureGate"," H4"
"AA-4198-ORD-CLE2011-12-24","ExpectedArrivalTime","December 24, 2011               12:55 PM    "
"AA-4198-ORD-CLE2011-12-24","ActualArrivalTime","December 24, 2011               12:41 PM    "
"AA-4198-ORD-CLE2011-12-24","ArrivalGate"," A1    "
"AA-400-DFW-JFK2011-12-24","ExpectedDepartureTime","December 24, 2011               10:40 AM    "
"AA-400-DFW-JFK2011-12-24","ActualDepartureTime","December 24, 2011               10:38 AM    "
"AA-400-DFW-JFK2011-12-24","DepartureGate"," C28"
"AA-400-DFW-JFK2011-12-24","ExpectedArrivalTime","December 24, 2011               02:59 PM    "
"AA-400-DFW-JFK2011-12-24","ActualArrivalTime","December 24, 2011               02:30 PM    "
"AA-400-DFW-JFK2011-12-24","ArrivalGate"," 35    "
"AA-1886-BOS-MIA2011-12-24","ExpectedDepartureTime","December 24, 2011               10:45 AM    "
"AA-1886-BOS-MIA2011-12-24","ActualDepartureTime","December 24, 2011               10:38 AM    "
"AA-1886-BOS-MIA2011-12-24","DepartureGate"," B33"
"AA-1886-BOS-MIA2011-12-24","ExpectedArrivalTime","December 24, 2011               02:20 PM    "
"AA-1886-BOS-MIA2011-12-24","ActualArrivalTime","December 24, 2011               02:04 PM    "
"AA-1886-BOS-MIA2011-12-24","ArrivalGate"," D20    "
"AA-1917-JFK-MCO2011-12-24","ExpectedDepartureTime","December 24, 2011               02:55 PM    "
"AA-1917-JFK-MCO2011-12-24","ActualDepartureTime","December 24, 2011               02:55 PM    "
"AA-1917-JFK-MCO2011-12-24","DepartureGate"," 1"
"AA-1917-JFK-MCO2011-12-24","ExpectedArrivalTime","December 24, 2011               05:55 PM    "
"AA-1917-JFK-MCO2011-12-24","ActualArrivalTime","December 24, 2011               06:04 PM    "
"AA-1917-JFK-MCO2011-12-24","ArrivalGate"," 16    "
"AA-1544-SAN-ORD2011-12-24","ExpectedDepartureTime","December 24, 2011               11:25 AM    "
"AA-1544-SAN-ORD2011-12-24","ActualDepartureTime","December 24, 2011               11:19 AM    "
"AA-1544-SAN-ORD2011-12-24","DepartureGate"," 27"
"AA-1544-SAN-ORD2011-12-24","ExpectedArrivalTime","December 24, 2011               05:25 PM    "
"AA-1544-SAN-ORD2011-12-24","ActualArrivalTime","December 24, 2011               05:16 PM    "
"AA-1544-SAN-ORD2011-12-24","ArrivalGate"," H6    "
"AA-649-ORD-SNA2011-12-24","ExpectedDepartureTime","December 24, 2011               01:30 PM    "
"AA-649-ORD-SNA2011-12-24","ActualDepartureTime","December 24, 2011     "
"AA-649-ORD-SNA2011-12-24","DepartureGate"," H6"
"AA-649-ORD-SNA2011-12-24","ExpectedArrivalTime","December 24, 2011               03:50 PM    "
"AA-649-ORD-SNA2011-12-24","ActualArrivalTime","December 24, 2011     "
"AA-649-ORD-SNA2011-12-24","ArrivalGate"," 7    "
"AA-3809-PHX-LAX2011-12-24","ExpectedDepartureTime","December 24, 2011               06:00 AM    "
"AA-3809-PHX-LAX2011-12-24","ActualDepartureTime","December 24, 2011               05:55 AM    "
"AA-3809-PHX-LAX2011-12-24","DepartureGate"," 2"
"AA-3809-PHX-LAX2011-12-24","ExpectedArrivalTime","December 24, 2011               06:40 AM    "
"AA-3809-PHX-LAX2011-12-24","ActualArrivalTime","December 24, 2011               06:23 AM    "
"AA-3809-PHX-LAX2011-12-24","ArrivalGate"," 44I    "
"AA-2957-DFW-CVG2011-12-24","ExpectedDepartureTime","December 24, 2011               07:55 AM    "
"AA-2957-DFW-CVG2011-12-24","ActualDepartureTime","December 24, 2011               07:49 AM    "
"AA-2957-DFW-CVG2011-12-24","DepartureGate"," B13"
"AA-2957-DFW-CVG2011-12-24","ExpectedArrivalTime","December 24, 2011               11:05 AM    "
"AA-2957-DFW-CVG2011-12-24","ActualArrivalTime","December 24, 2011               10:51 AM    "
"AA-2957-DFW-CVG2011-12-24","ArrivalGate"," 3    "
"UA-1500-IAH-GUA2011-12-24","ExpectedDepartureTime","Sat, Dec 24 8:50 AM"
"UA-1500-IAH-GUA2011-12-24","ActualDepartureTime","Sat, Dec 24 8:56 AM            Delayed"
"UA-1500-IAH-GUA2011-12-24","DepartureGate","E16"
"UA-1500-IAH-GUA2011-12-24","ExpectedArrivalTime","Sat, Dec 24 11:43 AM"
"UA-1500-IAH-GUA2011-12-24","ActualArrivalTime","Sat, Dec 24 11:49 AM"
"UA-3515-IAD-MSP2011-12-24","ExpectedDepartureTime","Sat, Dec 24 8:15 AM"
"UA-3515-IAD-MSP2011-12-24","ActualDepartureTime","Sat, Dec 24 8:12 AM"
"UA-3515-IAD-MSP2011-12-24","DepartureGate","D18"
"UA-3515-IAD-MSP2011-12-24","ExpectedArrivalTime","Sat, Dec 24 10:05 AM"
"UA-3515-IAD-MSP2011-12-24","ActualArrivalTime","Sat, Dec 24 10:10 AM"
"UA-3515-IAD-MSP2011-12-24","ArrivalGate","E6"
"UA-414-LAX-SFO2011-12-24","ExpectedDepartureTime","Sat, Dec 24 6:00 AM"
"UA-414-LAX-SFO2011-12-24","ActualDepartureTime","Sat, Dec 24 5:56 AM"
"UA-414-LAX-SFO2011-12-24","DepartureGate","73"
"UA-414-LAX-SFO2011-12-24","ExpectedArrivalTime","Sat, Dec 24 7:26 AM"
"UA-414-LAX-SFO2011-12-24","ActualArrivalTime","Sat, Dec 24 7:19 AM"
"UA-414-LAX-SFO2011-12-24","ArrivalGate","73"
"UA-257-JFK-SFO2011-12-24","ExpectedDepartureTime","Sat, Dec 24 2:30 PM"
"UA-257-JFK-SFO2011-12-24","ActualDepartureTime","Sat, Dec 24 3:18 PM"
"UA-257-JFK-SFO2011-12-24","DepartureGate","8"
"UA-257-JFK-SFO2011-12-24","ExpectedArrivalTime","Sat, Dec 24 6:14 PM"
"UA-257-JFK-SFO2011-12-24","ActualArrivalTime","Sat, Dec 24 6:35 PM"
"UA-257-JFK-SFO2011-12-24","ArrivalGate","80"
"UA-62-IAH-EWR2011-12-24","ExpectedDepartureTime","Sat, Dec 24 2:30 PM"
"UA-62-IAH-EWR2011-12-24","ActualDepartureTime","Sat, Dec 24 2:33 PM"
"UA-62-IAH-EWR2011-12-24","DepartureGate","C-40"
"UA-62-IAH-EWR2011-12-24","ExpectedArrivalTime","Sat, Dec 24 6:52 PM"
"UA-62-IAH-EWR2011-12-24","ActualArrivalTime","Sat, Dec 24 6:26 PM"
"UA-62-IAH-EWR2011-12-24","ArrivalGate","C94"
"UA-843-LAX-ORD2011-12-24","ExpectedDepartureTime","Sat, Dec 24 2:18 PM"
"UA-843-LAX-ORD2011-12-24","ActualDepartureTime","Sat, Dec 24 2:19 PM"
"UA-843-LAX-ORD2011-12-24","DepartureGate","75A"
"UA-843-LAX-ORD2011-12-24","ExpectedArrivalTime","Sat, Dec 24 8:20 PM"
"UA-843-LAX-ORD2011-12-24","ActualArrivalTime","Sat, Dec 24 8:19 PM"
"UA-843-LAX-ORD2011-12-24","ArrivalGate","C15"
"UA-397-JFK-SFO2011-12-24","ExpectedDepartureTime","Sat, Dec 24 8:25 AM"
"UA-397-JFK-SFO2011-12-24","ActualDepartureTime","Sat, Dec 24 8:30 AM"
"UA-397-JFK-SFO2011-12-24","DepartureGate","9"
"UA-397-JFK-SFO2011-12-24","ExpectedArrivalTime","Sat, Dec 24 12:14 PM"
"UA-397-JFK-SFO2011-12-24","ActualArrivalTime","Sat, Dec 24 11:23 AM"
"UA-397-JFK-SFO2011-12-24","ArrivalGate","82"
"UA-2704-DTW-PHX2011-12-24","ExpectedDepartureTime","Sat, Dec 24 11:15 AM"
"UA-2704-DTW-PHX2011-12-24","ActualDepartureTime","Sat, Dec 24 11:34 AM"
"UA-2704-DTW-PHX2011-12-24","DepartureGate","D25"
"UA-2704-DTW-PHX2011-12-24","ExpectedArrivalTime","Sat, Dec 24 1:40 PM"
"UA-2704-DTW-PHX2011-12-24","ActualArrivalTime","Sat, Dec 24 1:32 PM"
"UA-2704-DTW-PHX2011-12-24","ArrivalGate","A27"
"UA-3373-IAD-PHL2011-12-24","ExpectedDepartureTime","Sat, Dec 24 8:30 AM"
"UA-3373-IAD-PHL2011-12-24","ActualDepartureTime","Sat, Dec 24 8:29 AM"
"UA-3373-IAD-PHL2011-12-24","DepartureGate","C26"
"UA-3373-IAD-PHL2011-12-24","ExpectedArrivalTime","Sat, Dec 24 9:25 AM"
"UA-3373-IAD-PHL2011-12-24","ActualArrivalTime","Sat, Dec 24 9:37 AM"
"UA-3373-IAD-PHL2011-12-24","ArrivalGate","D7"
"UA-2906-PHL-MCO2011-12-24","ExpectedDepartureTime","Sat, Dec 24 3:50 PM"
"UA-2906-PHL-MCO2011-12-24","ActualDepartureTime","Sat, Dec 24 4:49 PM            Delayed"
"UA-2906-PHL-MCO2011-12-24","DepartureGate","C20"
"UA-2906-PHL-MCO2011-12-24","ExpectedArrivalTime","Sat, Dec 24 6:23 PM"
"UA-2906-PHL-MCO2011-12-24","ActualArrivalTime","Sat, Dec 24 7:23 PM"
"UA-2906-PHL-MCO2011-12-24","ArrivalGate","58"
"UA-938-DEN-ORD2011-12-24","ExpectedDepartureTime","Sat, Dec 24 4:00 PM"
"UA-938-DEN-ORD2011-12-24","ActualDepartureTime","Sat, Dec 24 4:09 PM"
"UA-938-DEN-ORD2011-12-24","DepartureGate","B42"
"UA-938-DEN-ORD2011-12-24","ExpectedArrivalTime","Sat, Dec 24 7:23 PM"
"UA-938-DEN-ORD2011-12-24","ActualArrivalTime","Sat, Dec 24 7:13 PM"
"UA-938-DEN-ORD2011-12-24","ArrivalGate","C11"
"UA-3099-PHX-PHL2011-12-24","ExpectedDepartureTime","Sat, Dec 24 11:55 AM"
"UA-3099-PHX-PHL2011-12-24","ActualDepartureTime","Sat, Dec 24 11:55 AM"
"UA-3099-PHX-PHL2011-12-24","DepartureGate","A24"
"UA-3099-PHX-PHL2011-12-24","ExpectedArrivalTime","Sat, Dec 24 6:17 PM"
"UA-3099-PHX-PHL2011-12-24","ActualArrivalTime","Sat, Dec 24 5:58 PM"
"UA-3099-PHX-PHL2011-12-24","ArrivalGate","C23"
"UA-3925-IAD-ORF2011-12-24","ExpectedDepartureTime","Sat, Dec 24 8:42 AM"
"UA-3925-IAD-ORF2011-12-24","ActualDepartureTime","Sat, Dec 24 8:38 AM"
"UA-3925-IAD-ORF2011-12-24","DepartureGate","A2G"
"UA-3925-IAD-ORF2011-12-24","ExpectedArrivalTime","Sat, Dec 24 9:55 AM"
"UA-3925-IAD-ORF2011-12-24","ActualArrivalTime","Sat, Dec 24 9:34 AM"
"UA-5487-SFO-MRY2011-12-24","ExpectedDepartureTime","Sat, Dec 24 10:35 AM"
"UA-5487-SFO-MRY2011-12-24","ActualDepartureTime","Sat, Dec 24 10:34 AM"
"UA-5487-SFO-MRY2011-12-24","DepartureGate","87A"
"UA-5487-SFO-MRY2011-12-24","ExpectedArrivalTime","Sat, Dec 24 11:22 AM"
"UA-5487-SFO-MRY2011-12-24","ActualArrivalTime","Sat, Dec 24 11:16 AM"
"UA-3050-PHX-CLT2011-12-24","ExpectedDepartureTime","Sat, Dec 24 11:05 AM"
"UA-3050-PHX-CLT2011-12-24","ActualDepartureTime","Sat, Dec 24 11:05 AM"
"UA-3050-PHX-CLT2011-12-24","DepartureGate","A11"
"UA-3050-PHX-CLT2011-12-24","ExpectedArrivalTime","Sat, Dec 24 4:57 PM"
"UA-3050-PHX-CLT2011-12-24","ActualArrivalTime","Sat, Dec 24 4:47 PM"
"UA-3050-PHX-CLT2011-12-24","ArrivalGate","B3"
"UA-2830-MCO-CLT2011-12-24","ExpectedDepartureTime","Sat, Dec 24 3:27 PM"
"UA-2830-MCO-CLT2011-12-24","ActualDepartureTime","Sat, Dec 24 3:27 PM"
"UA-2830-MCO-CLT2011-12-24","DepartureGate","58"
"UA-2830-MCO-CLT2011-12-24","ExpectedArrivalTime","Sat, Dec 24 5:05 PM"
"UA-2830-MCO-CLT2011-12-24","ActualArrivalTime","Sat, Dec 24 4:49 PM"
"UA-2830-MCO-CLT2011-12-24","ArrivalGate","B12"
"UA-37-EWR-MCO2011-12-24","ExpectedDepartureTime","Sat, Dec 24 1:29 PM"
"UA-37-EWR-MCO2011-12-24","ActualDepartureTime","Sat, Dec 24 1:37 PM            Delayed"
"UA-37-EWR-MCO2011-12-24","DepartureGate","C123"
"UA-37-EWR-MCO2011-12-24","ExpectedArrivalTime","Sat, Dec 24 4:25 PM"
"UA-37-EWR-MCO2011-12-24","ActualArrivalTime","Sat, Dec 24 4:20 PM"
"UA-37-EWR-MCO2011-12-24","ArrivalGate","39"
"UA-37-EDI-EWR2011-12-24","ExpectedDepartureTime","Sat, Dec 24 9:05 AM"
"UA-37-EDI-EWR2011-12-24","ActualDepartureTime","Sat, Dec 24 9:47 AM"
"UA-37-EDI-EWR2011-12-24","ExpectedArrivalTime","Sat, Dec 24 11:53 AM"
"UA-37-EDI-EWR2011-12-24","ActualArrivalTime","Sat, Dec 24 12:36 PM"
"UA-37-EDI-EWR2011-12-24","ArrivalGate","B61"
"UA-2708-EWR-CLT2011-12-24","ExpectedDepartureTime","Sat, Dec 24 2:55 PM"
"UA-2708-EWR-CLT2011-12-24","ActualDepartureTime","Sat, Dec 24 2:55 PM"
"UA-2708-EWR-CLT2011-12-24","DepartureGate","A37"
"UA-2708-EWR-CLT2011-12-24","ExpectedArrivalTime","Sat, Dec 24 4:53 PM"
"UA-2708-EWR-CLT2011-12-24","ActualArrivalTime","Sat, Dec 24 4:44 PM"
"UA-2708-EWR-CLT2011-12-24","ArrivalGate","B4"
"UA-2726-FLL-PHL2011-12-24","ExpectedDepartureTime","Sat, Dec 24 4:00 PM"
"UA-2726-FLL-PHL2011-12-24","ActualDepartureTime","Sat, Dec 24 4:00 PM"
"UA-2726-FLL-PHL2011-12-24","DepartureGate","E3"
"UA-2726-FLL-PHL2011-12-24","ExpectedArrivalTime","Sat, Dec 24 6:46 PM"
"UA-2726-FLL-PHL2011-12-24","ActualArrivalTime","Sat, Dec 24 6:23 PM"
"UA-2726-FLL-PHL2011-12-24","ArrivalGate","A26"
"UA-2945-PHL-CLT2011-12-24","ExpectedDepartureTime","Sat, Dec 24 12:00 AM"
"UA-2945-PHL-CLT2011-12-24","ActualDepartureTime","Sat, Dec 24 6:11 AM"
"UA-2945-PHL-CLT2011-12-24","DepartureGate","A18"
"UA-2945-PHL-CLT2011-12-24","ExpectedArrivalTime","Sat, Dec 24 1:45 PM"
"UA-2945-PHL-CLT2011-12-24","ActualArrivalTime","Sat, Dec 24 1:39 PM"
"UA-2945-PHL-CLT2011-12-24","ArrivalGate","C18"
"UA-6273-YYC-SFO2011-12-24","ExpectedDepartureTime","Sat, Dec 24 7:45 AM"
"UA-6273-YYC-SFO2011-12-24","ActualDepartureTime","Sat, Dec 24 7:44 AM"
"UA-6273-YYC-SFO2011-12-24","ExpectedArrivalTime","Sat, Dec 24 9:53 AM"
"UA-6273-YYC-SFO2011-12-24","ActualArrivalTime","Sat, Dec 24 9:37 AM"
"UA-6273-YYC-SFO2011-12-24","ArrivalGate","69"
"UA-2314-ATL-PHL2011-12-24","ExpectedDepartureTime","Sat, Dec 24 2:55 PM"
"UA-2314-ATL-PHL2011-12-24","ActualDepartureTime","Sat, Dec 24 2:55 PM"
"UA-2314-ATL-PHL2011-12-24","DepartureGate","D23"
"UA-2314-ATL-PHL2011-12-24","ExpectedArrivalTime","Sat, Dec 24 5:00 PM"
"UA-2314-ATL-PHL2011-12-24","ActualArrivalTime","Sat, Dec 24 4:45 PM"
"UA-2314-ATL-PHL2011-12-24","ArrivalGate","C29"
"UA-382-IAD-LAX2011-12-24","ExpectedDepartureTime","Sat, Dec 24 12:20 PM"
"UA-382-IAD-LAX2011-12-24","ActualDepartureTime","Sat, Dec 24 12:16 PM            On Time"
"UA-382-IAD-LAX2011-12-24","DepartureGate","D3"
"UA-382-IAD-LAX2011-12-24","ExpectedArrivalTime","Sat, Dec 24 3:12 PM"
"UA-382-IAD-LAX2011-12-24","ActualArrivalTime","Sat, Dec 24 2:32 PM"
"UA-382-IAD-LAX2011-12-24","ArrivalGate","70A"
"UA-382-IAD-LAX2011-12-24","ExpectedDepartureTime","Sat, Dec 24 12:20 PM"
"UA-382-IAD-LAX2011-12-24","ActualDepartureTime","Sat, Dec 24 12:16 PM            On Time"
"UA-382-IAD-LAX2011-12-24","DepartureGate","D3"
"UA-382-IAD-LAX2011-12-24","ExpectedArrivalTime","Sat, Dec 24 3:12 PM"
"UA-382-IAD-LAX2011-12-24","ActualArrivalTime","Sat, Dec 24 2:15 PM"
"UA-382-IAD-LAX2011-12-24","ArrivalGate","70A"
"UA-858-PVG-SFO2011-12-24","ExpectedDepartureTime","Sat, Dec 24 1:45 PM"
"UA-858-PVG-SFO2011-12-24","ActualDepartureTime","Sat, Dec 24 1:38 PM"
"UA-858-PVG-SFO2011-12-24","DepartureGate","73"
"UA-858-PVG-SFO2011-12-24","ExpectedArrivalTime","Sat, Dec 24 8:27 AM"
"UA-858-PVG-SFO2011-12-24","ActualArrivalTime","Sat, Dec 24 7:58 AM"
"UA-858-PVG-SFO2011-12-24","ArrivalGate","97"
"UA-854-SFO-IAH2011-12-24","ExpectedDepartureTime","Sat, Dec 24 7:35 AM"
"UA-854-SFO-IAH2011-12-24","ActualDepartureTime","Sat, Dec 24 7:36 AM"
"UA-854-SFO-IAH2011-12-24","DepartureGate","100"
"UA-854-SFO-IAH2011-12-24","ExpectedArrivalTime","Sat, Dec 24 1:30 PM"
"UA-854-SFO-IAH2011-12-24","ActualArrivalTime","Sat, Dec 24 1:21 PM"
"UA-854-SFO-IAH2011-12-24","ArrivalGate","C16"
"CO-1586-IAH-MCO2011-12-24","ExpectedDepartureTime","Sat., Dec.24, 2011 7:00 p.m."
"CO-1586-IAH-MCO2011-12-24","ActualDepartureTime","Sat., Dec.24, 2011 7:27 p.m."
"CO-1586-IAH-MCO2011-12-24","ExpectedArrivalTime","Sat., Dec.24, 2011 10:15 p.m."
"CO-1586-IAH-MCO2011-12-24","ActualArrivalTime","Sat., Dec.24, 2011 10:29 p.m."
"CO-1088-CLE-IAH2011-12-24","ExpectedDepartureTime","Sat., Dec.24, 2011 8:35 a.m."
"CO-1088-CLE-IAH2011-12-24","ActualDepartureTime","Sat., Dec.24, 2011 8:40 a.m."
"CO-1088-CLE-IAH2011-12-24","ExpectedArrivalTime","Sat., Dec.24, 2011 10:48 a.m."
"CO-1088-CLE-IAH2011-12-24","ActualArrivalTime","Sat., Dec.24, 2011 11:04 a.m."
"CO-16-LAX-EWR2011-12-24","ExpectedDepartureTime","Sat., Dec.24, 2011 10:25 a.m."
"CO-16-LAX-EWR2011-12-24","ActualDepartureTime","Sat., Dec.24, 2011 10:27 a.m."
"CO-16-LAX-EWR2011-12-24","ExpectedArrivalTime","Sat., Dec.24, 2011 6:39 p.m."
"CO-16-LAX-EWR2011-12-24","ActualArrivalTime","Sat., Dec.24, 2011 6:34 p.m."
"CO-58-DEN-IAH2011-12-24","ExpectedDepartureTime","Sat., Dec.24, 2011 11:33 a.m."
"CO-58-DEN-IAH2011-12-24","ActualDepartureTime","Sat., Dec.24, 2011 11:40 a.m."
"CO-58-DEN-IAH2011-12-24","ExpectedArrivalTime","Sat., Dec.24, 2011 2:59 p.m."
"CO-58-DEN-IAH2011-12-24","ActualArrivalTime","Sat., Dec.24, 2011 3:00 p.m."
"CO-1023-IAH-DEN2011-12-24","ExpectedDepartureTime","Sat., Dec.24, 2011 11:31 a.m."
"CO-1023-IAH-DEN2011-12-24","ActualDepartureTime","Sat., Dec.24, 2011 11:43 a.m."
"CO-1023-IAH-DEN2011-12-24","ExpectedArrivalTime","Sat., Dec.24, 2011 1:14 p.m."
"CO-1023-IAH-DEN2011-12-24","ActualArrivalTime","Sat., Dec.24, 2011 12:57 p.m."
"CO-1250-MIA-IAH2011-12-24","ExpectedDepartureTime","Sat., Dec.24, 2011 2:45 p.m."
"CO-1250-MIA-IAH2011-12-24","ActualDepartureTime","Sat., Dec.24, 2011 2:53 p.m."
"CO-1250-MIA-IAH2011-12-24","ExpectedArrivalTime","Sat., Dec.24, 2011 4:43 p.m."
"CO-1250-MIA-IAH2011-12-24","ActualArrivalTime","Sat., Dec.24, 2011 4:47 p.m."
"CO-62-IAH-EWR2011-12-24","ExpectedDepartureTime","Sat., Dec.24, 2011 2:30 p.m."
"CO-62-IAH-EWR2011-12-24","ActualDepartureTime","Sat., Dec.24, 2011 2:33 p.m."
"CO-62-IAH-EWR2011-12-24","ExpectedArrivalTime","Sat., Dec.24, 2011 6:52 p.m."
"CO-62-IAH-EWR2011-12-24","ActualArrivalTime","Sat., Dec.24, 2011 6:26 p.m."
"CO-52-IAH-LAX2011-12-24","ExpectedDepartureTime","Sat., Dec.24, 2011 7:35 a.m."
"CO-52-IAH-LAX2011-12-24","ActualDepartureTime","Sat., Dec.24, 2011 7:38 a.m."
"CO-52-IAH-LAX2011-12-24","ExpectedArrivalTime","Sat., Dec.24, 2011 9:30 a.m."
"CO-52-IAH-LAX2011-12-24","ActualArrivalTime","Sat., Dec.24, 2011 9:11 a.m."
"CO-1614-LAX-IAH2011-12-24","ExpectedDepartureTime","Sat., Dec.24, 2011 12:30 a.m."
"CO-1614-LAX-IAH2011-12-24","ActualDepartureTime","Sat., Dec.24, 2011 12:34 a.m."
"CO-1614-LAX-IAH2011-12-24","ExpectedArrivalTime","Sat., Dec.24, 2011 5:36 a.m."
"CO-1614-LAX-IAH2011-12-24","ActualArrivalTime","Sat., Dec.24, 2011 5:34 a.m."
"CO-89-IAH-EWR2011-12-24","ExpectedDepartureTime","Sat., Dec.24, 2011 6:00 a.m."
"CO-89-IAH-EWR2011-12-24","ActualDepartureTime","Sat., Dec.24, 2011 5:58 a.m."
"CO-89-IAH-EWR2011-12-24","ExpectedArrivalTime","Sat., Dec.24, 2011 10:20 a.m."
"CO-89-IAH-EWR2011-12-24","ActualArrivalTime","Sat., Dec.24, 2011 9:49 a.m."
"CO-1090-BOS-IAH2011-12-24","ExpectedDepartureTime","Sat., Dec.24, 2011 9:30 a.m."
"CO-1090-BOS-IAH2011-12-24","ActualDepartureTime","Sat., Dec.24, 2011 9:34 a.m."
"CO-1090-BOS-IAH2011-12-24","ExpectedArrivalTime","Sat., Dec.24, 2011 1:00 p.m."
"CO-1090-BOS-IAH2011-12-24","ActualArrivalTime","Sat., Dec.24, 2011 1:25 p.m."
"CO-45-EWR-MIA2011-12-24","ExpectedDepartureTime","Sat., Dec.24, 2011 3:50 p.m."
"CO-45-EWR-MIA2011-12-24","ActualDepartureTime","Sat., Dec.24, 2011 4:14 p.m."
"CO-45-EWR-MIA2011-12-24","ExpectedArrivalTime","Sat., Dec.24, 2011 6:57 p.m."
"CO-45-EWR-MIA2011-12-24","ActualArrivalTime","Sat., Dec.24, 2011 7:05 p.m."
"CO-63-EWR-IAH2011-12-24","ExpectedDepartureTime","Sat., Dec.24, 2011 5:25 p.m."
"CO-63-EWR-IAH2011-12-24","ActualDepartureTime","Sat., Dec.24, 2011 5:24 p.m."
"CO-63-EWR-IAH2011-12-24","ExpectedArrivalTime","Sat., Dec.24, 2011 8:30 p.m."
"CO-63-EWR-IAH2011-12-24","ActualArrivalTime","Sat., Dec.24, 2011 8:44 p.m."
"CO-1561-PHX-IAH2011-12-24","ExpectedDepartureTime","Sat., Dec.24, 2011 7:30 a.m."
"CO-1561-PHX-IAH2011-12-24","ActualDepartureTime","Sat., Dec.24, 2011 7:28 a.m."
"CO-1561-PHX-IAH2011-12-24","ExpectedArrivalTime","Sat., Dec.24, 2011 11:00 a.m."
"CO-1561-PHX-IAH2011-12-24","ActualArrivalTime","Sat., Dec.24, 2011 10:53 a.m."
