"ObjectID","PropertyID","PropertyValue"
"AA-1221-MCO-ORD2011-12-12","ExpectedDepartureTime","December 12, 2011               08:00 PM    "
"AA-1221-MCO-ORD2011-12-12","ActualDepartureTime","December 12, 2011               07:57 PM    "
"AA-1221-MCO-ORD2011-12-12","DepartureGate"," 15"
"AA-1221-MCO-ORD2011-12-12","ExpectedArrivalTime","December 12, 2011               09:50 PM    "
"AA-1221-MCO-ORD2011-12-12","ActualArrivalTime","December 12, 2011               09:48 PM    "
"AA-1221-MCO-ORD2011-12-12","ArrivalGate"," K1    "
"AA-4307-ORD-DTW2011-12-12","ExpectedDepartureTime","December 12, 2011               06:45 PM    "
"AA-4307-ORD-DTW2011-12-12","ActualDepartureTime","December 12, 2011               06:45 PM    "
"AA-4307-ORD-DTW2011-12-12","DepartureGate"," G17"
"AA-4307-ORD-DTW2011-12-12","ExpectedArrivalTime","December 12, 2011               09:10 PM    "
"AA-4307-ORD-DTW2011-12-12","ActualArrivalTime","December 12, 2011               09:05 PM    "
"AA-4307-ORD-DTW2011-12-12","ArrivalGate"," D28    "
"AA-616-DFW-DTW2011-12-12","ExpectedDepartureTime","December 12, 2011               09:05 AM    "
"AA-616-DFW-DTW2011-12-12","ActualDepartureTime","December 12, 2011               09:35 AM    "
"AA-616-DFW-DTW2011-12-12","DepartureGate"," C14"
"AA-616-DFW-DTW2011-12-12","ExpectedArrivalTime","December 12, 2011               12:35 PM    "
"AA-616-DFW-DTW2011-12-12","ActualArrivalTime","December 12, 2011               01:00 PM    "
"AA-616-DFW-DTW2011-12-12","ArrivalGate"," D32    "
"AA-431-MIA-SFO2011-12-12","ExpectedDepartureTime","December 12, 2011               08:35 AM    "
"AA-431-MIA-SFO2011-12-12","ActualDepartureTime","December 12, 2011               08:30 AM    "
"AA-431-MIA-SFO2011-12-12","DepartureGate"," D22"
"AA-431-MIA-SFO2011-12-12","ExpectedArrivalTime","December 12, 2011               11:50 AM    "
"AA-431-MIA-SFO2011-12-12","ActualArrivalTime","December 12, 2011               11:32 AM    "
"AA-431-MIA-SFO2011-12-12","ArrivalGate"," 57    "
"AA-3756-ORD-SLC2011-12-12","ExpectedDepartureTime","December 12, 2011               12:15 PM    "
"AA-3756-ORD-SLC2011-12-12","ActualDepartureTime","December 12, 2011               12:07 PM    "
"AA-3756-ORD-SLC2011-12-12","DepartureGate"," H3A"
"AA-3756-ORD-SLC2011-12-12","ExpectedArrivalTime","December 12, 2011               02:45 PM    "
"AA-3756-ORD-SLC2011-12-12","ActualArrivalTime","December 12, 2011               02:33 PM    "
"AA-3756-ORD-SLC2011-12-12","ArrivalGate"," A3    "
"AA-2050-ORD-MIA2011-12-12","ActualDepartureTime","December 12, 2011     "
"AA-2050-ORD-MIA2011-12-12","DepartureGate"," K9"
"AA-2050-ORD-MIA2011-12-12","ActualArrivalTime","December 12, 2011     "
"AA-2050-ORD-MIA2011-12-12","ArrivalGate"," D24    "
"AA-3804-PHL-ORD2011-12-12","ExpectedDepartureTime","December 12, 2011               02:35 PM    "
"AA-3804-PHL-ORD2011-12-12","ActualDepartureTime","December 12, 2011               02:30 PM    "
"AA-3804-PHL-ORD2011-12-12","DepartureGate"," A7"
"AA-3804-PHL-ORD2011-12-12","ExpectedArrivalTime","December 12, 2011               04:05 PM    "
"AA-3804-PHL-ORD2011-12-12","ActualArrivalTime","December 12, 2011               03:37 PM    "
"AA-3804-PHL-ORD2011-12-12","ArrivalGate"," G13    "
"AA-1664-MIA-ATL2011-12-12","ExpectedDepartureTime","December 12, 2011               10:15 AM    "
"AA-1664-MIA-ATL2011-12-12","ActualDepartureTime","December 12, 2011               10:24 AM    "
"AA-1664-MIA-ATL2011-12-12","DepartureGate"," D10"
"AA-1664-MIA-ATL2011-12-12","ExpectedArrivalTime","December 12, 2011               12:10 PM    "
"AA-1664-MIA-ATL2011-12-12","ActualArrivalTime","December 12, 2011               12:20 PM    "
"AA-1664-MIA-ATL2011-12-12","ArrivalGate"," T11    "
"AA-789-ORD-DEN2011-12-12","ExpectedDepartureTime","December 12, 2011               01:05 PM    "
"AA-789-ORD-DEN2011-12-12","ActualDepartureTime","December 12, 2011               01:03 PM    "
"AA-789-ORD-DEN2011-12-12","DepartureGate"," H10"
"AA-789-ORD-DEN2011-12-12","ExpectedArrivalTime","December 12, 2011               02:35 PM    "
"AA-789-ORD-DEN2011-12-12","ActualArrivalTime","December 12, 2011               02:31 PM    "
"AA-789-ORD-DEN2011-12-12","ArrivalGate"," A49    "
"AA-1733-ORD-PHX2011-12-12","ExpectedDepartureTime","December 12, 2011               07:45 PM    "
"AA-1733-ORD-PHX2011-12-12","ActualDepartureTime","December 12, 2011               07:46 PM    "
"AA-1733-ORD-PHX2011-12-12","DepartureGate"," K9"
"AA-1733-ORD-PHX2011-12-12","ExpectedArrivalTime","December 12, 2011               10:30 PM    "
"AA-1733-ORD-PHX2011-12-12","ActualArrivalTime","December 12, 2011     "
"AA-1733-ORD-PHX2011-12-12","ArrivalGate"," 6    "
"AA-1733-ORD-PHX2011-12-12","ExpectedDepartureTime","December 12, 2011               07:45 PM    "
"AA-1733-ORD-PHX2011-12-12","ActualDepartureTime","December 12, 2011               07:46 PM    "
"AA-1733-ORD-PHX2011-12-12","DepartureGate"," K9"
"AA-1733-ORD-PHX2011-12-12","ExpectedArrivalTime","December 12, 2011               10:30 PM    "
"AA-1733-ORD-PHX2011-12-12","ActualArrivalTime","December 12, 2011     "
"AA-1733-ORD-PHX2011-12-12","ArrivalGate"," 6    "
"AA-4277-CVG-JFK2011-12-12","ExpectedDepartureTime","December 12, 2011               12:10 PM    "
"AA-4277-CVG-JFK2011-12-12","ActualDepartureTime","December 12, 2011               12:05 PM    "
"AA-4277-CVG-JFK2011-12-12","DepartureGate"," 1"
"AA-4277-CVG-JFK2011-12-12","ExpectedArrivalTime","December 12, 2011               02:15 PM    "
"AA-4277-CVG-JFK2011-12-12","ActualArrivalTime","December 12, 2011               01:56 PM    "
"AA-4277-CVG-JFK2011-12-12","ArrivalGate"," 31D    "
"AA-2312-DFW-DTW2011-12-12","ExpectedDepartureTime","December 12, 2011               08:25 PM    "
"AA-2312-DFW-DTW2011-12-12","ActualDepartureTime","December 12, 2011     "
"AA-2312-DFW-DTW2011-12-12","DepartureGate"," C15"
"AA-2312-DFW-DTW2011-12-12","ExpectedArrivalTime","December 12, 2011               11:50 PM    "
"AA-2312-DFW-DTW2011-12-12","ActualArrivalTime","December 12, 2011     "
"AA-2312-DFW-DTW2011-12-12","ArrivalGate"," D32    "
"AA-85-JFK-SFO2011-12-12","ExpectedDepartureTime","December 12, 2011               03:05 PM    "
"AA-85-JFK-SFO2011-12-12","ActualDepartureTime","December 12, 2011               03:05 PM    "
"AA-85-JFK-SFO2011-12-12","DepartureGate"," 45"
"AA-85-JFK-SFO2011-12-12","ExpectedArrivalTime","December 12, 2011               06:30 PM    "
"AA-85-JFK-SFO2011-12-12","ActualArrivalTime","December 12, 2011               06:39 PM    "
"AA-85-JFK-SFO2011-12-12","ArrivalGate"," 58B    "
"AA-404-MIA-MCO2011-12-12","ExpectedDepartureTime","December 12, 2011               06:45 AM    "
"AA-404-MIA-MCO2011-12-12","ActualDepartureTime","December 12, 2011               06:52 AM    "
"AA-404-MIA-MCO2011-12-12","DepartureGate"," E5"
"AA-404-MIA-MCO2011-12-12","ExpectedArrivalTime","December 12, 2011               07:45 AM    "
"AA-404-MIA-MCO2011-12-12","ActualArrivalTime","December 12, 2011               07:49 AM    "
"AA-404-MIA-MCO2011-12-12","ArrivalGate"," 15    "
"AA-446-DFW-PHL2011-12-12","ExpectedDepartureTime","December 12, 2011               11:50 AM    "
"AA-446-DFW-PHL2011-12-12","ActualDepartureTime","December 12, 2011               11:50 AM    "
"AA-446-DFW-PHL2011-12-12","DepartureGate"," D20"
"AA-446-DFW-PHL2011-12-12","ExpectedArrivalTime","December 12, 2011               03:50 PM    "
"AA-446-DFW-PHL2011-12-12","ActualArrivalTime","December 12, 2011               03:49 PM    "
"AA-446-DFW-PHL2011-12-12","ArrivalGate"," A9    "
"AA-2268-PHX-ORD2011-12-12","ExpectedDepartureTime","December 12, 2011               07:15 AM    "
"AA-2268-PHX-ORD2011-12-12","ActualDepartureTime","December 12, 2011               07:11 AM    "
"AA-2268-PHX-ORD2011-12-12","DepartureGate"," 6"
"AA-2268-PHX-ORD2011-12-12","ExpectedArrivalTime","December 12, 2011               11:35 AM    "
"AA-2268-PHX-ORD2011-12-12","ActualArrivalTime","December 12, 2011               10:59 AM    "
"AA-2268-PHX-ORD2011-12-12","ArrivalGate"," H11A    "
"AA-4344-ORD-DTW2011-12-12","ExpectedDepartureTime","December 12, 2011               11:45 AM    "
"AA-4344-ORD-DTW2011-12-12","ActualDepartureTime","December 12, 2011               11:41 AM    "
"AA-4344-ORD-DTW2011-12-12","DepartureGate"," G16"
"AA-4344-ORD-DTW2011-12-12","ExpectedArrivalTime","December 12, 2011               02:00 PM    "
"AA-4344-ORD-DTW2011-12-12","ActualArrivalTime","December 12, 2011               01:45 PM    "
"AA-4344-ORD-DTW2011-12-12","ArrivalGate"," D28    "
"AA-484-DFW-MIA2011-12-12","ExpectedDepartureTime","December 12, 2011               04:15 PM    "
"AA-484-DFW-MIA2011-12-12","ActualDepartureTime","December 12, 2011               04:16 PM    "
"AA-484-DFW-MIA2011-12-12","DepartureGate"," D25"
"AA-484-DFW-MIA2011-12-12","ExpectedArrivalTime","December 12, 2011               07:55 PM    "
"AA-484-DFW-MIA2011-12-12","ActualArrivalTime","December 12, 2011               08:03 PM    "
"AA-484-DFW-MIA2011-12-12","ArrivalGate"," D5    "
"AA-3979-CVG-ORD2011-12-12","ExpectedDepartureTime","December 12, 2011               07:30 AM    "
"AA-3979-CVG-ORD2011-12-12","ActualDepartureTime","December 12, 2011               07:30 AM    "
"AA-3979-CVG-ORD2011-12-12","DepartureGate"," 3"
"AA-3979-CVG-ORD2011-12-12","ExpectedArrivalTime","December 12, 2011               08:00 AM    "
"AA-3979-CVG-ORD2011-12-12","ActualArrivalTime","December 12, 2011               08:18 AM    "
"AA-3979-CVG-ORD2011-12-12","ArrivalGate"," G8    "
"AA-3063-SLC-LAX2011-12-12","ExpectedDepartureTime","December 12, 2011               08:20 PM    "
"AA-3063-SLC-LAX2011-12-12","ActualDepartureTime","December 12, 2011               08:13 PM    "
"AA-3063-SLC-LAX2011-12-12","DepartureGate"," A3"
"AA-3063-SLC-LAX2011-12-12","ExpectedArrivalTime","December 12, 2011               09:20 PM    "
"AA-3063-SLC-LAX2011-12-12","ActualArrivalTime","December 12, 2011     "
"AA-3063-SLC-LAX2011-12-12","ArrivalGate"," 44G    "
"AA-3859-IAH-ORD2011-12-12","ExpectedDepartureTime","December 12, 2011               07:10 AM    "
"AA-3859-IAH-ORD2011-12-12","ActualDepartureTime","December 12, 2011               07:04 AM    "
"AA-3859-IAH-ORD2011-12-12","DepartureGate"," A29"
"AA-3859-IAH-ORD2011-12-12","ExpectedArrivalTime","December 12, 2011               09:40 AM    "
"AA-3859-IAH-ORD2011-12-12","ActualArrivalTime","December 12, 2011               09:17 AM    "
"AA-3859-IAH-ORD2011-12-12","ArrivalGate"," G4    "
"AA-3842-MSP-ORD2011-12-12","ExpectedDepartureTime","December 12, 2011               06:00 AM    "
"AA-3842-MSP-ORD2011-12-12","ActualDepartureTime","December 12, 2011               05:58 AM    "
"AA-3842-MSP-ORD2011-12-12","DepartureGate"," E14"
"AA-3842-MSP-ORD2011-12-12","ExpectedArrivalTime","December 12, 2011               07:30 AM    "
"AA-3842-MSP-ORD2011-12-12","ActualArrivalTime","December 12, 2011               07:16 AM    "
"AA-3842-MSP-ORD2011-12-12","ArrivalGate"," G13    "
"AA-1544-SAN-ORD2011-12-12","ExpectedDepartureTime","December 12, 2011               11:25 AM    "
"AA-1544-SAN-ORD2011-12-12","ActualDepartureTime","December 12, 2011               11:44 AM    "
"AA-1544-SAN-ORD2011-12-12","DepartureGate"," 27"
"AA-1544-SAN-ORD2011-12-12","ExpectedArrivalTime","December 12, 2011               05:25 PM    "
"AA-1544-SAN-ORD2011-12-12","ActualArrivalTime","December 12, 2011               05:14 PM    "
"AA-1544-SAN-ORD2011-12-12","ArrivalGate"," H6    "
"AA-649-ORD-SNA2011-12-12","ExpectedDepartureTime","December 12, 2011               01:30 PM    "
"AA-649-ORD-SNA2011-12-12","ActualDepartureTime","December 12, 2011     "
"AA-649-ORD-SNA2011-12-12","DepartureGate"," H14"
"AA-649-ORD-SNA2011-12-12","ExpectedArrivalTime","December 12, 2011               03:50 PM    "
"AA-649-ORD-SNA2011-12-12","ActualArrivalTime","December 12, 2011     "
"AA-649-ORD-SNA2011-12-12","ArrivalGate"," 7    "
"AA-1640-MIA-MCO2011-12-12","ExpectedDepartureTime","December 12, 2011               06:30 PM    "
"AA-1640-MIA-MCO2011-12-12","ActualDepartureTime","December 12, 2011     "
"AA-1640-MIA-MCO2011-12-12","DepartureGate"," D45"
"AA-1640-MIA-MCO2011-12-12","ExpectedArrivalTime","December 12, 2011               07:25 PM    "
"AA-1640-MIA-MCO2011-12-12","ActualArrivalTime","December 12, 2011     "
"AA-1640-MIA-MCO2011-12-12","ArrivalGate"," 14    "
"AA-518-MIA-JFK2011-12-12","ExpectedDepartureTime","December 12, 2011               06:30 AM    "
"AA-518-MIA-JFK2011-12-12","ActualDepartureTime","December 12, 2011               06:45 AM    "
"AA-518-MIA-JFK2011-12-12","DepartureGate"," D25"
"AA-518-MIA-JFK2011-12-12","ExpectedArrivalTime","December 12, 2011               09:15 AM    "
"AA-518-MIA-JFK2011-12-12","ActualArrivalTime","December 12, 2011               09:30 AM    "
"AA-518-MIA-JFK2011-12-12","ArrivalGate"," 5    "
"AA-2525-DFW-MIA2011-12-12","ExpectedDepartureTime","December 12, 2011               07:25 AM    "
"AA-2525-DFW-MIA2011-12-12","ActualDepartureTime","December 12, 2011               07:41 AM    "
"AA-2525-DFW-MIA2011-12-12","DepartureGate"," D22A"
"AA-2525-DFW-MIA2011-12-12","ExpectedArrivalTime","December 12, 2011               11:10 AM    "
"AA-2525-DFW-MIA2011-12-12","ActualArrivalTime","December 12, 2011               11:19 AM    "
"AA-2525-DFW-MIA2011-12-12","ArrivalGate"," D1    "
"AA-1279-DFW-PHX2011-12-12","ExpectedDepartureTime","December 12, 2011               01:00 PM    "
"AA-1279-DFW-PHX2011-12-12","ActualDepartureTime","December 12, 2011               12:57 PM    "
"AA-1279-DFW-PHX2011-12-12","DepartureGate"," C39"
"AA-1279-DFW-PHX2011-12-12","ExpectedArrivalTime","December 12, 2011               02:35 PM    "
"AA-1279-DFW-PHX2011-12-12","ActualArrivalTime","December 12, 2011               02:42 PM    "
"AA-1279-DFW-PHX2011-12-12","ArrivalGate"," 4    "
"AA-1522-SFO-ORD2011-12-12","ExpectedDepartureTime","December 12, 2011               11:55 PM    "
"AA-1522-SFO-ORD2011-12-12","ActualDepartureTime","December 12, 2011     "
"AA-1522-SFO-ORD2011-12-12","DepartureGate"," 57"
"AA-1522-SFO-ORD2011-12-12","ExpectedArrivalTime","December 13, 2011               05:50 AM    "
"AA-1522-SFO-ORD2011-12-12","ActualArrivalTime","December 13, 2011     "
"AA-1522-SFO-ORD2011-12-12","ArrivalGate"," H9    "
"AA-1434-DFW-MCO2011-12-12","ExpectedDepartureTime","December 12, 2011               07:15 AM    "
"AA-1434-DFW-MCO2011-12-12","ActualDepartureTime","December 12, 2011               07:12 AM    "
"AA-1434-DFW-MCO2011-12-12","DepartureGate"," D18"
"AA-1434-DFW-MCO2011-12-12","ExpectedArrivalTime","December 12, 2011               10:35 AM    "
"AA-1434-DFW-MCO2011-12-12","ActualArrivalTime","December 12, 2011               10:38 AM    "
"AA-1434-DFW-MCO2011-12-12","ArrivalGate"," 17    "
"AA-59-JFK-SFO2011-12-12","ExpectedDepartureTime","December 12, 2011               07:10 AM    "
"AA-59-JFK-SFO2011-12-12","ActualDepartureTime","December 12, 2011               07:27 AM    "
"AA-59-JFK-SFO2011-12-12","DepartureGate"," 45"
"AA-59-JFK-SFO2011-12-12","ExpectedArrivalTime","December 12, 2011               10:45 AM    "
"AA-59-JFK-SFO2011-12-12","ActualArrivalTime","December 12, 2011               10:43 AM    "
"AA-59-JFK-SFO2011-12-12","ArrivalGate"," 58B    "
"AA-415-BOS-ORD2011-12-12","ExpectedDepartureTime","December 12, 2011               08:35 AM    "
"AA-415-BOS-ORD2011-12-12","ActualDepartureTime","December 12, 2011               08:32 AM    "
"AA-415-BOS-ORD2011-12-12","DepartureGate"," B33"
"AA-415-BOS-ORD2011-12-12","ExpectedArrivalTime","December 12, 2011               10:40 AM    "
"AA-415-BOS-ORD2011-12-12","ActualArrivalTime","December 12, 2011               10:03 AM    "
"AA-415-BOS-ORD2011-12-12","ArrivalGate"," K5    "
"AA-222-LAX-BOS2011-12-12","ExpectedDepartureTime","December 12, 2011               07:10 AM    "
"AA-222-LAX-BOS2011-12-12","ActualDepartureTime","December 12, 2011               07:04 AM    "
"AA-222-LAX-BOS2011-12-12","DepartureGate"," 47B"
"AA-222-LAX-BOS2011-12-12","ExpectedArrivalTime","December 12, 2011               03:30 PM    "
"AA-222-LAX-BOS2011-12-12","ActualArrivalTime","December 12, 2011               03:07 PM    "
"AA-222-LAX-BOS2011-12-12","ArrivalGate"," B33    "
"AA-3823-LAX-DEN2011-12-12","ExpectedDepartureTime","December 12, 2011               09:00 PM    "
"AA-3823-LAX-DEN2011-12-12","ActualDepartureTime","December 12, 2011     "
"AA-3823-LAX-DEN2011-12-12","DepartureGate"," 44I"
"AA-3823-LAX-DEN2011-12-12","ExpectedArrivalTime","December 13, 2011               12:15 AM    "
"AA-3823-LAX-DEN2011-12-12","ActualArrivalTime","December 13, 2011     "
"AA-3823-LAX-DEN2011-12-12","ArrivalGate"," A49    "
"AA-1165-JFK-MIA2011-12-12","ExpectedDepartureTime","December 12, 2011               06:59 AM    "
"AA-1165-JFK-MIA2011-12-12","ActualDepartureTime","December 12, 2011               06:56 AM    "
"AA-1165-JFK-MIA2011-12-12","DepartureGate"," 36"
"AA-1165-JFK-MIA2011-12-12","ExpectedArrivalTime","December 12, 2011               10:34 AM    "
"AA-1165-JFK-MIA2011-12-12","ActualArrivalTime","December 12, 2011               09:50 AM    "
"AA-1165-JFK-MIA2011-12-12","ArrivalGate"," D21    "
"AA-3786-IAH-ORD2011-12-12","ExpectedDepartureTime","December 12, 2011               04:00 PM    "
"AA-3786-IAH-ORD2011-12-12","ActualDepartureTime","December 12, 2011               03:53 PM    "
"AA-3786-IAH-ORD2011-12-12","DepartureGate"," A29"
"AA-3786-IAH-ORD2011-12-12","ExpectedArrivalTime","December 12, 2011               06:40 PM    "
"AA-3786-IAH-ORD2011-12-12","ActualArrivalTime","December 12, 2011               06:17 PM    "
"AA-3786-IAH-ORD2011-12-12","ArrivalGate"," H3A    "
"AA-4330-CVG-ORD2011-12-12","ExpectedDepartureTime","December 12, 2011               03:35 PM    "
"AA-4330-CVG-ORD2011-12-12","ActualDepartureTime","December 12, 2011               03:28 PM    "
"AA-4330-CVG-ORD2011-12-12","DepartureGate"," 5"
"AA-4330-CVG-ORD2011-12-12","ExpectedArrivalTime","December 12, 2011               04:00 PM    "
"AA-4330-CVG-ORD2011-12-12","ActualArrivalTime","December 12, 2011               03:37 PM    "
"AA-4330-CVG-ORD2011-12-12","ArrivalGate"," G19    "
"AA-3468-CVG-MIA2011-12-12","ExpectedDepartureTime","December 12, 2011               07:00 AM    "
"AA-3468-CVG-MIA2011-12-12","ActualDepartureTime","December 12, 2011               06:53 AM    "
"AA-3468-CVG-MIA2011-12-12","DepartureGate"," 3"
"AA-3468-CVG-MIA2011-12-12","ExpectedArrivalTime","December 12, 2011               09:55 AM    "
"AA-3468-CVG-MIA2011-12-12","ActualArrivalTime","December 12, 2011               09:51 AM    "
"AA-3468-CVG-MIA2011-12-12","ArrivalGate"," D53    "
"AA-204-LAX-MCO2011-12-12","ExpectedDepartureTime","December 12, 2011               11:25 PM    "
"AA-204-LAX-MCO2011-12-12","ActualDepartureTime","December 12, 2011     "
"AA-204-LAX-MCO2011-12-12","DepartureGate"," 46A"
"AA-204-LAX-MCO2011-12-12","ExpectedArrivalTime","December 13, 2011               06:55 AM    "
"AA-204-LAX-MCO2011-12-12","ActualArrivalTime","December 13, 2011     "
"AA-204-LAX-MCO2011-12-12","ArrivalGate"," TBA    "
"AA-466-IAH-MIA2011-12-12","ExpectedDepartureTime","December 12, 2011               06:00 AM    "
"AA-466-IAH-MIA2011-12-12","ActualDepartureTime","December 12, 2011               06:09 AM    "
"AA-466-IAH-MIA2011-12-12","DepartureGate"," A27"
"AA-466-IAH-MIA2011-12-12","ExpectedArrivalTime","December 12, 2011               09:20 AM    "
"AA-466-IAH-MIA2011-12-12","ActualArrivalTime","December 12, 2011               09:21 AM    "
"AA-466-IAH-MIA2011-12-12","ArrivalGate"," D42    "
"AA-3-JFK-LAX2011-12-12","ExpectedDepartureTime","December 12, 2011               12:00 PM    "
"AA-3-JFK-LAX2011-12-12","ActualDepartureTime","December 12, 2011               11:53 AM    "
"AA-3-JFK-LAX2011-12-12","DepartureGate"," 42"
"AA-3-JFK-LAX2011-12-12","ExpectedArrivalTime","December 12, 2011               03:15 PM    "
"AA-3-JFK-LAX2011-12-12","ActualArrivalTime","December 12, 2011               03:16 PM    "
"AA-3-JFK-LAX2011-12-12","ArrivalGate"," 48B    "
"AA-1007-MIA-PHX2011-12-12","ExpectedDepartureTime","December 12, 2011               04:55 PM    "
"AA-1007-MIA-PHX2011-12-12","ActualDepartureTime","December 12, 2011               05:21 PM    "
"AA-1007-MIA-PHX2011-12-12","DepartureGate"," D19"
"AA-1007-MIA-PHX2011-12-12","ExpectedArrivalTime","December 12, 2011               08:05 PM    "
"AA-1007-MIA-PHX2011-12-12","ActualArrivalTime","December 12, 2011               08:34 PM    "
"AA-1007-MIA-PHX2011-12-12","ArrivalGate"," 6    "
"AA-271-MIA-LAX2011-12-12","ExpectedDepartureTime","December 12, 2011               11:35 AM    "
"AA-271-MIA-LAX2011-12-12","ActualDepartureTime","December 12, 2011               11:34 AM    "
"AA-271-MIA-LAX2011-12-12","DepartureGate"," D17"
"AA-271-MIA-LAX2011-12-12","ExpectedArrivalTime","December 12, 2011               02:25 PM    "
"AA-271-MIA-LAX2011-12-12","ActualArrivalTime","December 12, 2011               02:28 PM    "
"AA-271-MIA-LAX2011-12-12","ArrivalGate"," 46A    "
"AA-643-MIA-ORD2011-12-12","ExpectedDepartureTime","December 12, 2011               07:10 AM    "
"AA-643-MIA-ORD2011-12-12","ActualDepartureTime","December 12, 2011               07:06 AM    "
"AA-643-MIA-ORD2011-12-12","DepartureGate"," D1"
"AA-643-MIA-ORD2011-12-12","ExpectedArrivalTime","December 12, 2011               09:35 AM    "
"AA-643-MIA-ORD2011-12-12","ActualArrivalTime","December 12, 2011               09:17 AM    "
"AA-643-MIA-ORD2011-12-12","ArrivalGate"," H15    "
"AA-4198-ORD-CLE2011-12-12","ExpectedDepartureTime","December 12, 2011               10:40 AM    "
"AA-4198-ORD-CLE2011-12-12","ActualDepartureTime","December 12, 2011               10:34 AM    "
"AA-4198-ORD-CLE2011-12-12","DepartureGate"," G6B"
"AA-4198-ORD-CLE2011-12-12","ExpectedArrivalTime","December 12, 2011               12:55 PM    "
"AA-4198-ORD-CLE2011-12-12","ActualArrivalTime","December 12, 2011               12:46 PM    "
"AA-4198-ORD-CLE2011-12-12","ArrivalGate"," A1    "
"AA-400-DFW-JFK2011-12-12","ExpectedDepartureTime","December 12, 2011               10:40 AM    "
"AA-400-DFW-JFK2011-12-12","ActualDepartureTime","December 12, 2011               10:43 AM    "
"AA-400-DFW-JFK2011-12-12","DepartureGate"," D25"
"AA-400-DFW-JFK2011-12-12","ExpectedArrivalTime","December 12, 2011               02:59 PM    "
"AA-400-DFW-JFK2011-12-12","ActualArrivalTime","December 12, 2011               02:51 PM    "
"AA-400-DFW-JFK2011-12-12","ArrivalGate"," 36    "
"AA-1886-BOS-MIA2011-12-12","ExpectedDepartureTime","December 12, 2011               10:45 AM    "
"AA-1886-BOS-MIA2011-12-12","ActualDepartureTime","December 12, 2011               11:19 AM    "
"AA-1886-BOS-MIA2011-12-12","DepartureGate"," B35"
"AA-1886-BOS-MIA2011-12-12","ExpectedArrivalTime","December 12, 2011               02:20 PM    "
"AA-1886-BOS-MIA2011-12-12","ActualArrivalTime","December 12, 2011               02:35 PM    "
"AA-1886-BOS-MIA2011-12-12","ArrivalGate"," D23    "
"AA-1917-JFK-MCO2011-12-12","ExpectedDepartureTime","December 12, 2011               02:55 PM    "
"AA-1917-JFK-MCO2011-12-12","ActualDepartureTime","December 12, 2011               02:54 PM    "
"AA-1917-JFK-MCO2011-12-12","DepartureGate"," 1"
"AA-1917-JFK-MCO2011-12-12","ExpectedArrivalTime","December 12, 2011               05:55 PM    "
"AA-1917-JFK-MCO2011-12-12","ActualArrivalTime","December 12, 2011               05:44 PM    "
"AA-1917-JFK-MCO2011-12-12","ArrivalGate"," 15    "
"AA-3809-PHX-LAX2011-12-12","ExpectedDepartureTime","December 12, 2011               06:00 AM    "
"AA-3809-PHX-LAX2011-12-12","ActualDepartureTime","December 12, 2011               05:58 AM    "
"AA-3809-PHX-LAX2011-12-12","DepartureGate"," 2"
"AA-3809-PHX-LAX2011-12-12","ExpectedArrivalTime","December 12, 2011               06:40 AM    "
"AA-3809-PHX-LAX2011-12-12","ActualArrivalTime","December 12, 2011               06:20 AM    "
"AA-3809-PHX-LAX2011-12-12","ArrivalGate"," 44F    "
"AA-2957-DFW-CVG2011-12-12","ExpectedDepartureTime","December 12, 2011               07:55 AM    "
"AA-2957-DFW-CVG2011-12-12","ActualDepartureTime","December 12, 2011               07:52 AM    "
"AA-2957-DFW-CVG2011-12-12","DepartureGate"," B12B"
"AA-2957-DFW-CVG2011-12-12","ExpectedArrivalTime","December 12, 2011               11:05 AM    "
"AA-2957-DFW-CVG2011-12-12","ActualArrivalTime","December 12, 2011               11:00 AM    "
"AA-2957-DFW-CVG2011-12-12","ArrivalGate"," 3    "
"UA-1500-IAH-GUA2011-12-12","ExpectedDepartureTime","Mon, Dec 12 8:55 AM"
"UA-1500-IAH-GUA2011-12-12","ActualDepartureTime","Mon, Dec 12 9:13 AM            Delayed"
"UA-1500-IAH-GUA2011-12-12","DepartureGate","E8"
"UA-1500-IAH-GUA2011-12-12","ExpectedArrivalTime","Mon, Dec 12 11:45 AM"
"UA-1500-IAH-GUA2011-12-12","ActualArrivalTime","Mon, Dec 12 11:45 AM"
"UA-1500-IAH-GUA2011-12-12","ArrivalGate","15"
"UA-3515-IAD-MSP2011-12-12","ExpectedDepartureTime","Mon, Dec 12 8:17 AM"
"UA-3515-IAD-MSP2011-12-12","ActualDepartureTime","Mon, Dec 12 8:30 AM"
"UA-3515-IAD-MSP2011-12-12","DepartureGate","D14"
"UA-3515-IAD-MSP2011-12-12","ExpectedArrivalTime","Mon, Dec 12 10:08 AM"
"UA-3515-IAD-MSP2011-12-12","ActualArrivalTime","Mon, Dec 12 10:04 AM"
"UA-3515-IAD-MSP2011-12-12","ArrivalGate","E6"
"UA-664-ORD-PHL2011-12-12","ExpectedDepartureTime","Mon, Dec 12 1:33 PM"
"UA-664-ORD-PHL2011-12-12","ActualDepartureTime","Mon, Dec 12 1:29 PM"
"UA-664-ORD-PHL2011-12-12","DepartureGate","C29"
"UA-664-ORD-PHL2011-12-12","ExpectedArrivalTime","Mon, Dec 12 4:31 PM"
"UA-664-ORD-PHL2011-12-12","ActualArrivalTime","Mon, Dec 12 4:35 PM"
"UA-664-ORD-PHL2011-12-12","ArrivalGate","D13"
"UA-414-LAX-SFO2011-12-12","ExpectedDepartureTime","Mon, Dec 12 6:00 AM"
"UA-414-LAX-SFO2011-12-12","ActualDepartureTime","Mon, Dec 12 5:59 AM"
"UA-414-LAX-SFO2011-12-12","DepartureGate","72"
"UA-414-LAX-SFO2011-12-12","ExpectedArrivalTime","Mon, Dec 12 7:23 AM"
"UA-414-LAX-SFO2011-12-12","ActualArrivalTime","Mon, Dec 12 7:12 AM"
"UA-414-LAX-SFO2011-12-12","ArrivalGate","90"
"UA-257-JFK-SFO2011-12-12","ExpectedDepartureTime","Mon, Dec 12 2:30 PM"
"UA-257-JFK-SFO2011-12-12","ActualDepartureTime","Mon, Dec 12 2:25 PM"
"UA-257-JFK-SFO2011-12-12","DepartureGate","9"
"UA-257-JFK-SFO2011-12-12","ExpectedArrivalTime","Mon, Dec 12 6:15 PM"
"UA-257-JFK-SFO2011-12-12","ActualArrivalTime","Mon, Dec 12 5:38 PM"
"UA-257-JFK-SFO2011-12-12","ArrivalGate","82"
"UA-62-IAH-EWR2011-12-12","ExpectedDepartureTime","Mon, Dec 12 2:30 PM"
"UA-62-IAH-EWR2011-12-12","ActualDepartureTime","Mon, Dec 12 2:28 PM"
"UA-62-IAH-EWR2011-12-12","DepartureGate","C-39"
"UA-62-IAH-EWR2011-12-12","ExpectedArrivalTime","Mon, Dec 12 7:03 PM"
"UA-62-IAH-EWR2011-12-12","ActualArrivalTime","Mon, Dec 12 6:49 PM"
"UA-62-IAH-EWR2011-12-12","ArrivalGate","C123"
"UA-843-LAX-ORD2011-12-12","ExpectedDepartureTime","Mon, Dec 12 1:55 PM"
"UA-843-LAX-ORD2011-12-12","ActualDepartureTime","Mon, Dec 12 2:20 PM"
"UA-843-LAX-ORD2011-12-12","DepartureGate","75B"
"UA-843-LAX-ORD2011-12-12","ExpectedArrivalTime","Mon, Dec 12 7:53 PM"
"UA-843-LAX-ORD2011-12-12","ActualArrivalTime","Mon, Dec 12 7:52 PM"
"UA-843-LAX-ORD2011-12-12","ArrivalGate","C25"
"UA-248-PHX-ORD2011-12-12","ExpectedDepartureTime","Mon, Dec 12 12:57 PM"
"UA-248-PHX-ORD2011-12-12","ActualDepartureTime","Mon, Dec 12 12:57 PM            On Time"
"UA-248-PHX-ORD2011-12-12","DepartureGate","3"
"UA-248-PHX-ORD2011-12-12","ExpectedArrivalTime","Mon, Dec 12 5:15 PM"
"UA-248-PHX-ORD2011-12-12","ActualArrivalTime","Mon, Dec 12 5:02 PM"
"UA-248-PHX-ORD2011-12-12","ArrivalGate","B17"
"UA-248-PHX-ORD2011-12-12","ExpectedDepartureTime","Mon, Dec 12 12:57 PM"
"UA-248-PHX-ORD2011-12-12","ActualDepartureTime","Mon, Dec 12 12:57 PM            On Time"
"UA-248-PHX-ORD2011-12-12","DepartureGate","3"
"UA-248-PHX-ORD2011-12-12","ExpectedArrivalTime","Mon, Dec 12 5:15 PM"
"UA-248-PHX-ORD2011-12-12","ActualArrivalTime","Mon, Dec 12 4:45 PM"
"UA-248-PHX-ORD2011-12-12","ArrivalGate","B17"
"UA-397-JFK-SFO2011-12-12","ExpectedDepartureTime","Mon, Dec 12 8:00 AM"
"UA-397-JFK-SFO2011-12-12","ActualDepartureTime","Mon, Dec 12 7:58 AM"
"UA-397-JFK-SFO2011-12-12","DepartureGate","7"
"UA-397-JFK-SFO2011-12-12","ExpectedArrivalTime","Mon, Dec 12 11:55 AM"
"UA-397-JFK-SFO2011-12-12","ActualArrivalTime","Mon, Dec 12 11:10 AM"
"UA-397-JFK-SFO2011-12-12","ArrivalGate","83"
"UA-2704-DTW-PHX2011-12-12","ExpectedDepartureTime","Mon, Dec 12 11:15 AM"
"UA-2704-DTW-PHX2011-12-12","ActualDepartureTime","Mon, Dec 12 11:15 AM"
"UA-2704-DTW-PHX2011-12-12","DepartureGate","D25"
"UA-2704-DTW-PHX2011-12-12","ExpectedArrivalTime","Mon, Dec 12 1:40 PM"
"UA-2704-DTW-PHX2011-12-12","ActualArrivalTime","Mon, Dec 12 2:03 PM"
"UA-2704-DTW-PHX2011-12-12","ArrivalGate","A6"
"UA-2515-DFW-CLT2011-12-12","ExpectedDepartureTime","Mon, Dec 12 7:05 AM"
"UA-2515-DFW-CLT2011-12-12","ActualDepartureTime","Mon, Dec 12 7:05 AM"
"UA-2515-DFW-CLT2011-12-12","DepartureGate","E35"
"UA-2515-DFW-CLT2011-12-12","ExpectedArrivalTime","Mon, Dec 12 10:31 AM"
"UA-2515-DFW-CLT2011-12-12","ActualArrivalTime","Mon, Dec 12 10:31 AM"
"UA-2515-DFW-CLT2011-12-12","ArrivalGate","D13"
"UA-3373-IAD-PHL2011-12-12","ExpectedDepartureTime","Mon, Dec 12 8:29 AM"
"UA-3373-IAD-PHL2011-12-12","ActualDepartureTime","Mon, Dec 12 8:40 AM"
"UA-3373-IAD-PHL2011-12-12","DepartureGate","A5C"
"UA-3373-IAD-PHL2011-12-12","ExpectedArrivalTime","Mon, Dec 12 9:24 AM"
"UA-3373-IAD-PHL2011-12-12","ActualArrivalTime","Mon, Dec 12 10:11 AM"
"UA-3373-IAD-PHL2011-12-12","ArrivalGate","D7"
"UA-2906-PHL-MCO2011-12-12","ExpectedDepartureTime","Mon, Dec 12 3:50 PM"
"UA-2906-PHL-MCO2011-12-12","ActualDepartureTime","Mon, Dec 12 3:50 PM            Delayed"
"UA-2906-PHL-MCO2011-12-12","DepartureGate","B13"
"UA-2906-PHL-MCO2011-12-12","ExpectedArrivalTime","Mon, Dec 12 6:23 PM"
"UA-2906-PHL-MCO2011-12-12","ActualArrivalTime","Mon, Dec 12 6:10 PM"
"UA-2906-PHL-MCO2011-12-12","ArrivalGate","58"
"UA-938-DEN-ORD2011-12-12","ExpectedDepartureTime","Mon, Dec 12 4:16 PM"
"UA-938-DEN-ORD2011-12-12","ActualDepartureTime","Mon, Dec 12 4:17 PM"
"UA-938-DEN-ORD2011-12-12","DepartureGate","B42"
"UA-938-DEN-ORD2011-12-12","ExpectedArrivalTime","Mon, Dec 12 7:35 PM"
"UA-938-DEN-ORD2011-12-12","ActualArrivalTime","Mon, Dec 12 7:15 PM"
"UA-938-DEN-ORD2011-12-12","ArrivalGate","C26"
"UA-3099-PHX-PHL2011-12-12","ExpectedDepartureTime","Mon, Dec 12 11:55 AM"
"UA-3099-PHX-PHL2011-12-12","ActualDepartureTime","Mon, Dec 12 11:55 AM"
"UA-3099-PHX-PHL2011-12-12","DepartureGate","A13"
"UA-3099-PHX-PHL2011-12-12","ExpectedArrivalTime","Mon, Dec 12 6:17 PM"
"UA-3099-PHX-PHL2011-12-12","ActualArrivalTime","Mon, Dec 12 6:12 PM"
"UA-3099-PHX-PHL2011-12-12","ArrivalGate","A12"
"UA-3925-IAD-ORF2011-12-12","ExpectedDepartureTime","Mon, Dec 12 8:42 AM"
"UA-3925-IAD-ORF2011-12-12","ActualDepartureTime","Mon, Dec 12 8:38 AM"
"UA-3925-IAD-ORF2011-12-12","DepartureGate","A2G"
"UA-3925-IAD-ORF2011-12-12","ExpectedArrivalTime","Mon, Dec 12 9:55 AM"
"UA-3925-IAD-ORF2011-12-12","ActualArrivalTime","Mon, Dec 12 9:29 AM"
"UA-5487-SFO-MRY2011-12-12","ExpectedDepartureTime","Mon, Dec 12 10:39 AM"
"UA-5487-SFO-MRY2011-12-12","ActualDepartureTime","Mon, Dec 12 10:39 AM"
"UA-5487-SFO-MRY2011-12-12","DepartureGate","76B"
"UA-5487-SFO-MRY2011-12-12","ExpectedArrivalTime","Mon, Dec 12 11:19 AM"
"UA-5487-SFO-MRY2011-12-12","ActualArrivalTime","Mon, Dec 12 11:30 AM"
"UA-3050-PHX-CLT2011-12-12","ExpectedDepartureTime","Mon, Dec 12 11:05 AM"
"UA-3050-PHX-CLT2011-12-12","ActualDepartureTime","Mon, Dec 12 11:05 AM"
"UA-3050-PHX-CLT2011-12-12","DepartureGate","A11"
"UA-3050-PHX-CLT2011-12-12","ExpectedArrivalTime","Mon, Dec 12 4:57 PM"
"UA-3050-PHX-CLT2011-12-12","ActualArrivalTime","Mon, Dec 12 4:47 PM"
"UA-3050-PHX-CLT2011-12-12","ArrivalGate","B5"
"UA-828-SFO-ORD2011-12-12","ExpectedDepartureTime","Mon, Dec 12 11:08 PM"
"UA-828-SFO-ORD2011-12-12","ActualDepartureTime","Mon, Dec 12 11:08 PM            On Time"
"UA-828-SFO-ORD2011-12-12","DepartureGate","75"
"UA-828-SFO-ORD2011-12-12","ExpectedArrivalTime","Tue, Dec 13 5:11 AM"
"UA-828-SFO-ORD2011-12-12","ActualArrivalTime","Tue, Dec 13 5:11 AM"
"UA-828-SFO-ORD2011-12-12","ArrivalGate","C31"
"UA-2830-MCO-CLT2011-12-12","ExpectedDepartureTime","Mon, Dec 12 3:27 PM"
"UA-2830-MCO-CLT2011-12-12","ActualDepartureTime","Mon, Dec 12 3:27 PM"
"UA-2830-MCO-CLT2011-12-12","DepartureGate","58"
"UA-2830-MCO-CLT2011-12-12","ExpectedArrivalTime","Mon, Dec 12 5:05 PM"
"UA-2830-MCO-CLT2011-12-12","ActualArrivalTime","Mon, Dec 12 5:21 PM"
"UA-2830-MCO-CLT2011-12-12","ArrivalGate","C10"
"UA-37-EWR-MCO2011-12-12","ExpectedDepartureTime","Mon, Dec 12 1:29 PM"
"UA-37-EWR-MCO2011-12-12","ActualDepartureTime","Mon, Dec 12 1:26 PM            On Time"
"UA-37-EWR-MCO2011-12-12","DepartureGate","C135"
"UA-37-EWR-MCO2011-12-12","ExpectedArrivalTime","Mon, Dec 12 4:17 PM"
"UA-37-EWR-MCO2011-12-12","ActualArrivalTime","Mon, Dec 12 4:06 PM"
"UA-37-EWR-MCO2011-12-12","ArrivalGate","36"
"UA-37-EDI-EWR2011-12-12","ExpectedDepartureTime","Mon, Dec 12 9:05 AM"
"UA-37-EDI-EWR2011-12-12","ActualDepartureTime","Mon, Dec 12 9:01 AM"
"UA-37-EDI-EWR2011-12-12","ExpectedArrivalTime","Mon, Dec 12 11:53 AM"
"UA-37-EDI-EWR2011-12-12","ActualArrivalTime","Mon, Dec 12 11:31 AM"
"UA-37-EDI-EWR2011-12-12","ArrivalGate","B65"
"UA-2708-EWR-CLT2011-12-12","ExpectedDepartureTime","Mon, Dec 12 2:55 PM"
"UA-2708-EWR-CLT2011-12-12","ActualDepartureTime","Mon, Dec 12 2:55 PM"
"UA-2708-EWR-CLT2011-12-12","DepartureGate","A37"
"UA-2708-EWR-CLT2011-12-12","ExpectedArrivalTime","Mon, Dec 12 4:53 PM"
"UA-2708-EWR-CLT2011-12-12","ActualArrivalTime","Mon, Dec 12 4:34 PM"
"UA-2708-EWR-CLT2011-12-12","ArrivalGate","C4"
"UA-233-LAX-JFK2011-12-12","ExpectedDepartureTime","Mon, Dec 12 4:25 PM"
"UA-233-LAX-JFK2011-12-12","ActualDepartureTime","Mon, Dec 12 4:25 PM"
"UA-233-LAX-JFK2011-12-12","DepartureGate","76"
"UA-233-LAX-JFK2011-12-12","ExpectedArrivalTime","Tue, Dec 13 12:29 AM"
"UA-233-LAX-JFK2011-12-12","ActualArrivalTime","Tue, Dec 13 12:29 AM"
"UA-233-LAX-JFK2011-12-12","ArrivalGate","7"
"UA-2726-FLL-PHL2011-12-12","ExpectedDepartureTime","Mon, Dec 12 4:00 PM"
"UA-2726-FLL-PHL2011-12-12","ActualDepartureTime","Mon, Dec 12 4:00 PM"
"UA-2726-FLL-PHL2011-12-12","DepartureGate","E3"
"UA-2726-FLL-PHL2011-12-12","ExpectedArrivalTime","Mon, Dec 12 6:46 PM"
"UA-2726-FLL-PHL2011-12-12","ActualArrivalTime","Mon, Dec 12 6:18 PM"
"UA-2726-FLL-PHL2011-12-12","ArrivalGate","C30"
"UA-2945-PHL-CLT2011-12-12","ExpectedDepartureTime","Mon, Dec 12 12:00 AM"
"UA-2945-PHL-CLT2011-12-12","ActualDepartureTime","Mon, Dec 12 5:11 AM"
"UA-2945-PHL-CLT2011-12-12","DepartureGate","B9"
"UA-2945-PHL-CLT2011-12-12","ExpectedArrivalTime","Mon, Dec 12 1:45 PM"
"UA-2945-PHL-CLT2011-12-12","ActualArrivalTime","Mon, Dec 12 1:35 PM"
"UA-2945-PHL-CLT2011-12-12","ArrivalGate","C15"
"UA-6273-YYC-SFO2011-12-12","ExpectedDepartureTime","Mon, Dec 12 7:35 AM"
"UA-6273-YYC-SFO2011-12-12","ActualDepartureTime","Mon, Dec 12 7:29 AM"
"UA-6273-YYC-SFO2011-12-12","ExpectedArrivalTime","Mon, Dec 12 9:43 AM"
"UA-6273-YYC-SFO2011-12-12","ActualArrivalTime","Mon, Dec 12 9:20 AM"
"UA-6273-YYC-SFO2011-12-12","ArrivalGate","77A"
"UA-2314-ATL-PHL2011-12-12","ExpectedDepartureTime","Mon, Dec 12 2:55 PM"
"UA-2314-ATL-PHL2011-12-12","ActualDepartureTime","Mon, Dec 12 3:03 PM"
"UA-2314-ATL-PHL2011-12-12","DepartureGate","D23"
"UA-2314-ATL-PHL2011-12-12","ExpectedArrivalTime","Mon, Dec 12 5:00 PM"
"UA-2314-ATL-PHL2011-12-12","ActualArrivalTime","Mon, Dec 12 5:03 PM"
"UA-2314-ATL-PHL2011-12-12","ArrivalGate","C26"
"UA-382-IAD-LAX2011-12-12","ExpectedDepartureTime","Mon, Dec 12 12:30 PM"
"UA-382-IAD-LAX2011-12-12","ActualDepartureTime","Mon, Dec 12 12:27 PM            On Time"
"UA-382-IAD-LAX2011-12-12","DepartureGate","C11"
"UA-382-IAD-LAX2011-12-12","ExpectedArrivalTime","Mon, Dec 12 3:19 PM"
"UA-382-IAD-LAX2011-12-12","ActualArrivalTime","Mon, Dec 12 3:03 PM"
"UA-382-IAD-LAX2011-12-12","ArrivalGate","75B"
"UA-382-IAD-LAX2011-12-12","ExpectedDepartureTime","Mon, Dec 12 12:30 PM"
"UA-382-IAD-LAX2011-12-12","ActualDepartureTime","Mon, Dec 12 12:27 PM            On Time"
"UA-382-IAD-LAX2011-12-12","DepartureGate","C11"
"UA-382-IAD-LAX2011-12-12","ExpectedArrivalTime","Mon, Dec 12 3:19 PM"
"UA-382-IAD-LAX2011-12-12","ActualArrivalTime","Mon, Dec 12 3:25 PM"
"UA-382-IAD-LAX2011-12-12","ArrivalGate","75B"
"UA-858-PVG-SFO2011-12-12","ExpectedDepartureTime","Mon, Dec 12 1:45 PM"
"UA-858-PVG-SFO2011-12-12","ActualDepartureTime","Mon, Dec 12 1:56 PM"
"UA-858-PVG-SFO2011-12-12","DepartureGate","71"
"UA-858-PVG-SFO2011-12-12","ExpectedArrivalTime","Mon, Dec 12 8:27 AM"
"UA-858-PVG-SFO2011-12-12","ActualArrivalTime","Mon, Dec 12 8:28 AM"
"UA-858-PVG-SFO2011-12-12","ArrivalGate","92"
"UA-854-SFO-IAH2011-12-12","ExpectedDepartureTime","Mon, Dec 12 7:53 AM"
"UA-854-SFO-IAH2011-12-12","ActualDepartureTime","Mon, Dec 12 7:47 AM"
"UA-854-SFO-IAH2011-12-12","DepartureGate","81"
"UA-854-SFO-IAH2011-12-12","ExpectedArrivalTime","Mon, Dec 12 1:39 PM"
"UA-854-SFO-IAH2011-12-12","ActualArrivalTime","Mon, Dec 12 1:30 PM"
"CO-1586-IAH-MCO2011-12-12","ExpectedDepartureTime","Mon., Dec.12, 2011 7:00 p.m."
"CO-1586-IAH-MCO2011-12-12","ActualDepartureTime","Mon., Dec.12, 2011 6:59 p.m."
"CO-1586-IAH-MCO2011-12-12","ExpectedArrivalTime","Mon., Dec.12, 2011 10:15 p.m."
"CO-1586-IAH-MCO2011-12-12","ActualArrivalTime","Mon., Dec.12, 2011 10:05 p.m."
"CO-4888-IAH-DAL2011-12-12","ExpectedDepartureTime","Mon., Dec.12, 2011 5:30 p.m."
"CO-4888-IAH-DAL2011-12-12","ActualDepartureTime","Mon., Dec.12, 2011 5:30 p.m."
"CO-4888-IAH-DAL2011-12-12","ExpectedArrivalTime","Mon., Dec.12, 2011 6:40 p.m."
"CO-4888-IAH-DAL2011-12-12","ActualArrivalTime","Mon., Dec.12, 2011 6:40 p.m."
"CO-1088-CLE-IAH2011-12-12","ExpectedDepartureTime","Mon., Dec.12, 2011 8:40 a.m."
"CO-1088-CLE-IAH2011-12-12","ActualDepartureTime","Mon., Dec.12, 2011 8:36 a.m."
"CO-1088-CLE-IAH2011-12-12","ExpectedArrivalTime","Mon., Dec.12, 2011 10:54 a.m."
"CO-1088-CLE-IAH2011-12-12","ActualArrivalTime","Mon., Dec.12, 2011 10:45 a.m."
"CO-16-LAX-EWR2011-12-12","ExpectedDepartureTime","Mon., Dec.12, 2011 10:25 a.m."
"CO-16-LAX-EWR2011-12-12","ActualDepartureTime","Mon., Dec.12, 2011 10:27 a.m."
"CO-16-LAX-EWR2011-12-12","ExpectedArrivalTime","Mon., Dec.12, 2011 6:44 p.m."
"CO-16-LAX-EWR2011-12-12","ActualArrivalTime","Mon., Dec.12, 2011 6:27 p.m."
"CO-58-DEN-IAH2011-12-12","ExpectedDepartureTime","Mon., Dec.12, 2011 11:25 a.m."
"CO-58-DEN-IAH2011-12-12","ActualDepartureTime","Mon., Dec.12, 2011 11:27 a.m."
"CO-58-DEN-IAH2011-12-12","ExpectedArrivalTime","Mon., Dec.12, 2011 2:50 p.m."
"CO-58-DEN-IAH2011-12-12","ActualArrivalTime","Mon., Dec.12, 2011 2:44 p.m."
"CO-1193-EWR-MCO2011-12-12","ExpectedDepartureTime","Mon., Dec.12, 2011 9:15 a.m."
"CO-1193-EWR-MCO2011-12-12","ActualDepartureTime","Mon., Dec.12, 2011 9:13 a.m."
"CO-1193-EWR-MCO2011-12-12","ExpectedArrivalTime","Mon., Dec.12, 2011 12:18 p.m."
"CO-1193-EWR-MCO2011-12-12","ActualArrivalTime","Mon., Dec.12, 2011 12:03 p.m."
"CO-1023-IAH-DEN2011-12-12","ExpectedDepartureTime","Mon., Dec.12, 2011 11:40 a.m."
"CO-1023-IAH-DEN2011-12-12","ActualDepartureTime","Mon., Dec.12, 2011 11:40 a.m."
"CO-1023-IAH-DEN2011-12-12","ExpectedArrivalTime","Mon., Dec.12, 2011 1:17 p.m."
"CO-1023-IAH-DEN2011-12-12","ActualArrivalTime","Mon., Dec.12, 2011 12:57 p.m."
"CO-1250-MIA-IAH2011-12-12","ExpectedDepartureTime","Mon., Dec.12, 2011 2:53 p.m."
"CO-1250-MIA-IAH2011-12-12","ActualDepartureTime","Mon., Dec.12, 2011 2:59 p.m."
"CO-1250-MIA-IAH2011-12-12","ExpectedArrivalTime","Mon., Dec.12, 2011 4:48 p.m."
"CO-1250-MIA-IAH2011-12-12","ActualArrivalTime","Mon., Dec.12, 2011 4:48 p.m."
"CO-62-IAH-EWR2011-12-12","ExpectedDepartureTime","Mon., Dec.12, 2011 2:30 p.m."
"CO-62-IAH-EWR2011-12-12","ActualDepartureTime","Mon., Dec.12, 2011 2:29 p.m."
"CO-62-IAH-EWR2011-12-12","ExpectedArrivalTime","Mon., Dec.12, 2011 7:03 p.m."
"CO-62-IAH-EWR2011-12-12","ActualArrivalTime","Mon., Dec.12, 2011 6:49 p.m."
"CO-52-IAH-LAX2011-12-12","ExpectedDepartureTime","Mon., Dec.12, 2011 7:35 a.m."
"CO-52-IAH-LAX2011-12-12","ActualDepartureTime","Mon., Dec.12, 2011 7:41 a.m."
"CO-52-IAH-LAX2011-12-12","ExpectedArrivalTime","Mon., Dec.12, 2011 9:21 a.m."
"CO-52-IAH-LAX2011-12-12","ActualArrivalTime","Mon., Dec.12, 2011 9:31 a.m."
"CO-1614-LAX-IAH2011-12-12","ExpectedDepartureTime","Mon., Dec.12, 2011 12:30 a.m."
"CO-1614-LAX-IAH2011-12-12","ActualDepartureTime","Mon., Dec.12, 2011 12:46 a.m."
"CO-1614-LAX-IAH2011-12-12","ExpectedArrivalTime","Mon., Dec.12, 2011 5:35 a.m."
"CO-1614-LAX-IAH2011-12-12","ActualArrivalTime","Mon., Dec.12, 2011 5:42 a.m."
"CO-89-IAH-EWR2011-12-12","ExpectedDepartureTime","Mon., Dec.12, 2011 6:00 a.m."
"CO-89-IAH-EWR2011-12-12","ActualDepartureTime","Mon., Dec.12, 2011 6:05 a.m."
"CO-89-IAH-EWR2011-12-12","ExpectedArrivalTime","Mon., Dec.12, 2011 10:20 a.m."
"CO-89-IAH-EWR2011-12-12","ActualArrivalTime","Mon., Dec.12, 2011 10:22 a.m."
"CO-1090-BOS-IAH2011-12-12","ExpectedDepartureTime","Mon., Dec.12, 2011 9:45 a.m."
"CO-1090-BOS-IAH2011-12-12","ActualDepartureTime","Mon., Dec.12, 2011 9:46 a.m."
"CO-1090-BOS-IAH2011-12-12","ExpectedArrivalTime","Mon., Dec.12, 2011 1:16 p.m."
"CO-1090-BOS-IAH2011-12-12","ActualArrivalTime","Mon., Dec.12, 2011 1:10 p.m."
"CO-45-EWR-MIA2011-12-12","ExpectedDepartureTime","Mon., Dec.12, 2011 4:00 p.m."
"CO-45-EWR-MIA2011-12-12","ActualDepartureTime","Mon., Dec.12, 2011 3:57 p.m."
"CO-45-EWR-MIA2011-12-12","ExpectedArrivalTime","Mon., Dec.12, 2011 7:05 p.m."
"CO-45-EWR-MIA2011-12-12","ActualArrivalTime","Mon., Dec.12, 2011 6:55 p.m."
"CO-63-EWR-IAH2011-12-12","ExpectedDepartureTime","Mon., Dec.12, 2011 5:25 p.m."
"CO-63-EWR-IAH2011-12-12","ActualDepartureTime","Mon., Dec.12, 2011 6:07 p.m."
"CO-63-EWR-IAH2011-12-12","ExpectedArrivalTime","Mon., Dec.12, 2011 8:22 p.m."
"CO-63-EWR-IAH2011-12-12","ActualArrivalTime","Mon., Dec.12, 2011 8:58 p.m."
"CO-50-CLE-EWR2011-12-12","ExpectedDepartureTime","Mon., Dec.12, 2011 2:55 p.m."
"CO-50-CLE-EWR2011-12-12","ActualDepartureTime","Mon., Dec.12, 2011 2:54 p.m."
"CO-50-CLE-EWR2011-12-12","ExpectedArrivalTime","Mon., Dec.12, 2011 4:49 p.m."
"CO-50-CLE-EWR2011-12-12","ActualArrivalTime","Mon., Dec.12, 2011 4:16 p.m."
"CO-1561-PHX-IAH2011-12-12","ExpectedDepartureTime","Mon., Dec.12, 2011 8:05 a.m."
"CO-1561-PHX-IAH2011-12-12","ActualDepartureTime","Mon., Dec.12, 2011 8:05 a.m."
"CO-1561-PHX-IAH2011-12-12","ExpectedArrivalTime","Mon., Dec.12, 2011 11:35 a.m."
"CO-1561-PHX-IAH2011-12-12","ActualArrivalTime","Mon., Dec.12, 2011 11:43 a.m."
"CO-47-IAH-LAX2011-12-12","ExpectedDepartureTime","Mon., Dec.12, 2011 7:10 p.m."
"CO-47-IAH-LAX2011-12-12","ActualDepartureTime","Mon., Dec.12, 2011 7:32 p.m."
"CO-47-IAH-LAX2011-12-12","ExpectedArrivalTime","Mon., Dec.12, 2011 8:56 p.m."
"CO-47-IAH-LAX2011-12-12","ActualArrivalTime","Mon., Dec.12, 2011 9:29 p.m."
