"ObjectID","PropertyID","PropertyValue"
"AA-1221-MCO-ORD2011-12-29","ExpectedDepartureTime","December 29, 2011               08:00 PM    "
"AA-1221-MCO-ORD2011-12-29","ActualDepartureTime","December 29, 2011               07:54 PM    "
"AA-1221-MCO-ORD2011-12-29","DepartureGate"," 15"
"AA-1221-MCO-ORD2011-12-29","ExpectedArrivalTime","December 29, 2011               09:50 PM    "
"AA-1221-MCO-ORD2011-12-29","ActualArrivalTime","December 29, 2011               09:33 PM    "
"AA-1221-MCO-ORD2011-12-29","ArrivalGate"," K4    "
"AA-4307-ORD-DTW2011-12-29","ExpectedDepartureTime","December 29, 2011               06:45 PM    "
"AA-4307-ORD-DTW2011-12-29","ActualDepartureTime","December 29, 2011               06:42 PM    "
"AA-4307-ORD-DTW2011-12-29","DepartureGate"," G19A"
"AA-4307-ORD-DTW2011-12-29","ExpectedArrivalTime","December 29, 2011               09:10 PM    "
"AA-4307-ORD-DTW2011-12-29","ActualArrivalTime","December 29, 2011               08:46 PM    "
"AA-4307-ORD-DTW2011-12-29","ArrivalGate"," D28    "
"AA-616-DFW-DTW2011-12-29","ExpectedDepartureTime","December 29, 2011               09:05 AM    "
"AA-616-DFW-DTW2011-12-29","ActualDepartureTime","December 29, 2011               09:01 AM    "
"AA-616-DFW-DTW2011-12-29","DepartureGate"," C37"
"AA-616-DFW-DTW2011-12-29","ExpectedArrivalTime","December 29, 2011               12:35 PM    "
"AA-616-DFW-DTW2011-12-29","ActualArrivalTime","December 29, 2011               12:42 PM    "
"AA-616-DFW-DTW2011-12-29","ArrivalGate"," D32    "
"AA-431-MIA-SFO2011-12-29","ExpectedDepartureTime","December 29, 2011               08:35 AM    "
"AA-431-MIA-SFO2011-12-29","ActualDepartureTime","December 29, 2011               08:41 AM    "
"AA-431-MIA-SFO2011-12-29","DepartureGate"," D11"
"AA-431-MIA-SFO2011-12-29","ExpectedArrivalTime","December 29, 2011               11:50 AM    "
"AA-431-MIA-SFO2011-12-29","ActualArrivalTime","December 29, 2011               12:04 PM    "
"AA-431-MIA-SFO2011-12-29","ArrivalGate"," 57    "
"AA-3756-ORD-SLC2011-12-29","ExpectedDepartureTime","December 29, 2011               12:15 PM    "
"AA-3756-ORD-SLC2011-12-29","ActualDepartureTime","December 29, 2011               12:13 PM    "
"AA-3756-ORD-SLC2011-12-29","DepartureGate"," G19"
"AA-3756-ORD-SLC2011-12-29","ExpectedArrivalTime","December 29, 2011               02:45 PM    "
"AA-3756-ORD-SLC2011-12-29","ActualArrivalTime","December 29, 2011               02:33 PM    "
"AA-3756-ORD-SLC2011-12-29","ArrivalGate"," A3    "
"AA-2050-ORD-MIA2011-12-29","ExpectedDepartureTime","December 29, 2011               10:40 AM    "
"AA-2050-ORD-MIA2011-12-29","ActualDepartureTime","December 29, 2011               10:41 AM    "
"AA-2050-ORD-MIA2011-12-29","DepartureGate"," K13"
"AA-2050-ORD-MIA2011-12-29","ExpectedArrivalTime","December 29, 2011               02:45 PM    "
"AA-2050-ORD-MIA2011-12-29","ActualArrivalTime","December 29, 2011               02:33 PM    "
"AA-2050-ORD-MIA2011-12-29","ArrivalGate"," D11    "
"AA-3804-PHL-ORD2011-12-29","ExpectedDepartureTime","December 29, 2011               02:35 PM    "
"AA-3804-PHL-ORD2011-12-29","ActualDepartureTime","December 29, 2011               02:27 PM    "
"AA-3804-PHL-ORD2011-12-29","DepartureGate"," A7"
"AA-3804-PHL-ORD2011-12-29","ExpectedArrivalTime","December 29, 2011               04:05 PM    "
"AA-3804-PHL-ORD2011-12-29","ActualArrivalTime","December 29, 2011               03:37 PM    "
"AA-3804-PHL-ORD2011-12-29","ArrivalGate"," G10    "
"AA-1664-MIA-ATL2011-12-29","ExpectedDepartureTime","December 29, 2011               10:15 AM    "
"AA-1664-MIA-ATL2011-12-29","ActualDepartureTime","December 29, 2011               10:15 AM    "
"AA-1664-MIA-ATL2011-12-29","DepartureGate"," D17"
"AA-1664-MIA-ATL2011-12-29","ExpectedArrivalTime","December 29, 2011               12:10 PM    "
"AA-1664-MIA-ATL2011-12-29","ActualArrivalTime","December 29, 2011               12:13 PM    "
"AA-1664-MIA-ATL2011-12-29","ArrivalGate"," T11    "
"AA-789-ORD-DEN2011-12-29","ExpectedDepartureTime","December 29, 2011               01:05 PM    "
"AA-789-ORD-DEN2011-12-29","ActualDepartureTime","December 29, 2011               01:07 PM    "
"AA-789-ORD-DEN2011-12-29","DepartureGate"," K9"
"AA-789-ORD-DEN2011-12-29","ExpectedArrivalTime","December 29, 2011               02:35 PM    "
"AA-789-ORD-DEN2011-12-29","ActualArrivalTime","December 29, 2011               02:51 PM    "
"AA-789-ORD-DEN2011-12-29","ArrivalGate"," A49    "
"AA-1733-ORD-PHX2011-12-29","ExpectedDepartureTime","December 29, 2011               07:45 PM    "
"AA-1733-ORD-PHX2011-12-29","ActualDepartureTime","December 29, 2011               07:43 PM    "
"AA-1733-ORD-PHX2011-12-29","DepartureGate"," K12"
"AA-1733-ORD-PHX2011-12-29","ExpectedArrivalTime","December 29, 2011               10:30 PM    "
"AA-1733-ORD-PHX2011-12-29","ActualArrivalTime","December 29, 2011     "
"AA-1733-ORD-PHX2011-12-29","ArrivalGate"," 6    "
"AA-1733-ORD-PHX2011-12-29","ExpectedDepartureTime","December 29, 2011               07:45 PM    "
"AA-1733-ORD-PHX2011-12-29","ActualDepartureTime","December 29, 2011               07:43 PM    "
"AA-1733-ORD-PHX2011-12-29","DepartureGate"," K12"
"AA-1733-ORD-PHX2011-12-29","ExpectedArrivalTime","December 29, 2011               10:30 PM    "
"AA-1733-ORD-PHX2011-12-29","ActualArrivalTime","December 29, 2011     "
"AA-1733-ORD-PHX2011-12-29","ArrivalGate"," 6    "
"AA-4277-CVG-JFK2011-12-29","ExpectedDepartureTime","December 29, 2011               12:10 PM    "
"AA-4277-CVG-JFK2011-12-29","ActualDepartureTime","December 29, 2011               12:15 PM    "
"AA-4277-CVG-JFK2011-12-29","DepartureGate"," 1"
"AA-4277-CVG-JFK2011-12-29","ExpectedArrivalTime","December 29, 2011               02:15 PM    "
"AA-4277-CVG-JFK2011-12-29","ActualArrivalTime","December 29, 2011               02:03 PM    "
"AA-4277-CVG-JFK2011-12-29","ArrivalGate"," 31D    "
"AA-2312-DFW-DTW2011-12-29","ExpectedDepartureTime","December 29, 2011               08:25 PM    "
"AA-2312-DFW-DTW2011-12-29","ActualDepartureTime","December 29, 2011     "
"AA-2312-DFW-DTW2011-12-29","DepartureGate"," C17"
"AA-2312-DFW-DTW2011-12-29","ExpectedArrivalTime","December 29, 2011               11:50 PM    "
"AA-2312-DFW-DTW2011-12-29","ActualArrivalTime","December 29, 2011     "
"AA-2312-DFW-DTW2011-12-29","ArrivalGate"," D32    "
"AA-85-JFK-SFO2011-12-29","ActualDepartureTime","December 29, 2011     "
"AA-85-JFK-SFO2011-12-29","DepartureGate"," 2"
"AA-85-JFK-SFO2011-12-29","ActualArrivalTime","December 29, 2011     "
"AA-85-JFK-SFO2011-12-29","ArrivalGate"," 56A    "
"AA-404-MIA-MCO2011-12-29","ExpectedDepartureTime","December 29, 2011               06:45 AM    "
"AA-404-MIA-MCO2011-12-29","ActualDepartureTime","December 29, 2011               06:40 AM    "
"AA-404-MIA-MCO2011-12-29","DepartureGate"," E7"
"AA-404-MIA-MCO2011-12-29","ExpectedArrivalTime","December 29, 2011               07:45 AM    "
"AA-404-MIA-MCO2011-12-29","ActualArrivalTime","December 29, 2011               07:37 AM    "
"AA-404-MIA-MCO2011-12-29","ArrivalGate"," 15    "
"AA-446-DFW-PHL2011-12-29","ExpectedDepartureTime","December 29, 2011               11:50 AM    "
"AA-446-DFW-PHL2011-12-29","ActualDepartureTime","December 29, 2011               11:59 AM    "
"AA-446-DFW-PHL2011-12-29","DepartureGate"," A20"
"AA-446-DFW-PHL2011-12-29","ExpectedArrivalTime","December 29, 2011               03:50 PM    "
"AA-446-DFW-PHL2011-12-29","ActualArrivalTime","December 29, 2011               03:44 PM    "
"AA-446-DFW-PHL2011-12-29","ArrivalGate"," A9    "
"AA-2268-PHX-ORD2011-12-29","ExpectedDepartureTime","December 29, 2011               07:15 AM    "
"AA-2268-PHX-ORD2011-12-29","ActualDepartureTime","December 29, 2011               07:13 AM    "
"AA-2268-PHX-ORD2011-12-29","DepartureGate"," 6"
"AA-2268-PHX-ORD2011-12-29","ExpectedArrivalTime","December 29, 2011               11:35 AM    "
"AA-2268-PHX-ORD2011-12-29","ActualArrivalTime","December 29, 2011               11:16 AM    "
"AA-2268-PHX-ORD2011-12-29","ArrivalGate"," H6    "
"AA-4344-ORD-DTW2011-12-29","ExpectedDepartureTime","December 29, 2011               11:45 AM    "
"AA-4344-ORD-DTW2011-12-29","ActualDepartureTime","December 29, 2011               11:44 AM    "
"AA-4344-ORD-DTW2011-12-29","DepartureGate"," G1B"
"AA-4344-ORD-DTW2011-12-29","ExpectedArrivalTime","December 29, 2011               02:00 PM    "
"AA-4344-ORD-DTW2011-12-29","ActualArrivalTime","December 29, 2011               01:54 PM    "
"AA-4344-ORD-DTW2011-12-29","ArrivalGate"," D28    "
"AA-484-DFW-MIA2011-12-29","ExpectedDepartureTime","December 29, 2011               04:15 PM    "
"AA-484-DFW-MIA2011-12-29","ActualDepartureTime","December 29, 2011               04:15 PM    "
"AA-484-DFW-MIA2011-12-29","DepartureGate"," D28"
"AA-484-DFW-MIA2011-12-29","ExpectedArrivalTime","December 29, 2011               07:55 PM    "
"AA-484-DFW-MIA2011-12-29","ActualArrivalTime","December 29, 2011               08:12 PM    "
"AA-484-DFW-MIA2011-12-29","ArrivalGate"," D5    "
"AA-3979-CVG-ORD2011-12-29","ExpectedDepartureTime","December 29, 2011               07:30 AM    "
"AA-3979-CVG-ORD2011-12-29","ActualDepartureTime","December 29, 2011               07:30 AM    "
"AA-3979-CVG-ORD2011-12-29","DepartureGate"," 1"
"AA-3979-CVG-ORD2011-12-29","ExpectedArrivalTime","December 29, 2011               08:00 AM    "
"AA-3979-CVG-ORD2011-12-29","ActualArrivalTime","December 29, 2011               07:41 AM    "
"AA-3979-CVG-ORD2011-12-29","ArrivalGate"," G7    "
"AA-3063-SLC-LAX2011-12-29","ExpectedDepartureTime","December 29, 2011               08:20 PM    "
"AA-3063-SLC-LAX2011-12-29","ActualDepartureTime","December 29, 2011               08:08 PM    "
"AA-3063-SLC-LAX2011-12-29","DepartureGate"," A3"
"AA-3063-SLC-LAX2011-12-29","ExpectedArrivalTime","December 29, 2011               09:20 PM    "
"AA-3063-SLC-LAX2011-12-29","ActualArrivalTime","December 29, 2011     "
"AA-3063-SLC-LAX2011-12-29","ArrivalGate"," 44D    "
"AA-3859-IAH-ORD2011-12-29","ExpectedDepartureTime","December 29, 2011               07:10 AM    "
"AA-3859-IAH-ORD2011-12-29","ActualDepartureTime","December 29, 2011               07:09 AM    "
"AA-3859-IAH-ORD2011-12-29","DepartureGate"," A29"
"AA-3859-IAH-ORD2011-12-29","ExpectedArrivalTime","December 29, 2011               09:40 AM    "
"AA-3859-IAH-ORD2011-12-29","ActualArrivalTime","December 29, 2011               09:45 AM    "
"AA-3859-IAH-ORD2011-12-29","ArrivalGate"," H5    "
"AA-3842-MSP-ORD2011-12-29","ExpectedDepartureTime","December 29, 2011               06:00 AM    "
"AA-3842-MSP-ORD2011-12-29","ActualDepartureTime","December 29, 2011               05:58 AM    "
"AA-3842-MSP-ORD2011-12-29","DepartureGate"," E14"
"AA-3842-MSP-ORD2011-12-29","ExpectedArrivalTime","December 29, 2011               07:30 AM    "
"AA-3842-MSP-ORD2011-12-29","ActualArrivalTime","December 29, 2011               07:07 AM    "
"AA-3842-MSP-ORD2011-12-29","ArrivalGate"," H4    "
"AA-1544-SAN-ORD2011-12-29","ExpectedDepartureTime","December 29, 2011               11:25 AM    "
"AA-1544-SAN-ORD2011-12-29","ActualDepartureTime","December 29, 2011               11:23 AM    "
"AA-1544-SAN-ORD2011-12-29","DepartureGate"," 27"
"AA-1544-SAN-ORD2011-12-29","ExpectedArrivalTime","December 29, 2011               05:25 PM    "
"AA-1544-SAN-ORD2011-12-29","ActualArrivalTime","December 29, 2011               05:08 PM    "
"AA-1544-SAN-ORD2011-12-29","ArrivalGate"," H6    "
"AA-649-ORD-SNA2011-12-29","ExpectedDepartureTime","December 29, 2011               01:30 PM    "
"AA-649-ORD-SNA2011-12-29","ActualDepartureTime","December 29, 2011     "
"AA-649-ORD-SNA2011-12-29","DepartureGate"," K16"
"AA-649-ORD-SNA2011-12-29","ExpectedArrivalTime","December 29, 2011               03:50 PM    "
"AA-649-ORD-SNA2011-12-29","ActualArrivalTime","December 29, 2011     "
"AA-649-ORD-SNA2011-12-29","ArrivalGate"," 7    "
"AA-1640-MIA-MCO2011-12-29","ExpectedDepartureTime","December 29, 2011               06:30 PM    "
"AA-1640-MIA-MCO2011-12-29","ActualDepartureTime","December 29, 2011     "
"AA-1640-MIA-MCO2011-12-29","DepartureGate"," D42"
"AA-1640-MIA-MCO2011-12-29","ExpectedArrivalTime","December 29, 2011               07:25 PM    "
"AA-1640-MIA-MCO2011-12-29","ActualArrivalTime","December 29, 2011     "
"AA-1640-MIA-MCO2011-12-29","ArrivalGate"," 14    "
"AA-518-MIA-JFK2011-12-29","ExpectedDepartureTime","December 29, 2011               06:30 AM    "
"AA-518-MIA-JFK2011-12-29","ActualDepartureTime","December 29, 2011               07:05 AM    "
"AA-518-MIA-JFK2011-12-29","DepartureGate"," D44"
"AA-518-MIA-JFK2011-12-29","ExpectedArrivalTime","December 29, 2011               09:15 AM    "
"AA-518-MIA-JFK2011-12-29","ActualArrivalTime","December 29, 2011               09:36 AM    "
"AA-518-MIA-JFK2011-12-29","ArrivalGate"," 8    "
"AA-2525-DFW-MIA2011-12-29","ExpectedDepartureTime","December 29, 2011               07:25 AM    "
"AA-2525-DFW-MIA2011-12-29","ActualDepartureTime","December 29, 2011               07:22 AM    "
"AA-2525-DFW-MIA2011-12-29","DepartureGate"," D30"
"AA-2525-DFW-MIA2011-12-29","ExpectedArrivalTime","December 29, 2011               11:10 AM    "
"AA-2525-DFW-MIA2011-12-29","ActualArrivalTime","December 29, 2011               11:05 AM    "
"AA-2525-DFW-MIA2011-12-29","ArrivalGate"," D16    "
"AA-1279-DFW-PHX2011-12-29","ExpectedDepartureTime","December 29, 2011               01:00 PM    "
"AA-1279-DFW-PHX2011-12-29","ActualDepartureTime","December 29, 2011               01:06 PM    "
"AA-1279-DFW-PHX2011-12-29","DepartureGate"," C19"
"AA-1279-DFW-PHX2011-12-29","ExpectedArrivalTime","December 29, 2011               02:35 PM    "
"AA-1279-DFW-PHX2011-12-29","ActualArrivalTime","December 29, 2011               02:30 PM    "
"AA-1279-DFW-PHX2011-12-29","ArrivalGate"," 4    "
"AA-1522-SFO-ORD2011-12-29","ExpectedDepartureTime","December 29, 2011               11:55 PM    "
"AA-1522-SFO-ORD2011-12-29","ActualDepartureTime","December 29, 2011     "
"AA-1522-SFO-ORD2011-12-29","DepartureGate"," 57"
"AA-1522-SFO-ORD2011-12-29","ExpectedArrivalTime","December 30, 2011               05:50 AM    "
"AA-1522-SFO-ORD2011-12-29","ActualArrivalTime","December 30, 2011     "
"AA-1522-SFO-ORD2011-12-29","ArrivalGate"," H10    "
"AA-1434-DFW-MCO2011-12-29","ExpectedDepartureTime","December 29, 2011               07:15 AM    "
"AA-1434-DFW-MCO2011-12-29","ActualDepartureTime","December 29, 2011               08:06 AM    "
"AA-1434-DFW-MCO2011-12-29","DepartureGate"," A25"
"AA-1434-DFW-MCO2011-12-29","ExpectedArrivalTime","December 29, 2011               10:35 AM    "
"AA-1434-DFW-MCO2011-12-29","ActualArrivalTime","December 29, 2011               11:32 AM    "
"AA-1434-DFW-MCO2011-12-29","ArrivalGate"," 17    "
"AA-59-JFK-SFO2011-12-29","ExpectedDepartureTime","December 29, 2011               07:10 AM    "
"AA-59-JFK-SFO2011-12-29","ActualDepartureTime","December 29, 2011               07:05 AM    "
"AA-59-JFK-SFO2011-12-29","DepartureGate"," 46"
"AA-59-JFK-SFO2011-12-29","ExpectedArrivalTime","December 29, 2011               10:45 AM    "
"AA-59-JFK-SFO2011-12-29","ActualArrivalTime","December 29, 2011               10:46 AM    "
"AA-59-JFK-SFO2011-12-29","ArrivalGate"," 58B    "
"AA-415-BOS-ORD2011-12-29","ExpectedDepartureTime","December 29, 2011               08:35 AM    "
"AA-415-BOS-ORD2011-12-29","ActualDepartureTime","December 29, 2011               08:37 AM    "
"AA-415-BOS-ORD2011-12-29","DepartureGate"," B36"
"AA-415-BOS-ORD2011-12-29","ExpectedArrivalTime","December 29, 2011               10:40 AM    "
"AA-415-BOS-ORD2011-12-29","ActualArrivalTime","December 29, 2011               10:15 AM    "
"AA-415-BOS-ORD2011-12-29","ArrivalGate"," H17    "
"AA-222-LAX-BOS2011-12-29","ExpectedDepartureTime","December 29, 2011               07:10 AM    "
"AA-222-LAX-BOS2011-12-29","ActualDepartureTime","December 29, 2011               07:05 AM    "
"AA-222-LAX-BOS2011-12-29","DepartureGate"," 43"
"AA-222-LAX-BOS2011-12-29","ExpectedArrivalTime","December 29, 2011               03:30 PM    "
"AA-222-LAX-BOS2011-12-29","ActualArrivalTime","December 29, 2011               03:23 PM    "
"AA-222-LAX-BOS2011-12-29","ArrivalGate"," B32    "
"AA-3823-LAX-DEN2011-12-29","ExpectedDepartureTime","December 29, 2011               09:00 PM    "
"AA-3823-LAX-DEN2011-12-29","ActualDepartureTime","December 29, 2011     "
"AA-3823-LAX-DEN2011-12-29","DepartureGate"," 44F"
"AA-3823-LAX-DEN2011-12-29","ExpectedArrivalTime","December 30, 2011               12:15 AM    "
"AA-3823-LAX-DEN2011-12-29","ActualArrivalTime","December 30, 2011     "
"AA-3823-LAX-DEN2011-12-29","ArrivalGate"," A49    "
"AA-1165-JFK-MIA2011-12-29","ExpectedDepartureTime","December 29, 2011               06:59 AM    "
"AA-1165-JFK-MIA2011-12-29","ActualDepartureTime","December 29, 2011               06:50 AM    "
"AA-1165-JFK-MIA2011-12-29","DepartureGate"," 6"
"AA-1165-JFK-MIA2011-12-29","ExpectedArrivalTime","December 29, 2011               10:34 AM    "
"AA-1165-JFK-MIA2011-12-29","ActualArrivalTime","December 29, 2011               10:07 AM    "
"AA-1165-JFK-MIA2011-12-29","ArrivalGate"," D25    "
"AA-3786-IAH-ORD2011-12-29","ExpectedDepartureTime","December 29, 2011               04:00 PM    "
"AA-3786-IAH-ORD2011-12-29","ActualDepartureTime","December 29, 2011               03:50 PM    "
"AA-3786-IAH-ORD2011-12-29","DepartureGate"," A29"
"AA-3786-IAH-ORD2011-12-29","ExpectedArrivalTime","December 29, 2011               06:40 PM    "
"AA-3786-IAH-ORD2011-12-29","ActualArrivalTime","December 29, 2011               06:12 PM    "
"AA-3786-IAH-ORD2011-12-29","ArrivalGate"," G3    "
"AA-4330-CVG-ORD2011-12-29","ExpectedDepartureTime","December 29, 2011               03:35 PM    "
"AA-4330-CVG-ORD2011-12-29","ActualDepartureTime","December 29, 2011               03:24 PM    "
"AA-4330-CVG-ORD2011-12-29","DepartureGate"," 5"
"AA-4330-CVG-ORD2011-12-29","ExpectedArrivalTime","December 29, 2011               04:00 PM    "
"AA-4330-CVG-ORD2011-12-29","ActualArrivalTime","December 29, 2011               03:37 PM    "
"AA-4330-CVG-ORD2011-12-29","ArrivalGate"," G20    "
"AA-3468-CVG-MIA2011-12-29","ExpectedDepartureTime","December 29, 2011               07:00 AM    "
"AA-3468-CVG-MIA2011-12-29","ActualDepartureTime","December 29, 2011               06:59 AM    "
"AA-3468-CVG-MIA2011-12-29","DepartureGate"," 1"
"AA-3468-CVG-MIA2011-12-29","ExpectedArrivalTime","December 29, 2011               09:55 AM    "
"AA-3468-CVG-MIA2011-12-29","ActualArrivalTime","December 29, 2011               09:27 AM    "
"AA-3468-CVG-MIA2011-12-29","ArrivalGate"," D60M    "
"AA-204-LAX-MCO2011-12-29","ExpectedDepartureTime","December 29, 2011               11:25 PM    "
"AA-204-LAX-MCO2011-12-29","ActualDepartureTime","December 29, 2011     "
"AA-204-LAX-MCO2011-12-29","DepartureGate"," 45"
"AA-204-LAX-MCO2011-12-29","ExpectedArrivalTime","December 30, 2011               06:55 AM    "
"AA-204-LAX-MCO2011-12-29","ActualArrivalTime","December 30, 2011     "
"AA-204-LAX-MCO2011-12-29","ArrivalGate"," TBA    "
"AA-466-IAH-MIA2011-12-29","ExpectedDepartureTime","December 29, 2011               06:00 AM    "
"AA-466-IAH-MIA2011-12-29","ActualDepartureTime","December 29, 2011               05:59 AM    "
"AA-466-IAH-MIA2011-12-29","DepartureGate"," A27"
"AA-466-IAH-MIA2011-12-29","ExpectedArrivalTime","December 29, 2011               09:20 AM    "
"AA-466-IAH-MIA2011-12-29","ActualArrivalTime","December 29, 2011               09:17 AM    "
"AA-466-IAH-MIA2011-12-29","ArrivalGate"," D17    "
"AA-3-JFK-LAX2011-12-29","ExpectedDepartureTime","December 29, 2011               12:00 PM    "
"AA-3-JFK-LAX2011-12-29","ActualDepartureTime","December 29, 2011               11:54 AM    "
"AA-3-JFK-LAX2011-12-29","DepartureGate"," 39"
"AA-3-JFK-LAX2011-12-29","ExpectedArrivalTime","December 29, 2011               03:15 PM    "
"AA-3-JFK-LAX2011-12-29","ActualArrivalTime","December 29, 2011               03:03 PM    "
"AA-3-JFK-LAX2011-12-29","ArrivalGate"," 46A    "
"AA-1007-MIA-PHX2011-12-29","ExpectedDepartureTime","December 29, 2011               04:55 PM    "
"AA-1007-MIA-PHX2011-12-29","ActualDepartureTime","December 29, 2011               04:48 PM    "
"AA-1007-MIA-PHX2011-12-29","DepartureGate"," D30"
"AA-1007-MIA-PHX2011-12-29","ExpectedArrivalTime","December 29, 2011               08:05 PM    "
"AA-1007-MIA-PHX2011-12-29","ActualArrivalTime","December 29, 2011               07:48 PM    "
"AA-1007-MIA-PHX2011-12-29","ArrivalGate"," 4    "
"AA-271-MIA-LAX2011-12-29","ExpectedDepartureTime","December 29, 2011               11:35 AM    "
"AA-271-MIA-LAX2011-12-29","ActualDepartureTime","December 29, 2011               11:34 AM    "
"AA-271-MIA-LAX2011-12-29","DepartureGate"," D12"
"AA-271-MIA-LAX2011-12-29","ExpectedArrivalTime","December 29, 2011               02:25 PM    "
"AA-271-MIA-LAX2011-12-29","ActualArrivalTime","December 29, 2011               02:17 PM    "
"AA-271-MIA-LAX2011-12-29","ArrivalGate"," 42A    "
"AA-643-MIA-ORD2011-12-29","ExpectedDepartureTime","December 29, 2011               07:10 AM    "
"AA-643-MIA-ORD2011-12-29","ActualDepartureTime","December 29, 2011               07:07 AM    "
"AA-643-MIA-ORD2011-12-29","DepartureGate"," D16"
"AA-643-MIA-ORD2011-12-29","ExpectedArrivalTime","December 29, 2011               09:35 AM    "
"AA-643-MIA-ORD2011-12-29","ActualArrivalTime","December 29, 2011               09:19 AM    "
"AA-643-MIA-ORD2011-12-29","ArrivalGate"," H15    "
"AA-4198-ORD-CLE2011-12-29","ExpectedDepartureTime","December 29, 2011               10:40 AM    "
"AA-4198-ORD-CLE2011-12-29","ActualDepartureTime","December 29, 2011               10:35 AM    "
"AA-4198-ORD-CLE2011-12-29","DepartureGate"," H4"
"AA-4198-ORD-CLE2011-12-29","ExpectedArrivalTime","December 29, 2011               12:55 PM    "
"AA-4198-ORD-CLE2011-12-29","ActualArrivalTime","December 29, 2011               12:57 PM    "
"AA-4198-ORD-CLE2011-12-29","ArrivalGate"," A1    "
"AA-400-DFW-JFK2011-12-29","ExpectedDepartureTime","December 29, 2011               10:40 AM    "
"AA-400-DFW-JFK2011-12-29","ActualDepartureTime","December 29, 2011               12:32 PM    "
"AA-400-DFW-JFK2011-12-29","DepartureGate"," C36"
"AA-400-DFW-JFK2011-12-29","ExpectedArrivalTime","December 29, 2011               02:59 PM    "
"AA-400-DFW-JFK2011-12-29","ActualArrivalTime","December 29, 2011               04:52 PM    "
"AA-400-DFW-JFK2011-12-29","ArrivalGate"," 36    "
"AA-1886-BOS-MIA2011-12-29","ExpectedDepartureTime","December 29, 2011               10:45 AM    "
"AA-1886-BOS-MIA2011-12-29","ActualDepartureTime","December 29, 2011               10:39 AM    "
"AA-1886-BOS-MIA2011-12-29","DepartureGate"," B28"
"AA-1886-BOS-MIA2011-12-29","ExpectedArrivalTime","December 29, 2011               02:20 PM    "
"AA-1886-BOS-MIA2011-12-29","ActualArrivalTime","December 29, 2011               02:41 PM    "
"AA-1886-BOS-MIA2011-12-29","ArrivalGate"," D24    "
"AA-3809-PHX-LAX2011-12-29","ExpectedDepartureTime","December 29, 2011               06:00 AM    "
"AA-3809-PHX-LAX2011-12-29","ActualDepartureTime","December 29, 2011               05:57 AM    "
"AA-3809-PHX-LAX2011-12-29","DepartureGate"," 2"
"AA-3809-PHX-LAX2011-12-29","ExpectedArrivalTime","December 29, 2011               06:40 AM    "
"AA-3809-PHX-LAX2011-12-29","ActualArrivalTime","December 29, 2011               06:23 AM    "
"AA-3809-PHX-LAX2011-12-29","ArrivalGate"," 44I    "
"AA-2957-DFW-CVG2011-12-29","ExpectedDepartureTime","December 29, 2011               07:55 AM    "
"AA-2957-DFW-CVG2011-12-29","ActualDepartureTime","December 29, 2011               07:53 AM    "
"AA-2957-DFW-CVG2011-12-29","DepartureGate"," B11"
"AA-2957-DFW-CVG2011-12-29","ExpectedArrivalTime","December 29, 2011               11:05 AM    "
"AA-2957-DFW-CVG2011-12-29","ActualArrivalTime","December 29, 2011               10:59 AM    "
"AA-2957-DFW-CVG2011-12-29","ArrivalGate"," 3    "
"UA-1500-IAH-GUA2011-12-29","ExpectedDepartureTime","Thu, Dec 29 8:50 AM"
"UA-1500-IAH-GUA2011-12-29","ActualDepartureTime","Thu, Dec 29 8:53 AM            Delayed"
"UA-1500-IAH-GUA2011-12-29","DepartureGate","E22"
"UA-1500-IAH-GUA2011-12-29","ExpectedArrivalTime","Thu, Dec 29 11:43 AM"
"UA-1500-IAH-GUA2011-12-29","ActualArrivalTime","Thu, Dec 29 11:43 AM"
"UA-3515-IAD-MSP2011-12-29","ExpectedDepartureTime","Thu, Dec 29 8:19 AM"
"UA-3515-IAD-MSP2011-12-29","ActualDepartureTime","Thu, Dec 29 8:17 AM"
"UA-3515-IAD-MSP2011-12-29","DepartureGate","D18"
"UA-3515-IAD-MSP2011-12-29","ExpectedArrivalTime","Thu, Dec 29 10:09 AM"
"UA-3515-IAD-MSP2011-12-29","ActualArrivalTime","Thu, Dec 29 9:53 AM"
"UA-3515-IAD-MSP2011-12-29","ArrivalGate","E8"
"UA-664-ORD-PHL2011-12-29","ExpectedDepartureTime","Thu, Dec 29 1:35 PM"
"UA-664-ORD-PHL2011-12-29","ActualDepartureTime","Thu, Dec 29 1:34 PM            On Time"
"UA-664-ORD-PHL2011-12-29","DepartureGate","B14"
"UA-664-ORD-PHL2011-12-29","ExpectedArrivalTime","Thu, Dec 29 4:38 PM"
"UA-664-ORD-PHL2011-12-29","ActualArrivalTime","Thu, Dec 29 4:32 PM"
"UA-664-ORD-PHL2011-12-29","ArrivalGate","D9"
"UA-414-LAX-SFO2011-12-29","ExpectedDepartureTime","Thu, Dec 29 6:00 AM"
"UA-414-LAX-SFO2011-12-29","ActualDepartureTime","Thu, Dec 29 5:56 AM"
"UA-414-LAX-SFO2011-12-29","DepartureGate","81"
"UA-414-LAX-SFO2011-12-29","ExpectedArrivalTime","Thu, Dec 29 7:26 AM"
"UA-414-LAX-SFO2011-12-29","ActualArrivalTime","Thu, Dec 29 7:08 AM"
"UA-414-LAX-SFO2011-12-29","ArrivalGate","72"
"UA-257-JFK-SFO2011-12-29","ExpectedDepartureTime","Thu, Dec 29 2:30 PM"
"UA-257-JFK-SFO2011-12-29","ActualDepartureTime","Thu, Dec 29 2:26 PM"
"UA-257-JFK-SFO2011-12-29","DepartureGate","10"
"UA-257-JFK-SFO2011-12-29","ExpectedArrivalTime","Thu, Dec 29 6:14 PM"
"UA-257-JFK-SFO2011-12-29","ActualArrivalTime","Thu, Dec 29 6:02 PM"
"UA-257-JFK-SFO2011-12-29","ArrivalGate","82"
"UA-62-IAH-EWR2011-12-29","ExpectedDepartureTime","Thu, Dec 29 2:30 PM"
"UA-62-IAH-EWR2011-12-29","ActualDepartureTime","Thu, Dec 29 2:30 PM"
"UA-62-IAH-EWR2011-12-29","DepartureGate","C-39"
"UA-62-IAH-EWR2011-12-29","ExpectedArrivalTime","Thu, Dec 29 7:03 PM"
"UA-62-IAH-EWR2011-12-29","ActualArrivalTime","Thu, Dec 29 6:52 PM"
"UA-62-IAH-EWR2011-12-29","ArrivalGate","C81"
"UA-843-LAX-ORD2011-12-29","ExpectedDepartureTime","Thu, Dec 29 2:10 PM"
"UA-843-LAX-ORD2011-12-29","ActualDepartureTime","Thu, Dec 29 2:44 PM"
"UA-843-LAX-ORD2011-12-29","DepartureGate","73"
"UA-843-LAX-ORD2011-12-29","ExpectedArrivalTime","Thu, Dec 29 8:12 PM"
"UA-843-LAX-ORD2011-12-29","ActualArrivalTime","Thu, Dec 29 8:28 PM"
"UA-843-LAX-ORD2011-12-29","ArrivalGate","C11"
"UA-248-PHX-ORD2011-12-29","ExpectedDepartureTime","Thu, Dec 29 12:52 PM"
"UA-248-PHX-ORD2011-12-29","ActualDepartureTime","Thu, Dec 29 12:52 PM            On Time"
"UA-248-PHX-ORD2011-12-29","DepartureGate","3"
"UA-248-PHX-ORD2011-12-29","ExpectedArrivalTime","Thu, Dec 29 5:13 PM"
"UA-248-PHX-ORD2011-12-29","ActualArrivalTime","Thu, Dec 29 5:13 PM"
"UA-248-PHX-ORD2011-12-29","ArrivalGate","B12"
"UA-248-PHX-ORD2011-12-29","ExpectedDepartureTime","Thu, Dec 29 12:52 PM"
"UA-248-PHX-ORD2011-12-29","ActualDepartureTime","Thu, Dec 29 12:47 PM            On Time"
"UA-248-PHX-ORD2011-12-29","DepartureGate","3"
"UA-248-PHX-ORD2011-12-29","ExpectedArrivalTime","Thu, Dec 29 5:13 PM"
"UA-248-PHX-ORD2011-12-29","ActualArrivalTime","Thu, Dec 29 4:52 PM"
"UA-248-PHX-ORD2011-12-29","ArrivalGate","B12"
"UA-2704-DTW-PHX2011-12-29","ExpectedDepartureTime","Thu, Dec 29 11:15 AM"
"UA-2704-DTW-PHX2011-12-29","ActualDepartureTime","Thu, Dec 29 11:15 AM"
"UA-2704-DTW-PHX2011-12-29","DepartureGate","D14"
"UA-2704-DTW-PHX2011-12-29","ExpectedArrivalTime","Thu, Dec 29 1:40 PM"
"UA-2704-DTW-PHX2011-12-29","ActualArrivalTime","Thu, Dec 29 1:52 PM"
"UA-2704-DTW-PHX2011-12-29","ArrivalGate","A8"
"UA-2515-DFW-CLT2011-12-29","ExpectedDepartureTime","Thu, Dec 29 7:00 AM"
"UA-2515-DFW-CLT2011-12-29","ActualDepartureTime","Thu, Dec 29 7:00 AM"
"UA-2515-DFW-CLT2011-12-29","DepartureGate","E36"
"UA-2515-DFW-CLT2011-12-29","ExpectedArrivalTime","Thu, Dec 29 10:26 AM"
"UA-2515-DFW-CLT2011-12-29","ActualArrivalTime","Thu, Dec 29 10:28 AM"
"UA-2515-DFW-CLT2011-12-29","ArrivalGate","B10"
"UA-3373-IAD-PHL2011-12-29","ExpectedDepartureTime","Thu, Dec 29 8:30 AM"
"UA-3373-IAD-PHL2011-12-29","ActualDepartureTime","Thu, Dec 29 10:00 AM"
"UA-3373-IAD-PHL2011-12-29","DepartureGate","A5C"
"UA-3373-IAD-PHL2011-12-29","ExpectedArrivalTime","Thu, Dec 29 9:25 AM"
"UA-3373-IAD-PHL2011-12-29","ActualArrivalTime","Thu, Dec 29 10:57 AM"
"UA-3373-IAD-PHL2011-12-29","ArrivalGate","D7"
"UA-2906-PHL-MCO2011-12-29","ExpectedDepartureTime","Thu, Dec 29 3:50 PM"
"UA-2906-PHL-MCO2011-12-29","ActualDepartureTime","Thu, Dec 29 3:50 PM            Delayed"
"UA-2906-PHL-MCO2011-12-29","DepartureGate","B13"
"UA-2906-PHL-MCO2011-12-29","ExpectedArrivalTime","Thu, Dec 29 6:23 PM"
"UA-2906-PHL-MCO2011-12-29","ActualArrivalTime","Thu, Dec 29 6:03 PM"
"UA-2906-PHL-MCO2011-12-29","ArrivalGate","58"
"UA-938-DEN-ORD2011-12-29","ExpectedDepartureTime","Thu, Dec 29 3:54 PM"
"UA-938-DEN-ORD2011-12-29","ActualDepartureTime","Thu, Dec 29 3:57 PM"
"UA-938-DEN-ORD2011-12-29","DepartureGate","B38"
"UA-938-DEN-ORD2011-12-29","ExpectedArrivalTime","Thu, Dec 29 7:17 PM"
"UA-938-DEN-ORD2011-12-29","ActualArrivalTime","Thu, Dec 29 7:23 PM"
"UA-938-DEN-ORD2011-12-29","ArrivalGate","C26"
"UA-3099-PHX-PHL2011-12-29","ExpectedDepartureTime","Thu, Dec 29 11:55 AM"
"UA-3099-PHX-PHL2011-12-29","ActualDepartureTime","Thu, Dec 29 11:55 AM"
"UA-3099-PHX-PHL2011-12-29","DepartureGate","A11"
"UA-3099-PHX-PHL2011-12-29","ExpectedArrivalTime","Thu, Dec 29 6:17 PM"
"UA-3099-PHX-PHL2011-12-29","ActualArrivalTime","Thu, Dec 29 6:06 PM"
"UA-3099-PHX-PHL2011-12-29","ArrivalGate","B15"
"UA-3925-IAD-ORF2011-12-29","ExpectedDepartureTime","Thu, Dec 29 8:42 AM"
"UA-3925-IAD-ORF2011-12-29","ActualDepartureTime","Thu, Dec 29 9:03 AM"
"UA-3925-IAD-ORF2011-12-29","DepartureGate","A2G"
"UA-3925-IAD-ORF2011-12-29","ExpectedArrivalTime","Thu, Dec 29 9:55 AM"
"UA-3925-IAD-ORF2011-12-29","ActualArrivalTime","Thu, Dec 29 9:54 AM"
"UA-5487-SFO-MRY2011-12-29","ExpectedDepartureTime","Thu, Dec 29 10:37 AM"
"UA-5487-SFO-MRY2011-12-29","DepartureGate","76A"
"UA-5487-SFO-MRY2011-12-29","ExpectedArrivalTime","Thu, Dec 29 11:24 AM"
"UA-3050-PHX-CLT2011-12-29","ExpectedDepartureTime","Thu, Dec 29 11:05 AM"
"UA-3050-PHX-CLT2011-12-29","ActualDepartureTime","Thu, Dec 29 11:05 AM"
"UA-3050-PHX-CLT2011-12-29","DepartureGate","A21"
"UA-3050-PHX-CLT2011-12-29","ExpectedArrivalTime","Thu, Dec 29 4:57 PM"
"UA-3050-PHX-CLT2011-12-29","ActualArrivalTime","Thu, Dec 29 4:54 PM"
"UA-3050-PHX-CLT2011-12-29","ArrivalGate","B6"
"UA-828-SFO-ORD2011-12-29","ExpectedDepartureTime","Thu, Dec 29 11:13 PM"
"UA-828-SFO-ORD2011-12-29","ActualDepartureTime","Thu, Dec 29 11:13 PM            On Time"
"UA-828-SFO-ORD2011-12-29","DepartureGate","82"
"UA-828-SFO-ORD2011-12-29","ExpectedArrivalTime","Fri, Dec 30 5:15 AM"
"UA-828-SFO-ORD2011-12-29","ActualArrivalTime","Fri, Dec 30 5:15 AM"
"UA-828-SFO-ORD2011-12-29","ArrivalGate","C19"
"UA-2830-MCO-CLT2011-12-29","ExpectedDepartureTime","Thu, Dec 29 3:27 PM"
"UA-2830-MCO-CLT2011-12-29","ActualDepartureTime","Thu, Dec 29 3:27 PM"
"UA-2830-MCO-CLT2011-12-29","DepartureGate","58"
"UA-2830-MCO-CLT2011-12-29","ExpectedArrivalTime","Thu, Dec 29 5:05 PM"
"UA-2830-MCO-CLT2011-12-29","ActualArrivalTime","Thu, Dec 29 4:57 PM"
"UA-2830-MCO-CLT2011-12-29","ArrivalGate","D5"
"UA-37-EWR-MCO2011-12-29","ExpectedDepartureTime","Thu, Dec 29 1:29 PM"
"UA-37-EWR-MCO2011-12-29","ActualDepartureTime","Thu, Dec 29 1:43 PM            Delayed"
"UA-37-EWR-MCO2011-12-29","DepartureGate","C135"
"UA-37-EWR-MCO2011-12-29","ExpectedArrivalTime","Thu, Dec 29 4:22 PM"
"UA-37-EWR-MCO2011-12-29","ActualArrivalTime","Thu, Dec 29 4:19 PM"
"UA-37-EWR-MCO2011-12-29","ArrivalGate","39"
"UA-37-EDI-EWR2011-12-29","ExpectedDepartureTime","Thu, Dec 29 9:05 AM"
"UA-37-EDI-EWR2011-12-29","ActualDepartureTime","Thu, Dec 29 9:11 AM"
"UA-37-EDI-EWR2011-12-29","ExpectedArrivalTime","Thu, Dec 29 11:53 AM"
"UA-37-EDI-EWR2011-12-29","ActualArrivalTime","Thu, Dec 29 12:06 PM"
"UA-37-EDI-EWR2011-12-29","ArrivalGate","B55"
"UA-2708-EWR-CLT2011-12-29","ExpectedDepartureTime","Thu, Dec 29 2:55 PM"
"UA-2708-EWR-CLT2011-12-29","ActualDepartureTime","Thu, Dec 29 2:55 PM"
"UA-2708-EWR-CLT2011-12-29","DepartureGate","A37"
"UA-2708-EWR-CLT2011-12-29","ExpectedArrivalTime","Thu, Dec 29 4:53 PM"
"UA-2708-EWR-CLT2011-12-29","ActualArrivalTime","Thu, Dec 29 4:37 PM"
"UA-2708-EWR-CLT2011-12-29","ArrivalGate","C7"
"UA-233-LAX-JFK2011-12-29","ExpectedDepartureTime","Thu, Dec 29 4:25 PM"
"UA-233-LAX-JFK2011-12-29","ActualDepartureTime","Thu, Dec 29 4:25 PM"
"UA-233-LAX-JFK2011-12-29","DepartureGate","73"
"UA-233-LAX-JFK2011-12-29","ExpectedArrivalTime","Fri, Dec 30 12:44 AM"
"UA-233-LAX-JFK2011-12-29","ActualArrivalTime","Fri, Dec 30 12:44 AM"
"UA-233-LAX-JFK2011-12-29","ArrivalGate","5"
"UA-2726-FLL-PHL2011-12-29","ExpectedDepartureTime","Thu, Dec 29 4:00 PM"
"UA-2726-FLL-PHL2011-12-29","ActualDepartureTime","Thu, Dec 29 4:00 PM"
"UA-2726-FLL-PHL2011-12-29","DepartureGate","E3"
"UA-2726-FLL-PHL2011-12-29","ExpectedArrivalTime","Thu, Dec 29 6:46 PM"
"UA-2726-FLL-PHL2011-12-29","ActualArrivalTime","Thu, Dec 29 6:15 PM"
"UA-2726-FLL-PHL2011-12-29","ArrivalGate","C20"
"UA-2945-PHL-CLT2011-12-29","ExpectedDepartureTime","Thu, Dec 29 12:00 AM"
"UA-2945-PHL-CLT2011-12-29","ActualDepartureTime","Thu, Dec 29 1:12 AM"
"UA-2945-PHL-CLT2011-12-29","DepartureGate","C21"
"UA-2945-PHL-CLT2011-12-29","ExpectedArrivalTime","Thu, Dec 29 1:45 PM"
"UA-2945-PHL-CLT2011-12-29","ActualArrivalTime","Thu, Dec 29 1:35 PM"
"UA-2945-PHL-CLT2011-12-29","ArrivalGate","B2"
"UA-6273-YYC-SFO2011-12-29","ExpectedDepartureTime","Thu, Dec 29 7:45 AM"
"UA-6273-YYC-SFO2011-12-29","ActualDepartureTime","Thu, Dec 29 7:44 AM"
"UA-6273-YYC-SFO2011-12-29","ExpectedArrivalTime","Thu, Dec 29 9:53 AM"
"UA-6273-YYC-SFO2011-12-29","ActualArrivalTime","Thu, Dec 29 9:51 AM"
"UA-6273-YYC-SFO2011-12-29","ArrivalGate","69"
"UA-2314-ATL-PHL2011-12-29","ExpectedDepartureTime","Thu, Dec 29 2:55 PM"
"UA-2314-ATL-PHL2011-12-29","ActualDepartureTime","Thu, Dec 29 2:55 PM"
"UA-2314-ATL-PHL2011-12-29","DepartureGate","D23"
"UA-2314-ATL-PHL2011-12-29","ExpectedArrivalTime","Thu, Dec 29 5:00 PM"
"UA-2314-ATL-PHL2011-12-29","ActualArrivalTime","Thu, Dec 29 4:42 PM"
"UA-2314-ATL-PHL2011-12-29","ArrivalGate","C17"
"UA-382-IAD-LAX2011-12-29","ExpectedDepartureTime","Thu, Dec 29 12:20 PM"
"UA-382-IAD-LAX2011-12-29","ActualDepartureTime","Thu, Dec 29 12:35 PM            Delayed"
"UA-382-IAD-LAX2011-12-29","DepartureGate","C27"
"UA-382-IAD-LAX2011-12-29","ExpectedArrivalTime","Thu, Dec 29 3:08 PM"
"UA-382-IAD-LAX2011-12-29","ActualArrivalTime","Thu, Dec 29 2:59 PM"
"UA-382-IAD-LAX2011-12-29","ArrivalGate","70B"
"UA-382-IAD-LAX2011-12-29","ExpectedDepartureTime","Thu, Dec 29 12:20 PM"
"UA-382-IAD-LAX2011-12-29","ActualDepartureTime","Thu, Dec 29 12:35 PM            Delayed"
"UA-382-IAD-LAX2011-12-29","DepartureGate","C27"
"UA-382-IAD-LAX2011-12-29","ExpectedArrivalTime","Thu, Dec 29 3:08 PM"
"UA-382-IAD-LAX2011-12-29","ActualArrivalTime","Thu, Dec 29 3:07 PM"
"UA-382-IAD-LAX2011-12-29","ArrivalGate","70B"
"UA-858-PVG-SFO2011-12-29","ExpectedDepartureTime","Thu, Dec 29 1:45 PM"
"UA-858-PVG-SFO2011-12-29","ActualDepartureTime","Thu, Dec 29 1:37 PM"
"UA-858-PVG-SFO2011-12-29","DepartureGate","77"
"UA-858-PVG-SFO2011-12-29","ExpectedArrivalTime","Thu, Dec 29 8:27 AM"
"UA-858-PVG-SFO2011-12-29","ActualArrivalTime","Thu, Dec 29 7:49 AM"
"UA-858-PVG-SFO2011-12-29","ArrivalGate","92"
"UA-854-SFO-IAH2011-12-29","ExpectedDepartureTime","Thu, Dec 29 7:35 AM"
"UA-854-SFO-IAH2011-12-29","ActualDepartureTime","Thu, Dec 29 7:39 AM"
"UA-854-SFO-IAH2011-12-29","DepartureGate","92"
"UA-854-SFO-IAH2011-12-29","ExpectedArrivalTime","Thu, Dec 29 1:30 PM"
"UA-854-SFO-IAH2011-12-29","ActualArrivalTime","Thu, Dec 29 1:14 PM"
"UA-854-SFO-IAH2011-12-29","ArrivalGate","C16"
"CO-1586-IAH-MCO2011-12-29","ExpectedDepartureTime","Thu., Dec.29, 2011 7:00 p.m."
"CO-1586-IAH-MCO2011-12-29","ActualDepartureTime","Thu., Dec.29, 2011 7:01 p.m."
"CO-1586-IAH-MCO2011-12-29","ExpectedArrivalTime","Thu., Dec.29, 2011 10:12 p.m."
"CO-1586-IAH-MCO2011-12-29","ActualArrivalTime","Thu., Dec.29, 2011 10:08 p.m."
"CO-1694-LAX-IAH2011-12-29","ExpectedDepartureTime","Thu., Dec.29, 2011 7:41 p.m."
"CO-1694-LAX-IAH2011-12-29","ActualDepartureTime","Thu., Dec.29, 2011 7:54 p.m."
"CO-1694-LAX-IAH2011-12-29","ExpectedArrivalTime","Thu., Dec.29, 2011 12:44 a.m."
"CO-1694-LAX-IAH2011-12-29","ActualArrivalTime","Thu., Dec.29, 2011 12:44 a.m."
"CO-1088-CLE-IAH2011-12-29","ExpectedDepartureTime","Thu., Dec.29, 2011 8:35 a.m."
"CO-1088-CLE-IAH2011-12-29","ActualDepartureTime","Thu., Dec.29, 2011 8:42 a.m."
"CO-1088-CLE-IAH2011-12-29","ExpectedArrivalTime","Thu., Dec.29, 2011 10:55 a.m."
"CO-1088-CLE-IAH2011-12-29","ActualArrivalTime","Thu., Dec.29, 2011 10:53 a.m."
"CO-16-LAX-EWR2011-12-29","ExpectedDepartureTime","Thu., Dec.29, 2011 10:25 a.m."
"CO-16-LAX-EWR2011-12-29","ActualDepartureTime","Thu., Dec.29, 2011 11:07 a.m."
"CO-16-LAX-EWR2011-12-29","ExpectedArrivalTime","Thu., Dec.29, 2011 6:39 p.m."
"CO-16-LAX-EWR2011-12-29","ActualArrivalTime","Thu., Dec.29, 2011 7:06 p.m."
"CO-58-DEN-IAH2011-12-29","ExpectedDepartureTime","Thu., Dec.29, 2011 11:30 a.m."
"CO-58-DEN-IAH2011-12-29","ActualDepartureTime","Thu., Dec.29, 2011 11:34 a.m."
"CO-58-DEN-IAH2011-12-29","ExpectedArrivalTime","Thu., Dec.29, 2011 2:56 p.m."
"CO-58-DEN-IAH2011-12-29","ActualArrivalTime","Thu., Dec.29, 2011 2:46 p.m."
"CO-1193-EWR-MCO2011-12-29","ExpectedDepartureTime","Thu., Dec.29, 2011 9:15 a.m."
"CO-1193-EWR-MCO2011-12-29","ActualDepartureTime","Thu., Dec.29, 2011 9:13 a.m."
"CO-1193-EWR-MCO2011-12-29","ExpectedArrivalTime","Thu., Dec.29, 2011 12:16 p.m."
"CO-1193-EWR-MCO2011-12-29","ActualArrivalTime","Thu., Dec.29, 2011 12:07 p.m."
"CO-1023-IAH-DEN2011-12-29","ExpectedDepartureTime","Thu., Dec.29, 2011 11:40 a.m."
"CO-1023-IAH-DEN2011-12-29","ActualDepartureTime","Thu., Dec.29, 2011 11:48 a.m."
"CO-1023-IAH-DEN2011-12-29","ExpectedArrivalTime","Thu., Dec.29, 2011 1:20 p.m."
"CO-1023-IAH-DEN2011-12-29","ActualArrivalTime","Thu., Dec.29, 2011 1:26 p.m."
"CO-1250-MIA-IAH2011-12-29","ExpectedDepartureTime","Thu., Dec.29, 2011 2:49 p.m."
"CO-1250-MIA-IAH2011-12-29","ActualDepartureTime","Thu., Dec.29, 2011 2:43 p.m."
"CO-1250-MIA-IAH2011-12-29","ExpectedArrivalTime","Thu., Dec.29, 2011 4:50 p.m."
"CO-1250-MIA-IAH2011-12-29","ActualArrivalTime","Thu., Dec.29, 2011 4:32 p.m."
"CO-62-IAH-EWR2011-12-29","ExpectedDepartureTime","Thu., Dec.29, 2011 2:30 p.m."
"CO-62-IAH-EWR2011-12-29","ActualDepartureTime","Thu., Dec.29, 2011 2:30 p.m."
"CO-62-IAH-EWR2011-12-29","ExpectedArrivalTime","Thu., Dec.29, 2011 7:03 p.m."
"CO-62-IAH-EWR2011-12-29","ActualArrivalTime","Thu., Dec.29, 2011 6:52 p.m."
"CO-52-IAH-LAX2011-12-29","ExpectedDepartureTime","Thu., Dec.29, 2011 7:35 a.m."
"CO-52-IAH-LAX2011-12-29","ActualDepartureTime","Thu., Dec.29, 2011 7:41 a.m."
"CO-52-IAH-LAX2011-12-29","ExpectedArrivalTime","Thu., Dec.29, 2011 9:30 a.m."
"CO-52-IAH-LAX2011-12-29","ActualArrivalTime","Thu., Dec.29, 2011 9:57 a.m."
"CO-1614-LAX-IAH2011-12-29","ExpectedDepartureTime","Thu., Dec.29, 2011 12:30 a.m."
"CO-1614-LAX-IAH2011-12-29","ActualDepartureTime","Thu., Dec.29, 2011 12:37 a.m."
"CO-1614-LAX-IAH2011-12-29","ExpectedArrivalTime","Thu., Dec.29, 2011 5:36 a.m."
"CO-1614-LAX-IAH2011-12-29","ActualArrivalTime","Thu., Dec.29, 2011 5:41 a.m."
"CO-89-IAH-EWR2011-12-29","ExpectedDepartureTime","Thu., Dec.29, 2011 6:00 a.m."
"CO-89-IAH-EWR2011-12-29","ActualDepartureTime","Thu., Dec.29, 2011 5:59 a.m."
"CO-89-IAH-EWR2011-12-29","ExpectedArrivalTime","Thu., Dec.29, 2011 10:20 a.m."
"CO-89-IAH-EWR2011-12-29","ActualArrivalTime","Thu., Dec.29, 2011 10:22 a.m."
"CO-1090-BOS-IAH2011-12-29","ExpectedDepartureTime","Thu., Dec.29, 2011 9:50 a.m."
"CO-1090-BOS-IAH2011-12-29","ActualDepartureTime","Thu., Dec.29, 2011 9:53 a.m."
"CO-1090-BOS-IAH2011-12-29","ExpectedArrivalTime","Thu., Dec.29, 2011 1:20 p.m."
"CO-1090-BOS-IAH2011-12-29","ActualArrivalTime","Thu., Dec.29, 2011 1:18 p.m."
"CO-45-EWR-MIA2011-12-29","ExpectedDepartureTime","Thu., Dec.29, 2011 3:50 p.m."
"CO-45-EWR-MIA2011-12-29","ActualDepartureTime","Thu., Dec.29, 2011 3:54 p.m."
"CO-45-EWR-MIA2011-12-29","ExpectedArrivalTime","Thu., Dec.29, 2011 7:05 p.m."
"CO-45-EWR-MIA2011-12-29","ActualArrivalTime","Thu., Dec.29, 2011 6:52 p.m."
"CO-63-EWR-IAH2011-12-29","ExpectedDepartureTime","Thu., Dec.29, 2011 5:25 p.m."
"CO-63-EWR-IAH2011-12-29","ActualDepartureTime","Thu., Dec.29, 2011 5:21 p.m."
"CO-63-EWR-IAH2011-12-29","ExpectedArrivalTime","Thu., Dec.29, 2011 8:30 p.m."
"CO-63-EWR-IAH2011-12-29","ActualArrivalTime","Thu., Dec.29, 2011 8:02 p.m."
"CO-50-CLE-EWR2011-12-29","ExpectedDepartureTime","Thu., Dec.29, 2011 2:55 p.m."
"CO-50-CLE-EWR2011-12-29","ActualDepartureTime","Thu., Dec.29, 2011 2:52 p.m."
"CO-50-CLE-EWR2011-12-29","ExpectedArrivalTime","Thu., Dec.29, 2011 4:53 p.m."
"CO-50-CLE-EWR2011-12-29","ActualArrivalTime","Thu., Dec.29, 2011 4:16 p.m."
"CO-1561-PHX-IAH2011-12-29","ExpectedDepartureTime","Thu., Dec.29, 2011 8:05 a.m."
"CO-1561-PHX-IAH2011-12-29","ActualDepartureTime","Thu., Dec.29, 2011 8:57 a.m."
"CO-1561-PHX-IAH2011-12-29","ExpectedArrivalTime","Thu., Dec.29, 2011 11:37 a.m."
"CO-1561-PHX-IAH2011-12-29","ActualArrivalTime","Thu., Dec.29, 2011 12:41 p.m."
"CO-47-IAH-LAX2011-12-29","ExpectedDepartureTime","Thu., Dec.29, 2011 7:10 p.m."
"CO-47-IAH-LAX2011-12-29","ActualDepartureTime","Thu., Dec.29, 2011 7:17 p.m."
"CO-47-IAH-LAX2011-12-29","ExpectedArrivalTime","Thu., Dec.29, 2011 9:06 p.m."
"CO-47-IAH-LAX2011-12-29","ActualArrivalTime","Thu., Dec.29, 2011 8:45 p.m."
