"ObjectID","PropertyID","PropertyValue"
"AA-1221-MCO-ORD2012-01-01","ExpectedDepartureTime","January 1, 2012               08:00 PM    "
"AA-1221-MCO-ORD2012-01-01","ActualDepartureTime","January 1, 2012               07:57 PM    "
"AA-1221-MCO-ORD2012-01-01","DepartureGate"," 15"
"AA-1221-MCO-ORD2012-01-01","ExpectedArrivalTime","January 1, 2012               09:50 PM    "
"AA-1221-MCO-ORD2012-01-01","ActualArrivalTime","January 1, 2012               09:45 PM    "
"AA-1221-MCO-ORD2012-01-01","ArrivalGate"," K4    "
"AA-4307-ORD-DTW2012-01-01","ExpectedDepartureTime","January 1, 2012               06:45 PM    "
"AA-4307-ORD-DTW2012-01-01","ActualDepartureTime","January 1, 2012               06:54 PM    "
"AA-4307-ORD-DTW2012-01-01","DepartureGate"," G2A"
"AA-4307-ORD-DTW2012-01-01","ExpectedArrivalTime","January 1, 2012               09:10 PM    "
"AA-4307-ORD-DTW2012-01-01","ActualArrivalTime","January 1, 2012               09:12 PM    "
"AA-4307-ORD-DTW2012-01-01","ArrivalGate"," D19    "
"AA-616-DFW-DTW2012-01-01","ExpectedDepartureTime","January 1, 2012               09:05 AM    "
"AA-616-DFW-DTW2012-01-01","ActualDepartureTime","January 1, 2012               09:01 AM    "
"AA-616-DFW-DTW2012-01-01","DepartureGate"," A21"
"AA-616-DFW-DTW2012-01-01","ExpectedArrivalTime","January 1, 2012               12:35 PM    "
"AA-616-DFW-DTW2012-01-01","ActualArrivalTime","January 1, 2012               12:28 PM    "
"AA-616-DFW-DTW2012-01-01","ArrivalGate"," D32    "
"AA-431-MIA-SFO2012-01-01","ExpectedDepartureTime","January 1, 2012               08:35 AM    "
"AA-431-MIA-SFO2012-01-01","ActualDepartureTime","January 1, 2012               08:27 AM    "
"AA-431-MIA-SFO2012-01-01","DepartureGate"," D16"
"AA-431-MIA-SFO2012-01-01","ExpectedArrivalTime","January 1, 2012               11:50 AM    "
"AA-431-MIA-SFO2012-01-01","ActualArrivalTime","January 1, 2012               11:13 AM    "
"AA-431-MIA-SFO2012-01-01","ArrivalGate"," 57    "
"AA-3756-ORD-SLC2012-01-01","ExpectedDepartureTime","January 1, 2012               12:15 PM    "
"AA-3756-ORD-SLC2012-01-01","ActualDepartureTime","January 1, 2012               12:16 PM    "
"AA-3756-ORD-SLC2012-01-01","DepartureGate"," G19"
"AA-3756-ORD-SLC2012-01-01","ExpectedArrivalTime","January 1, 2012               02:45 PM    "
"AA-3756-ORD-SLC2012-01-01","ActualArrivalTime","January 1, 2012               02:29 PM    "
"AA-3756-ORD-SLC2012-01-01","ArrivalGate"," A3    "
"AA-2050-ORD-MIA2012-01-01","ExpectedDepartureTime","January 1, 2012               10:40 AM    "
"AA-2050-ORD-MIA2012-01-01","ActualDepartureTime","January 1, 2012               10:49 AM    "
"AA-2050-ORD-MIA2012-01-01","DepartureGate"," K7"
"AA-2050-ORD-MIA2012-01-01","ExpectedArrivalTime","January 1, 2012               02:45 PM    "
"AA-2050-ORD-MIA2012-01-01","ActualArrivalTime","January 1, 2012               02:53 PM    "
"AA-2050-ORD-MIA2012-01-01","ArrivalGate"," D23    "
"AA-3804-PHL-ORD2012-01-01","ExpectedDepartureTime","January 1, 2012               02:35 PM    "
"AA-3804-PHL-ORD2012-01-01","ActualDepartureTime","January 1, 2012               02:29 PM    "
"AA-3804-PHL-ORD2012-01-01","DepartureGate"," A7"
"AA-3804-PHL-ORD2012-01-01","ExpectedArrivalTime","January 1, 2012               04:05 PM    "
"AA-3804-PHL-ORD2012-01-01","ActualArrivalTime","January 1, 2012               04:02 PM    "
"AA-3804-PHL-ORD2012-01-01","ArrivalGate"," H2    "
"AA-1664-MIA-ATL2012-01-01","ExpectedDepartureTime","January 1, 2012               10:15 AM    "
"AA-1664-MIA-ATL2012-01-01","ActualDepartureTime","January 1, 2012               10:16 AM    "
"AA-1664-MIA-ATL2012-01-01","DepartureGate"," D4"
"AA-1664-MIA-ATL2012-01-01","ExpectedArrivalTime","January 1, 2012               12:10 PM    "
"AA-1664-MIA-ATL2012-01-01","ActualArrivalTime","January 1, 2012               12:02 PM    "
"AA-1664-MIA-ATL2012-01-01","ArrivalGate"," T11    "
"AA-789-ORD-DEN2012-01-01","ExpectedDepartureTime","January 1, 2012               01:05 PM    "
"AA-789-ORD-DEN2012-01-01","ActualDepartureTime","January 1, 2012               01:06 PM    "
"AA-789-ORD-DEN2012-01-01","DepartureGate"," H9"
"AA-789-ORD-DEN2012-01-01","ExpectedArrivalTime","January 1, 2012               02:35 PM    "
"AA-789-ORD-DEN2012-01-01","ActualArrivalTime","January 1, 2012               02:31 PM    "
"AA-789-ORD-DEN2012-01-01","ArrivalGate"," A49    "
"AA-1733-ORD-PHX2012-01-01","ExpectedDepartureTime","January 1, 2012               07:45 PM    "
"AA-1733-ORD-PHX2012-01-01","ActualDepartureTime","January 1, 2012               09:40 PM    "
"AA-1733-ORD-PHX2012-01-01","DepartureGate"," H12"
"AA-1733-ORD-PHX2012-01-01","ExpectedArrivalTime","January 1, 2012               10:30 PM    "
"AA-1733-ORD-PHX2012-01-01","ActualArrivalTime","January 1, 2012     "
"AA-1733-ORD-PHX2012-01-01","ArrivalGate"," 6    "
"AA-1733-ORD-PHX2012-01-01","ExpectedDepartureTime","January 1, 2012               07:45 PM    "
"AA-1733-ORD-PHX2012-01-01","ActualDepartureTime","January 1, 2012     "
"AA-1733-ORD-PHX2012-01-01","DepartureGate"," H12"
"AA-1733-ORD-PHX2012-01-01","ExpectedArrivalTime","January 1, 2012               10:30 PM    "
"AA-1733-ORD-PHX2012-01-01","ActualArrivalTime","January 1, 2012     "
"AA-1733-ORD-PHX2012-01-01","ArrivalGate"," 6    "
"AA-2312-DFW-DTW2012-01-01","ExpectedDepartureTime","January 1, 2012               08:25 PM    "
"AA-2312-DFW-DTW2012-01-01","ActualDepartureTime","January 1, 2012     "
"AA-2312-DFW-DTW2012-01-01","DepartureGate"," D37"
"AA-2312-DFW-DTW2012-01-01","ExpectedArrivalTime","January 1, 2012               11:50 PM    "
"AA-2312-DFW-DTW2012-01-01","ActualArrivalTime","January 1, 2012     "
"AA-2312-DFW-DTW2012-01-01","ArrivalGate"," D32    "
"AA-85-JFK-SFO2012-01-01","ExpectedDepartureTime","January 1, 2012               03:05 PM    "
"AA-85-JFK-SFO2012-01-01","ActualDepartureTime","January 1, 2012               03:03 PM    "
"AA-85-JFK-SFO2012-01-01","DepartureGate"," 33"
"AA-85-JFK-SFO2012-01-01","ExpectedArrivalTime","January 1, 2012               06:30 PM    "
"AA-85-JFK-SFO2012-01-01","ActualArrivalTime","January 1, 2012               06:11 PM    "
"AA-85-JFK-SFO2012-01-01","ArrivalGate"," 58B    "
"AA-404-MIA-MCO2012-01-01","ExpectedDepartureTime","January 1, 2012               06:45 AM    "
"AA-404-MIA-MCO2012-01-01","ActualDepartureTime","January 1, 2012               06:44 AM    "
"AA-404-MIA-MCO2012-01-01","DepartureGate"," E7"
"AA-404-MIA-MCO2012-01-01","ExpectedArrivalTime","January 1, 2012               07:45 AM    "
"AA-404-MIA-MCO2012-01-01","ActualArrivalTime","January 1, 2012               07:42 AM    "
"AA-404-MIA-MCO2012-01-01","ArrivalGate"," 16    "
"AA-446-DFW-PHL2012-01-01","ExpectedDepartureTime","January 1, 2012               11:50 AM    "
"AA-446-DFW-PHL2012-01-01","ActualDepartureTime","January 1, 2012               12:03 PM    "
"AA-446-DFW-PHL2012-01-01","DepartureGate"," A18"
"AA-446-DFW-PHL2012-01-01","ExpectedArrivalTime","January 1, 2012               03:50 PM    "
"AA-446-DFW-PHL2012-01-01","ActualArrivalTime","January 1, 2012               03:50 PM    "
"AA-446-DFW-PHL2012-01-01","ArrivalGate"," A9    "
"AA-2268-PHX-ORD2012-01-01","ExpectedDepartureTime","January 1, 2012               07:15 AM    "
"AA-2268-PHX-ORD2012-01-01","ActualDepartureTime","January 1, 2012               07:13 AM    "
"AA-2268-PHX-ORD2012-01-01","DepartureGate"," 6"
"AA-2268-PHX-ORD2012-01-01","ExpectedArrivalTime","January 1, 2012               11:35 AM    "
"AA-2268-PHX-ORD2012-01-01","ActualArrivalTime","January 1, 2012               11:32 AM    "
"AA-2268-PHX-ORD2012-01-01","ArrivalGate"," H6    "
"AA-4344-ORD-DTW2012-01-01","ExpectedDepartureTime","January 1, 2012               11:45 AM    "
"AA-4344-ORD-DTW2012-01-01","ActualDepartureTime","January 1, 2012               12:29 PM    "
"AA-4344-ORD-DTW2012-01-01","DepartureGate"," G9"
"AA-4344-ORD-DTW2012-01-01","ExpectedArrivalTime","January 1, 2012               02:00 PM    "
"AA-4344-ORD-DTW2012-01-01","ActualArrivalTime","January 1, 2012               02:56 PM    "
"AA-4344-ORD-DTW2012-01-01","ArrivalGate"," D28    "
"AA-484-DFW-MIA2012-01-01","ExpectedDepartureTime","January 1, 2012               04:15 PM    "
"AA-484-DFW-MIA2012-01-01","ActualDepartureTime","January 1, 2012               04:11 PM    "
"AA-484-DFW-MIA2012-01-01","DepartureGate"," D27"
"AA-484-DFW-MIA2012-01-01","ExpectedArrivalTime","January 1, 2012               07:55 PM    "
"AA-484-DFW-MIA2012-01-01","ActualArrivalTime","January 1, 2012               08:12 PM    "
"AA-484-DFW-MIA2012-01-01","ArrivalGate"," D45    "
"AA-3979-CVG-ORD2012-01-01","ExpectedDepartureTime","January 1, 2012               07:30 AM    "
"AA-3979-CVG-ORD2012-01-01","ActualDepartureTime","January 1, 2012               07:20 AM    "
"AA-3979-CVG-ORD2012-01-01","DepartureGate"," 1"
"AA-3979-CVG-ORD2012-01-01","ExpectedArrivalTime","January 1, 2012               08:00 AM    "
"AA-3979-CVG-ORD2012-01-01","ActualArrivalTime","January 1, 2012               07:36 AM    "
"AA-3979-CVG-ORD2012-01-01","ArrivalGate"," H2    "
"AA-3063-SLC-LAX2012-01-01","ExpectedDepartureTime","January 1, 2012               08:20 PM    "
"AA-3063-SLC-LAX2012-01-01","ActualDepartureTime","January 1, 2012               08:11 PM    "
"AA-3063-SLC-LAX2012-01-01","DepartureGate"," A3"
"AA-3063-SLC-LAX2012-01-01","ExpectedArrivalTime","January 1, 2012               09:20 PM    "
"AA-3063-SLC-LAX2012-01-01","ActualArrivalTime","January 1, 2012     "
"AA-3063-SLC-LAX2012-01-01","ArrivalGate"," 44I    "
"AA-3859-IAH-ORD2012-01-01","ExpectedDepartureTime","January 1, 2012               07:10 AM    "
"AA-3859-IAH-ORD2012-01-01","ActualDepartureTime","January 1, 2012               07:15 AM    "
"AA-3859-IAH-ORD2012-01-01","DepartureGate"," A29"
"AA-3859-IAH-ORD2012-01-01","ExpectedArrivalTime","January 1, 2012               09:40 AM    "
"AA-3859-IAH-ORD2012-01-01","ActualArrivalTime","January 1, 2012               10:00 AM    "
"AA-3859-IAH-ORD2012-01-01","ArrivalGate"," H1B    "
"AA-3842-MSP-ORD2012-01-01","ExpectedDepartureTime","January 1, 2012               06:00 AM    "
"AA-3842-MSP-ORD2012-01-01","ActualDepartureTime","January 1, 2012               06:03 AM    "
"AA-3842-MSP-ORD2012-01-01","DepartureGate"," E14"
"AA-3842-MSP-ORD2012-01-01","ExpectedArrivalTime","January 1, 2012               07:30 AM    "
"AA-3842-MSP-ORD2012-01-01","ActualArrivalTime","January 1, 2012               07:25 AM    "
"AA-3842-MSP-ORD2012-01-01","ArrivalGate"," G11    "
"AA-1544-SAN-ORD2012-01-01","ExpectedDepartureTime","January 1, 2012               11:25 AM    "
"AA-1544-SAN-ORD2012-01-01","ActualDepartureTime","January 1, 2012               12:02 PM    "
"AA-1544-SAN-ORD2012-01-01","DepartureGate"," 31"
"AA-1544-SAN-ORD2012-01-01","ExpectedArrivalTime","January 1, 2012               05:25 PM    "
"AA-1544-SAN-ORD2012-01-01","ActualArrivalTime","January 1, 2012               06:28 PM    "
"AA-1544-SAN-ORD2012-01-01","ArrivalGate"," H8    "
"AA-649-ORD-SNA2012-01-01","ExpectedDepartureTime","January 1, 2012               01:30 PM    "
"AA-649-ORD-SNA2012-01-01","ActualDepartureTime","January 1, 2012     "
"AA-649-ORD-SNA2012-01-01","DepartureGate"," K7"
"AA-649-ORD-SNA2012-01-01","ExpectedArrivalTime","January 1, 2012               03:50 PM    "
"AA-649-ORD-SNA2012-01-01","ActualArrivalTime","January 1, 2012     "
"AA-649-ORD-SNA2012-01-01","ArrivalGate"," 7    "
"AA-1640-MIA-MCO2012-01-01","ExpectedDepartureTime","January 1, 2012               06:30 PM    "
"AA-1640-MIA-MCO2012-01-01","ActualDepartureTime","January 1, 2012     "
"AA-1640-MIA-MCO2012-01-01","DepartureGate"," D5"
"AA-1640-MIA-MCO2012-01-01","ExpectedArrivalTime","January 1, 2012               07:25 PM    "
"AA-1640-MIA-MCO2012-01-01","ActualArrivalTime","January 1, 2012     "
"AA-1640-MIA-MCO2012-01-01","ArrivalGate"," 14    "
"AA-518-MIA-JFK2012-01-01","ExpectedDepartureTime","January 1, 2012               06:30 AM    "
"AA-518-MIA-JFK2012-01-01","ActualDepartureTime","January 1, 2012               07:02 AM    "
"AA-518-MIA-JFK2012-01-01","DepartureGate"," D22"
"AA-518-MIA-JFK2012-01-01","ExpectedArrivalTime","January 1, 2012               09:15 AM    "
"AA-518-MIA-JFK2012-01-01","ActualArrivalTime","January 1, 2012               09:33 AM    "
"AA-518-MIA-JFK2012-01-01","ArrivalGate"," 8    "
"AA-2525-DFW-MIA2012-01-01","ExpectedDepartureTime","January 1, 2012               07:25 AM    "
"AA-2525-DFW-MIA2012-01-01","ActualDepartureTime","January 1, 2012               12:23 PM    "
"AA-2525-DFW-MIA2012-01-01","DepartureGate"," C8"
"AA-2525-DFW-MIA2012-01-01","ExpectedArrivalTime","January 1, 2012               11:10 AM    "
"AA-2525-DFW-MIA2012-01-01","ActualArrivalTime","January 1, 2012     "
"AA-2525-DFW-MIA2012-01-01","ArrivalGate"," D11    "
"AA-1279-DFW-PHX2012-01-01","ExpectedDepartureTime","January 1, 2012               01:00 PM    "
"AA-1279-DFW-PHX2012-01-01","ActualDepartureTime","January 1, 2012               01:20 PM    "
"AA-1279-DFW-PHX2012-01-01","DepartureGate"," C15"
"AA-1279-DFW-PHX2012-01-01","ExpectedArrivalTime","January 1, 2012               02:35 PM    "
"AA-1279-DFW-PHX2012-01-01","ActualArrivalTime","January 1, 2012               02:44 PM    "
"AA-1279-DFW-PHX2012-01-01","ArrivalGate"," 4    "
"AA-1522-SFO-ORD2012-01-01","ExpectedDepartureTime","January 1, 2012               11:55 PM    "
"AA-1522-SFO-ORD2012-01-01","ActualDepartureTime","January 1, 2012     "
"AA-1522-SFO-ORD2012-01-01","DepartureGate"," 56B"
"AA-1522-SFO-ORD2012-01-01","ExpectedArrivalTime","January 2, 2012               05:50 AM    "
"AA-1522-SFO-ORD2012-01-01","ActualArrivalTime","January 2, 2012     "
"AA-1522-SFO-ORD2012-01-01","ArrivalGate"," H10    "
"AA-1434-DFW-MCO2012-01-01","ExpectedDepartureTime","January 1, 2012               07:15 AM    "
"AA-1434-DFW-MCO2012-01-01","ActualDepartureTime","January 1, 2012               07:09 AM    "
"AA-1434-DFW-MCO2012-01-01","DepartureGate"," C7"
"AA-1434-DFW-MCO2012-01-01","ExpectedArrivalTime","January 1, 2012               10:35 AM    "
"AA-1434-DFW-MCO2012-01-01","ActualArrivalTime","January 1, 2012               10:32 AM    "
"AA-1434-DFW-MCO2012-01-01","ArrivalGate"," 15    "
"AA-59-JFK-SFO2012-01-01","ExpectedDepartureTime","January 1, 2012               07:10 AM    "
"AA-59-JFK-SFO2012-01-01","ActualDepartureTime","January 1, 2012               07:08 AM    "
"AA-59-JFK-SFO2012-01-01","DepartureGate"," 42"
"AA-59-JFK-SFO2012-01-01","ExpectedArrivalTime","January 1, 2012               10:45 AM    "
"AA-59-JFK-SFO2012-01-01","ActualArrivalTime","January 1, 2012               10:25 AM    "
"AA-59-JFK-SFO2012-01-01","ArrivalGate"," 58B    "
"AA-415-BOS-ORD2012-01-01","ExpectedDepartureTime","January 1, 2012               08:35 AM    "
"AA-415-BOS-ORD2012-01-01","ActualDepartureTime","January 1, 2012               08:29 AM    "
"AA-415-BOS-ORD2012-01-01","DepartureGate"," B36"
"AA-415-BOS-ORD2012-01-01","ExpectedArrivalTime","January 1, 2012               10:40 AM    "
"AA-415-BOS-ORD2012-01-01","ActualArrivalTime","January 1, 2012               10:14 AM    "
"AA-415-BOS-ORD2012-01-01","ArrivalGate"," H17    "
"AA-222-LAX-BOS2012-01-01","ExpectedDepartureTime","January 1, 2012               07:10 AM    "
"AA-222-LAX-BOS2012-01-01","ActualDepartureTime","January 1, 2012               07:12 AM    "
"AA-222-LAX-BOS2012-01-01","DepartureGate"," 48A"
"AA-222-LAX-BOS2012-01-01","ExpectedArrivalTime","January 1, 2012               03:30 PM    "
"AA-222-LAX-BOS2012-01-01","ActualArrivalTime","January 1, 2012               03:25 PM    "
"AA-222-LAX-BOS2012-01-01","ArrivalGate"," B28    "
"AA-3823-LAX-DEN2012-01-01","ExpectedDepartureTime","January 1, 2012               09:00 PM    "
"AA-3823-LAX-DEN2012-01-01","ActualDepartureTime","January 1, 2012     "
"AA-3823-LAX-DEN2012-01-01","DepartureGate"," 44J"
"AA-3823-LAX-DEN2012-01-01","ExpectedArrivalTime","January 2, 2012               12:15 AM    "
"AA-3823-LAX-DEN2012-01-01","ActualArrivalTime","January 2, 2012     "
"AA-3823-LAX-DEN2012-01-01","ArrivalGate"," A49    "
"AA-1165-JFK-MIA2012-01-01","ExpectedDepartureTime","January 1, 2012               06:59 AM    "
"AA-1165-JFK-MIA2012-01-01","ActualDepartureTime","January 1, 2012               06:59 AM    "
"AA-1165-JFK-MIA2012-01-01","DepartureGate"," 8"
"AA-1165-JFK-MIA2012-01-01","ExpectedArrivalTime","January 1, 2012               10:34 AM    "
"AA-1165-JFK-MIA2012-01-01","ActualArrivalTime","January 1, 2012               10:03 AM    "
"AA-1165-JFK-MIA2012-01-01","ArrivalGate"," D40    "
"AA-3786-IAH-ORD2012-01-01","ExpectedDepartureTime","January 1, 2012               04:00 PM    "
"AA-3786-IAH-ORD2012-01-01","ActualDepartureTime","January 1, 2012               03:55 PM    "
"AA-3786-IAH-ORD2012-01-01","DepartureGate"," A30"
"AA-3786-IAH-ORD2012-01-01","ExpectedArrivalTime","January 1, 2012               06:40 PM    "
"AA-3786-IAH-ORD2012-01-01","ActualArrivalTime","January 1, 2012               06:58 PM    "
"AA-3786-IAH-ORD2012-01-01","ArrivalGate"," G13    "
"AA-4330-CVG-ORD2012-01-01","ExpectedDepartureTime","January 1, 2012               03:35 PM    "
"AA-4330-CVG-ORD2012-01-01","ActualDepartureTime","January 1, 2012               03:30 PM    "
"AA-4330-CVG-ORD2012-01-01","DepartureGate"," 5"
"AA-4330-CVG-ORD2012-01-01","ExpectedArrivalTime","January 1, 2012               04:00 PM    "
"AA-4330-CVG-ORD2012-01-01","ActualArrivalTime","January 1, 2012               03:52 PM    "
"AA-4330-CVG-ORD2012-01-01","ArrivalGate"," G11    "
"AA-3468-CVG-MIA2012-01-01","ExpectedDepartureTime","January 1, 2012               07:00 AM    "
"AA-3468-CVG-MIA2012-01-01","ActualDepartureTime","January 1, 2012               06:52 AM    "
"AA-3468-CVG-MIA2012-01-01","DepartureGate"," 3"
"AA-3468-CVG-MIA2012-01-01","ExpectedArrivalTime","January 1, 2012               09:55 AM    "
"AA-3468-CVG-MIA2012-01-01","ActualArrivalTime","January 1, 2012               09:39 AM    "
"AA-3468-CVG-MIA2012-01-01","ArrivalGate"," D60B    "
"AA-204-LAX-MCO2012-01-01","ExpectedDepartureTime","January 1, 2012               11:25 PM    "
"AA-204-LAX-MCO2012-01-01","ActualDepartureTime","January 1, 2012     "
"AA-204-LAX-MCO2012-01-01","DepartureGate"," 46A"
"AA-204-LAX-MCO2012-01-01","ExpectedArrivalTime","January 2, 2012               06:55 AM    "
"AA-204-LAX-MCO2012-01-01","ActualArrivalTime","January 2, 2012     "
"AA-204-LAX-MCO2012-01-01","ArrivalGate"," TBA    "
"AA-466-IAH-MIA2012-01-01","ExpectedDepartureTime","January 1, 2012               06:00 AM    "
"AA-466-IAH-MIA2012-01-01","ActualDepartureTime","January 1, 2012               05:53 AM    "
"AA-466-IAH-MIA2012-01-01","DepartureGate"," A27"
"AA-466-IAH-MIA2012-01-01","ExpectedArrivalTime","January 1, 2012               09:20 AM    "
"AA-466-IAH-MIA2012-01-01","ActualArrivalTime","January 1, 2012               09:11 AM    "
"AA-466-IAH-MIA2012-01-01","ArrivalGate"," D4    "
"AA-3-JFK-LAX2012-01-01","ExpectedDepartureTime","January 1, 2012               12:00 PM    "
"AA-3-JFK-LAX2012-01-01","ActualDepartureTime","January 1, 2012               11:53 AM    "
"AA-3-JFK-LAX2012-01-01","DepartureGate"," 42"
"AA-3-JFK-LAX2012-01-01","ExpectedArrivalTime","January 1, 2012               03:15 PM    "
"AA-3-JFK-LAX2012-01-01","ActualArrivalTime","January 1, 2012               03:11 PM    "
"AA-3-JFK-LAX2012-01-01","ArrivalGate"," 47B    "
"AA-1007-MIA-PHX2012-01-01","ExpectedDepartureTime","January 1, 2012               04:55 PM    "
"AA-1007-MIA-PHX2012-01-01","ActualDepartureTime","January 1, 2012               04:48 PM    "
"AA-1007-MIA-PHX2012-01-01","DepartureGate"," D30"
"AA-1007-MIA-PHX2012-01-01","ExpectedArrivalTime","January 1, 2012               08:05 PM    "
"AA-1007-MIA-PHX2012-01-01","ActualArrivalTime","January 1, 2012               08:01 PM    "
"AA-1007-MIA-PHX2012-01-01","ArrivalGate"," 6    "
"AA-271-MIA-LAX2012-01-01","ExpectedDepartureTime","January 1, 2012               11:35 AM    "
"AA-271-MIA-LAX2012-01-01","ActualDepartureTime","January 1, 2012               11:36 AM    "
"AA-271-MIA-LAX2012-01-01","DepartureGate"," D10"
"AA-271-MIA-LAX2012-01-01","ExpectedArrivalTime","January 1, 2012               02:25 PM    "
"AA-271-MIA-LAX2012-01-01","ActualArrivalTime","January 1, 2012               02:24 PM    "
"AA-271-MIA-LAX2012-01-01","ArrivalGate"," 45    "
"AA-643-MIA-ORD2012-01-01","ExpectedDepartureTime","January 1, 2012               07:10 AM    "
"AA-643-MIA-ORD2012-01-01","ActualDepartureTime","January 1, 2012               07:47 AM    "
"AA-643-MIA-ORD2012-01-01","DepartureGate"," D3"
"AA-643-MIA-ORD2012-01-01","ExpectedArrivalTime","January 1, 2012               09:35 AM    "
"AA-643-MIA-ORD2012-01-01","ActualArrivalTime","January 1, 2012               09:50 AM    "
"AA-643-MIA-ORD2012-01-01","ArrivalGate"," H15    "
"AA-4198-ORD-CLE2012-01-01","ExpectedDepartureTime","January 1, 2012               10:40 AM    "
"AA-4198-ORD-CLE2012-01-01","ActualDepartureTime","January 1, 2012               10:33 AM    "
"AA-4198-ORD-CLE2012-01-01","DepartureGate"," G12"
"AA-4198-ORD-CLE2012-01-01","ExpectedArrivalTime","January 1, 2012               12:55 PM    "
"AA-4198-ORD-CLE2012-01-01","ActualArrivalTime","January 1, 2012               12:55 PM    "
"AA-4198-ORD-CLE2012-01-01","ArrivalGate"," A1    "
"AA-400-DFW-JFK2012-01-01","ExpectedDepartureTime","January 1, 2012               10:40 AM    "
"AA-400-DFW-JFK2012-01-01","ActualDepartureTime","January 1, 2012               10:39 AM    "
"AA-400-DFW-JFK2012-01-01","DepartureGate"," C7"
"AA-400-DFW-JFK2012-01-01","ExpectedArrivalTime","January 1, 2012               02:59 PM    "
"AA-400-DFW-JFK2012-01-01","ActualArrivalTime","January 1, 2012               02:44 PM    "
"AA-400-DFW-JFK2012-01-01","ArrivalGate"," 42    "
"AA-1886-BOS-MIA2012-01-01","ExpectedDepartureTime","January 1, 2012               10:45 AM    "
"AA-1886-BOS-MIA2012-01-01","ActualDepartureTime","January 1, 2012               10:41 AM    "
"AA-1886-BOS-MIA2012-01-01","DepartureGate"," B32"
"AA-1886-BOS-MIA2012-01-01","ExpectedArrivalTime","January 1, 2012               02:20 PM    "
"AA-1886-BOS-MIA2012-01-01","ActualArrivalTime","January 1, 2012               02:14 PM    "
"AA-1886-BOS-MIA2012-01-01","ArrivalGate"," D4    "
"AA-1917-JFK-MCO2012-01-01","ExpectedDepartureTime","January 1, 2012               02:55 PM    "
"AA-1917-JFK-MCO2012-01-01","ActualDepartureTime","January 1, 2012               03:00 PM    "
"AA-1917-JFK-MCO2012-01-01","DepartureGate"," 45"
"AA-1917-JFK-MCO2012-01-01","ExpectedArrivalTime","January 1, 2012               05:55 PM    "
"AA-1917-JFK-MCO2012-01-01","ActualArrivalTime","January 1, 2012               05:51 PM    "
"AA-1917-JFK-MCO2012-01-01","ArrivalGate"," 16    "
"AA-3809-PHX-LAX2012-01-01","ExpectedDepartureTime","January 1, 2012               06:00 AM    "
"AA-3809-PHX-LAX2012-01-01","ActualDepartureTime","January 1, 2012               05:59 AM    "
"AA-3809-PHX-LAX2012-01-01","DepartureGate"," 2"
"AA-3809-PHX-LAX2012-01-01","ExpectedArrivalTime","January 1, 2012               06:40 AM    "
"AA-3809-PHX-LAX2012-01-01","ActualArrivalTime","January 1, 2012               06:45 AM    "
"AA-3809-PHX-LAX2012-01-01","ArrivalGate"," 44I    "
"AA-2957-DFW-CVG2012-01-01","ExpectedDepartureTime","January 1, 2012               07:55 AM    "
"AA-2957-DFW-CVG2012-01-01","ActualDepartureTime","January 1, 2012               07:55 AM    "
"AA-2957-DFW-CVG2012-01-01","DepartureGate"," B27"
"AA-2957-DFW-CVG2012-01-01","ExpectedArrivalTime","January 1, 2012               11:05 AM    "
"AA-2957-DFW-CVG2012-01-01","ActualArrivalTime","January 1, 2012               11:14 AM    "
"AA-2957-DFW-CVG2012-01-01","ArrivalGate"," 3    "
"UA-1500-IAH-GUA2012-01-01","ExpectedDepartureTime","Sun, Jan 1 8:50 AM"
"UA-1500-IAH-GUA2012-01-01","ActualDepartureTime","Sun, Jan 1 8:48 AM            On Time"
"UA-1500-IAH-GUA2012-01-01","DepartureGate","E3"
"UA-1500-IAH-GUA2012-01-01","ExpectedArrivalTime","Sun, Jan 1 11:43 AM"
"UA-1500-IAH-GUA2012-01-01","ActualArrivalTime","Sun, Jan 1 11:40 AM"
"UA-1500-IAH-GUA2012-01-01","ArrivalGate","15"
"UA-3515-IAD-MSP2012-01-01","ExpectedDepartureTime","Sun, Jan 1 8:21 AM"
"UA-3515-IAD-MSP2012-01-01","ActualDepartureTime","Sun, Jan 1 8:19 AM"
"UA-3515-IAD-MSP2012-01-01","DepartureGate","D18"
"UA-3515-IAD-MSP2012-01-01","ExpectedArrivalTime","Sun, Jan 1 10:11 AM"
"UA-3515-IAD-MSP2012-01-01","ActualArrivalTime","Sun, Jan 1 9:46 AM"
"UA-3515-IAD-MSP2012-01-01","ArrivalGate","E8"
"UA-664-ORD-PHL2012-01-01","ExpectedDepartureTime","Sun, Jan 1 2:00 PM"
"UA-664-ORD-PHL2012-01-01","ActualDepartureTime","Sun, Jan 1 1:57 PM"
"UA-664-ORD-PHL2012-01-01","DepartureGate","B7"
"UA-664-ORD-PHL2012-01-01","ExpectedArrivalTime","Sun, Jan 1 5:03 PM"
"UA-664-ORD-PHL2012-01-01","ActualArrivalTime","Sun, Jan 1 5:08 PM"
"UA-664-ORD-PHL2012-01-01","ArrivalGate","D9"
"UA-414-LAX-SFO2012-01-01","ExpectedDepartureTime","Sun, Jan 1 6:54 AM"
"UA-414-LAX-SFO2012-01-01","ActualDepartureTime","Sun, Jan 1 6:53 AM"
"UA-414-LAX-SFO2012-01-01","DepartureGate","67B"
"UA-414-LAX-SFO2012-01-01","ExpectedArrivalTime","Sun, Jan 1 8:18 AM"
"UA-414-LAX-SFO2012-01-01","ActualArrivalTime","Sun, Jan 1 8:04 AM"
"UA-414-LAX-SFO2012-01-01","ArrivalGate","84"
"UA-257-JFK-SFO2012-01-01","ExpectedDepartureTime","Sun, Jan 1 2:30 PM"
"UA-257-JFK-SFO2012-01-01","ActualDepartureTime","Sun, Jan 1 2:55 PM"
"UA-257-JFK-SFO2012-01-01","DepartureGate","9"
"UA-257-JFK-SFO2012-01-01","ExpectedArrivalTime","Sun, Jan 1 6:14 PM"
"UA-257-JFK-SFO2012-01-01","ActualArrivalTime","Sun, Jan 1 6:03 PM"
"UA-257-JFK-SFO2012-01-01","ArrivalGate","80"
"UA-62-IAH-EWR2012-01-01","ExpectedDepartureTime","Sun, Jan 1 2:30 PM"
"UA-62-IAH-EWR2012-01-01","ActualDepartureTime","Sun, Jan 1 2:35 PM"
"UA-62-IAH-EWR2012-01-01","DepartureGate","C-39"
"UA-62-IAH-EWR2012-01-01","ExpectedArrivalTime","Sun, Jan 1 7:03 PM"
"UA-62-IAH-EWR2012-01-01","ActualArrivalTime","Sun, Jan 1 7:06 PM"
"UA-62-IAH-EWR2012-01-01","ArrivalGate","C128"
"UA-843-LAX-ORD2012-01-01","ExpectedDepartureTime","Sun, Jan 1 2:02 PM"
"UA-843-LAX-ORD2012-01-01","ActualDepartureTime","Sun, Jan 1 2:01 PM"
"UA-843-LAX-ORD2012-01-01","DepartureGate","70A"
"UA-843-LAX-ORD2012-01-01","ExpectedArrivalTime","Sun, Jan 1 8:07 PM"
"UA-843-LAX-ORD2012-01-01","ActualArrivalTime","Sun, Jan 1 8:08 PM"
"UA-843-LAX-ORD2012-01-01","ArrivalGate","C19"
"UA-248-PHX-ORD2012-01-01","ExpectedDepartureTime","Sun, Jan 1 12:52 PM"
"UA-248-PHX-ORD2012-01-01","ActualDepartureTime","Sun, Jan 1 12:52 PM            On Time"
"UA-248-PHX-ORD2012-01-01","DepartureGate","3"
"UA-248-PHX-ORD2012-01-01","ExpectedArrivalTime","Sun, Jan 1 5:12 PM"
"UA-248-PHX-ORD2012-01-01","ActualArrivalTime","Sun, Jan 1 5:12 PM"
"UA-248-PHX-ORD2012-01-01","ArrivalGate","C26"
"UA-248-PHX-ORD2012-01-01","ExpectedDepartureTime","Sun, Jan 1 12:52 PM"
"UA-248-PHX-ORD2012-01-01","ActualDepartureTime","Sun, Jan 1 1:23 PM            Delayed"
"UA-248-PHX-ORD2012-01-01","DepartureGate","3"
"UA-248-PHX-ORD2012-01-01","ExpectedArrivalTime","Sun, Jan 1 5:12 PM"
"UA-248-PHX-ORD2012-01-01","ActualArrivalTime","Sun, Jan 1 5:37 PM"
"UA-248-PHX-ORD2012-01-01","ArrivalGate","C23"
"UA-397-JFK-SFO2012-01-01","ExpectedDepartureTime","Sun, Jan 1 8:25 AM"
"UA-397-JFK-SFO2012-01-01","ActualDepartureTime","Sun, Jan 1 8:21 AM"
"UA-397-JFK-SFO2012-01-01","DepartureGate","9"
"UA-397-JFK-SFO2012-01-01","ExpectedArrivalTime","Sun, Jan 1 12:14 PM"
"UA-397-JFK-SFO2012-01-01","ActualArrivalTime","Sun, Jan 1 11:31 AM"
"UA-397-JFK-SFO2012-01-01","ArrivalGate","81"
"UA-2704-DTW-PHX2012-01-01","ExpectedDepartureTime","Sun, Jan 1 11:15 AM"
"UA-2704-DTW-PHX2012-01-01","ActualDepartureTime","Sun, Jan 1 11:38 AM"
"UA-2704-DTW-PHX2012-01-01","DepartureGate","D25"
"UA-2704-DTW-PHX2012-01-01","ExpectedArrivalTime","Sun, Jan 1 1:40 PM"
"UA-2704-DTW-PHX2012-01-01","ActualArrivalTime","Sun, Jan 1 1:48 PM"
"UA-2704-DTW-PHX2012-01-01","ArrivalGate","A25"
"UA-3373-IAD-PHL2012-01-01","ExpectedDepartureTime","Sun, Jan 1 8:30 AM"
"UA-3373-IAD-PHL2012-01-01","ActualDepartureTime","Sun, Jan 1 8:30 AM"
"UA-3373-IAD-PHL2012-01-01","DepartureGate","C20"
"UA-3373-IAD-PHL2012-01-01","ExpectedArrivalTime","Sun, Jan 1 9:25 AM"
"UA-3373-IAD-PHL2012-01-01","ActualArrivalTime","Sun, Jan 1 9:18 AM"
"UA-3373-IAD-PHL2012-01-01","ArrivalGate","D7"
"UA-2906-PHL-MCO2012-01-01","ExpectedDepartureTime","Sun, Jan 1 3:50 PM"
"UA-2906-PHL-MCO2012-01-01","ActualDepartureTime","Sun, Jan 1 3:50 PM            Delayed"
"UA-2906-PHL-MCO2012-01-01","DepartureGate","A20"
"UA-2906-PHL-MCO2012-01-01","ExpectedArrivalTime","Sun, Jan 1 6:23 PM"
"UA-2906-PHL-MCO2012-01-01","ActualArrivalTime","Sun, Jan 1 6:22 PM"
"UA-2906-PHL-MCO2012-01-01","ArrivalGate","58"
"UA-938-DEN-ORD2012-01-01","ExpectedDepartureTime","Sun, Jan 1 3:55 PM"
"UA-938-DEN-ORD2012-01-01","ActualDepartureTime","Sun, Jan 1 3:54 PM"
"UA-938-DEN-ORD2012-01-01","DepartureGate","B36"
"UA-938-DEN-ORD2012-01-01","ExpectedArrivalTime","Sun, Jan 1 7:18 PM"
"UA-938-DEN-ORD2012-01-01","ActualArrivalTime","Sun, Jan 1 7:18 PM"
"UA-938-DEN-ORD2012-01-01","ArrivalGate","C30"
"UA-3099-PHX-PHL2012-01-01","ExpectedDepartureTime","Sun, Jan 1 11:55 AM"
"UA-3099-PHX-PHL2012-01-01","ActualDepartureTime","Sun, Jan 1 11:55 AM"
"UA-3099-PHX-PHL2012-01-01","DepartureGate","A7"
"UA-3099-PHX-PHL2012-01-01","ExpectedArrivalTime","Sun, Jan 1 6:17 PM"
"UA-3099-PHX-PHL2012-01-01","ActualArrivalTime","Sun, Jan 1 6:18 PM"
"UA-3099-PHX-PHL2012-01-01","ArrivalGate","C23"
"UA-3925-IAD-ORF2012-01-01","ExpectedDepartureTime","Sun, Jan 1 8:42 AM"
"UA-3925-IAD-ORF2012-01-01","ActualDepartureTime","Sun, Jan 1 8:31 AM"
"UA-3925-IAD-ORF2012-01-01","DepartureGate","A2A"
"UA-3925-IAD-ORF2012-01-01","ExpectedArrivalTime","Sun, Jan 1 9:55 AM"
"UA-3925-IAD-ORF2012-01-01","ActualArrivalTime","Sun, Jan 1 9:18 AM"
"UA-5487-SFO-MRY2012-01-01","ExpectedDepartureTime","Sun, Jan 1 10:37 AM"
"UA-5487-SFO-MRY2012-01-01","ActualDepartureTime","Sun, Jan 1 10:48 AM"
"UA-5487-SFO-MRY2012-01-01","DepartureGate","87A"
"UA-5487-SFO-MRY2012-01-01","ExpectedArrivalTime","Sun, Jan 1 11:24 AM"
"UA-5487-SFO-MRY2012-01-01","ActualArrivalTime","Sun, Jan 1 11:38 AM"
"UA-3050-PHX-CLT2012-01-01","ExpectedDepartureTime","Sun, Jan 1 11:05 AM"
"UA-3050-PHX-CLT2012-01-01","ActualDepartureTime","Sun, Jan 1 11:21 AM"
"UA-3050-PHX-CLT2012-01-01","DepartureGate","A24"
"UA-3050-PHX-CLT2012-01-01","ExpectedArrivalTime","Sun, Jan 1 4:57 PM"
"UA-3050-PHX-CLT2012-01-01","ActualArrivalTime","Sun, Jan 1 5:29 PM"
"UA-3050-PHX-CLT2012-01-01","ArrivalGate","B5"
"UA-828-SFO-ORD2012-01-01","ExpectedDepartureTime","Sun, Jan 1 11:13 PM"
"UA-828-SFO-ORD2012-01-01","ActualDepartureTime","Sun, Jan 1 11:13 PM            On Time"
"UA-828-SFO-ORD2012-01-01","DepartureGate","81"
"UA-828-SFO-ORD2012-01-01","ExpectedArrivalTime","Mon, Jan 2 5:15 AM"
"UA-828-SFO-ORD2012-01-01","ActualArrivalTime","Mon, Jan 2 5:15 AM"
"UA-828-SFO-ORD2012-01-01","ArrivalGate","C26"
"UA-2830-MCO-CLT2012-01-01","ExpectedDepartureTime","Sun, Jan 1 3:27 PM"
"UA-2830-MCO-CLT2012-01-01","ActualDepartureTime","Sun, Jan 1 3:27 PM"
"UA-2830-MCO-CLT2012-01-01","DepartureGate","58"
"UA-2830-MCO-CLT2012-01-01","ExpectedArrivalTime","Sun, Jan 1 5:05 PM"
"UA-2830-MCO-CLT2012-01-01","ActualArrivalTime","Sun, Jan 1 5:01 PM"
"UA-2830-MCO-CLT2012-01-01","ArrivalGate","B8"
"UA-37-EWR-MCO2012-01-01","ExpectedDepartureTime","Sun, Jan 1 1:29 PM"
"UA-37-EWR-MCO2012-01-01","ActualDepartureTime","Sun, Jan 1 1:30 PM            Delayed"
"UA-37-EWR-MCO2012-01-01","DepartureGate","C135"
"UA-37-EWR-MCO2012-01-01","ExpectedArrivalTime","Sun, Jan 1 4:22 PM"
"UA-37-EWR-MCO2012-01-01","ActualArrivalTime","Sun, Jan 1 4:15 PM"
"UA-37-EWR-MCO2012-01-01","ArrivalGate","39"
"UA-37-EDI-EWR2012-01-01","ExpectedDepartureTime","Sun, Jan 1 9:05 AM"
"UA-37-EDI-EWR2012-01-01","ActualDepartureTime","Sun, Jan 1 8:58 AM"
"UA-37-EDI-EWR2012-01-01","ExpectedArrivalTime","Sun, Jan 1 11:53 AM"
"UA-37-EDI-EWR2012-01-01","ActualArrivalTime","Sun, Jan 1 11:37 AM"
"UA-37-EDI-EWR2012-01-01","ArrivalGate","B60"
"UA-2708-EWR-CLT2012-01-01","ExpectedDepartureTime","Sun, Jan 1 2:55 PM"
"UA-2708-EWR-CLT2012-01-01","ActualDepartureTime","Sun, Jan 1 2:55 PM"
"UA-2708-EWR-CLT2012-01-01","DepartureGate","A37"
"UA-2708-EWR-CLT2012-01-01","ExpectedArrivalTime","Sun, Jan 1 4:53 PM"
"UA-2708-EWR-CLT2012-01-01","ActualArrivalTime","Sun, Jan 1 4:46 PM"
"UA-2708-EWR-CLT2012-01-01","ArrivalGate","C13"
"UA-233-LAX-JFK2012-01-01","ExpectedDepartureTime","Sun, Jan 1 4:25 PM"
"UA-233-LAX-JFK2012-01-01","ActualDepartureTime","Sun, Jan 1 4:25 PM"
"UA-233-LAX-JFK2012-01-01","DepartureGate","72"
"UA-233-LAX-JFK2012-01-01","ExpectedArrivalTime","Mon, Jan 2 12:44 AM"
"UA-233-LAX-JFK2012-01-01","ActualArrivalTime","Mon, Jan 2 12:44 AM"
"UA-233-LAX-JFK2012-01-01","ArrivalGate","3"
"UA-2726-FLL-PHL2012-01-01","ExpectedDepartureTime","Sun, Jan 1 4:00 PM"
"UA-2726-FLL-PHL2012-01-01","ActualDepartureTime","Sun, Jan 1 4:00 PM"
"UA-2726-FLL-PHL2012-01-01","DepartureGate","E3"
"UA-2726-FLL-PHL2012-01-01","ExpectedArrivalTime","Sun, Jan 1 6:46 PM"
"UA-2726-FLL-PHL2012-01-01","ActualArrivalTime","Sun, Jan 1 6:32 PM"
"UA-2726-FLL-PHL2012-01-01","ArrivalGate","C24"
"UA-2945-PHL-CLT2012-01-01","ExpectedDepartureTime","Sun, Jan 1 12:00 AM"
"UA-2945-PHL-CLT2012-01-01","ActualDepartureTime","Sun, Jan 1 6:11 AM"
"UA-2945-PHL-CLT2012-01-01","DepartureGate","A19"
"UA-2945-PHL-CLT2012-01-01","ExpectedArrivalTime","Sun, Jan 1 1:45 PM"
"UA-2945-PHL-CLT2012-01-01","ActualArrivalTime","Sun, Jan 1 1:32 PM"
"UA-2945-PHL-CLT2012-01-01","ArrivalGate","C12"
"UA-6273-YYC-SFO2012-01-01","ExpectedDepartureTime","Sun, Jan 1 7:35 AM"
"UA-6273-YYC-SFO2012-01-01","ActualDepartureTime","Sun, Jan 1 7:32 AM"
"UA-6273-YYC-SFO2012-01-01","ExpectedArrivalTime","Sun, Jan 1 9:43 AM"
"UA-6273-YYC-SFO2012-01-01","ActualArrivalTime","Sun, Jan 1 9:43 AM"
"UA-6273-YYC-SFO2012-01-01","ArrivalGate","76B"
"UA-2314-ATL-PHL2012-01-01","ExpectedDepartureTime","Sun, Jan 1 2:55 PM"
"UA-2314-ATL-PHL2012-01-01","ActualDepartureTime","Sun, Jan 1 2:55 PM"
"UA-2314-ATL-PHL2012-01-01","DepartureGate","D23"
"UA-2314-ATL-PHL2012-01-01","ExpectedArrivalTime","Sun, Jan 1 5:00 PM"
"UA-2314-ATL-PHL2012-01-01","ActualArrivalTime","Sun, Jan 1 4:41 PM"
"UA-2314-ATL-PHL2012-01-01","ArrivalGate","C31"
"UA-382-IAD-LAX2012-01-01","ExpectedDepartureTime","Sun, Jan 1 12:20 PM"
"UA-382-IAD-LAX2012-01-01","ActualDepartureTime","Sun, Jan 1 12:19 PM            On Time"
"UA-382-IAD-LAX2012-01-01","DepartureGate","C19"
"UA-382-IAD-LAX2012-01-01","ExpectedArrivalTime","Sun, Jan 1 3:08 PM"
"UA-382-IAD-LAX2012-01-01","ActualArrivalTime","Sun, Jan 1 2:47 PM"
"UA-382-IAD-LAX2012-01-01","ArrivalGate","77"
"UA-382-IAD-LAX2012-01-01","ExpectedDepartureTime","Sun, Jan 1 12:20 PM"
"UA-382-IAD-LAX2012-01-01","ActualDepartureTime","Sun, Jan 1 12:19 PM            On Time"
"UA-382-IAD-LAX2012-01-01","DepartureGate","C19"
"UA-382-IAD-LAX2012-01-01","ExpectedArrivalTime","Sun, Jan 1 3:08 PM"
"UA-382-IAD-LAX2012-01-01","ActualArrivalTime","Sun, Jan 1 3:03 PM"
"UA-382-IAD-LAX2012-01-01","ArrivalGate","77"
"UA-858-PVG-SFO2012-01-01","ExpectedDepartureTime","Sun, Jan 1 1:45 PM"
"UA-858-PVG-SFO2012-01-01","ActualDepartureTime","Sun, Jan 1 1:36 PM"
"UA-858-PVG-SFO2012-01-01","DepartureGate","77"
"UA-858-PVG-SFO2012-01-01","ExpectedArrivalTime","Sun, Jan 1 8:27 AM"
"UA-858-PVG-SFO2012-01-01","ActualArrivalTime","Sun, Jan 1 8:18 AM"
"UA-858-PVG-SFO2012-01-01","ArrivalGate","96"
"UA-854-SFO-IAH2012-01-01","ExpectedDepartureTime","Sun, Jan 1 7:35 AM"
"UA-854-SFO-IAH2012-01-01","ActualDepartureTime","Sun, Jan 1 7:31 AM"
"UA-854-SFO-IAH2012-01-01","DepartureGate","94"
"UA-854-SFO-IAH2012-01-01","ExpectedArrivalTime","Sun, Jan 1 1:30 PM"
"UA-854-SFO-IAH2012-01-01","ActualArrivalTime","Sun, Jan 1 1:16 PM"
"UA-854-SFO-IAH2012-01-01","ArrivalGate","C16"
"CO-1586-IAH-MCO2012-01-01","ExpectedDepartureTime","Sun., Jan.01, 2012 7:00 p.m."
"CO-1586-IAH-MCO2012-01-01","ActualDepartureTime","Sun., Jan.01, 2012 7:20 p.m."
"CO-1586-IAH-MCO2012-01-01","ExpectedArrivalTime","Sun., Jan.01, 2012 10:12 p.m."
"CO-1586-IAH-MCO2012-01-01","ActualArrivalTime","Sun., Jan.01, 2012 10:33 p.m."
"CO-1694-LAX-IAH2012-01-01","ExpectedDepartureTime","Sun., Jan.01, 2012 7:41 p.m."
"CO-1694-LAX-IAH2012-01-01","ActualDepartureTime","Sun., Jan.01, 2012 7:41 p.m."
"CO-1694-LAX-IAH2012-01-01","ExpectedArrivalTime","Sun., Jan.01, 2012 12:44 a.m."
"CO-1694-LAX-IAH2012-01-01","ActualArrivalTime","Sun., Jan.01, 2012 12:44 a.m."
"CO-1088-CLE-IAH2012-01-01","ExpectedDepartureTime","Sun., Jan.01, 2012 8:40 a.m."
"CO-1088-CLE-IAH2012-01-01","ActualDepartureTime","Sun., Jan.01, 2012 8:49 a.m."
"CO-1088-CLE-IAH2012-01-01","ExpectedArrivalTime","Sun., Jan.01, 2012 10:53 a.m."
"CO-1088-CLE-IAH2012-01-01","ActualArrivalTime","Sun., Jan.01, 2012 10:59 a.m."
"CO-16-LAX-EWR2012-01-01","ExpectedDepartureTime","Sun., Jan.01, 2012 10:25 a.m."
"CO-16-LAX-EWR2012-01-01","ActualDepartureTime","Sun., Jan.01, 2012 10:28 a.m."
"CO-16-LAX-EWR2012-01-01","ExpectedArrivalTime","Sun., Jan.01, 2012 6:39 p.m."
"CO-16-LAX-EWR2012-01-01","ActualArrivalTime","Sun., Jan.01, 2012 6:41 p.m."
"CO-58-DEN-IAH2012-01-01","ExpectedDepartureTime","Sun., Jan.01, 2012 11:33 a.m."
"CO-58-DEN-IAH2012-01-01","ActualDepartureTime","Sun., Jan.01, 2012 11:49 a.m."
"CO-58-DEN-IAH2012-01-01","ExpectedArrivalTime","Sun., Jan.01, 2012 2:59 p.m."
"CO-58-DEN-IAH2012-01-01","ActualArrivalTime","Sun., Jan.01, 2012 2:55 p.m."
"CO-1193-EWR-MCO2012-01-01","ExpectedDepartureTime","Sun., Jan.01, 2012 9:05 a.m."
"CO-1193-EWR-MCO2012-01-01","ActualDepartureTime","Sun., Jan.01, 2012 9:12 a.m."
"CO-1193-EWR-MCO2012-01-01","ExpectedArrivalTime","Sun., Jan.01, 2012 12:01 p.m."
"CO-1193-EWR-MCO2012-01-01","ActualArrivalTime","Sun., Jan.01, 2012 11:54 a.m."
"CO-1023-IAH-DEN2012-01-01","ExpectedDepartureTime","Sun., Jan.01, 2012 11:40 a.m."
"CO-1023-IAH-DEN2012-01-01","ActualDepartureTime","Sun., Jan.01, 2012 11:46 a.m."
"CO-1023-IAH-DEN2012-01-01","ExpectedArrivalTime","Sun., Jan.01, 2012 1:23 p.m."
"CO-1023-IAH-DEN2012-01-01","ActualArrivalTime","Sun., Jan.01, 2012 1:16 p.m."
"CO-1250-MIA-IAH2012-01-01","ExpectedDepartureTime","Sun., Jan.01, 2012 2:52 p.m."
"CO-1250-MIA-IAH2012-01-01","ActualDepartureTime","Sun., Jan.01, 2012 3:02 p.m."
"CO-1250-MIA-IAH2012-01-01","ExpectedArrivalTime","Sun., Jan.01, 2012 4:53 p.m."
"CO-1250-MIA-IAH2012-01-01","ActualArrivalTime","Sun., Jan.01, 2012 4:39 p.m."
"CO-62-IAH-EWR2012-01-01","ExpectedDepartureTime","Sun., Jan.01, 2012 2:30 p.m."
"CO-62-IAH-EWR2012-01-01","ActualDepartureTime","Sun., Jan.01, 2012 2:35 p.m."
"CO-62-IAH-EWR2012-01-01","ExpectedArrivalTime","Sun., Jan.01, 2012 7:03 p.m."
"CO-62-IAH-EWR2012-01-01","ActualArrivalTime","Sun., Jan.01, 2012 7:06 p.m."
"CO-52-IAH-LAX2012-01-01","ExpectedDepartureTime","Sun., Jan.01, 2012 7:35 a.m."
"CO-52-IAH-LAX2012-01-01","ActualDepartureTime","Sun., Jan.01, 2012 7:37 a.m."
"CO-52-IAH-LAX2012-01-01","ExpectedArrivalTime","Sun., Jan.01, 2012 9:30 a.m."
"CO-52-IAH-LAX2012-01-01","ActualArrivalTime","Sun., Jan.01, 2012 9:03 a.m."
"CO-1614-LAX-IAH2012-01-01","ExpectedDepartureTime","Sun., Jan.01, 2012 12:30 a.m."
"CO-1614-LAX-IAH2012-01-01","ActualDepartureTime","Sun., Jan.01, 2012 12:57 a.m."
"CO-1614-LAX-IAH2012-01-01","ExpectedArrivalTime","Sun., Jan.01, 2012 5:36 a.m."
"CO-1614-LAX-IAH2012-01-01","ActualArrivalTime","Sun., Jan.01, 2012 6:09 a.m."
"CO-89-IAH-EWR2012-01-01","ExpectedDepartureTime","Sun., Jan.01, 2012 6:00 a.m."
"CO-89-IAH-EWR2012-01-01","ActualDepartureTime","Sun., Jan.01, 2012 5:58 a.m."
"CO-89-IAH-EWR2012-01-01","ExpectedArrivalTime","Sun., Jan.01, 2012 10:20 a.m."
"CO-89-IAH-EWR2012-01-01","ActualArrivalTime","Sun., Jan.01, 2012 10:07 a.m."
"CO-1090-BOS-IAH2012-01-01","ExpectedDepartureTime","Sun., Jan.01, 2012 9:10 a.m."
"CO-1090-BOS-IAH2012-01-01","ActualDepartureTime","Sun., Jan.01, 2012 9:12 a.m."
"CO-1090-BOS-IAH2012-01-01","ExpectedArrivalTime","Sun., Jan.01, 2012 12:40 p.m."
"CO-1090-BOS-IAH2012-01-01","ActualArrivalTime","Sun., Jan.01, 2012 12:32 p.m."
"CO-45-EWR-MIA2012-01-01","ExpectedDepartureTime","Sun., Jan.01, 2012 3:35 p.m."
"CO-45-EWR-MIA2012-01-01","ActualDepartureTime","Sun., Jan.01, 2012 3:50 p.m."
"CO-45-EWR-MIA2012-01-01","ExpectedArrivalTime","Sun., Jan.01, 2012 6:56 p.m."
"CO-45-EWR-MIA2012-01-01","ActualArrivalTime","Sun., Jan.01, 2012 6:58 p.m."
"CO-63-EWR-IAH2012-01-01","ExpectedDepartureTime","Sun., Jan.01, 2012 5:25 p.m."
"CO-63-EWR-IAH2012-01-01","ActualDepartureTime","Sun., Jan.01, 2012 5:27 p.m."
"CO-63-EWR-IAH2012-01-01","ExpectedArrivalTime","Sun., Jan.01, 2012 8:30 p.m."
"CO-63-EWR-IAH2012-01-01","ActualArrivalTime","Sun., Jan.01, 2012 8:20 p.m."
"CO-50-CLE-EWR2012-01-01","ExpectedDepartureTime","Sun., Jan.01, 2012 2:55 p.m."
"CO-50-CLE-EWR2012-01-01","ActualDepartureTime","Sun., Jan.01, 2012 3:08 p.m."
"CO-50-CLE-EWR2012-01-01","ExpectedArrivalTime","Sun., Jan.01, 2012 4:53 p.m."
"CO-50-CLE-EWR2012-01-01","ActualArrivalTime","Sun., Jan.01, 2012 5:01 p.m."
"CO-1561-PHX-IAH2012-01-01","ExpectedDepartureTime","Sun., Jan.01, 2012 8:05 a.m."
"CO-1561-PHX-IAH2012-01-01","ActualDepartureTime","Sun., Jan.01, 2012 8:05 a.m."
"CO-1561-PHX-IAH2012-01-01","ExpectedArrivalTime","Sun., Jan.01, 2012 11:37 a.m."
"CO-1561-PHX-IAH2012-01-01","ActualArrivalTime","Sun., Jan.01, 2012 11:35 a.m."
"CO-47-IAH-LAX2012-01-01","ExpectedDepartureTime","Sun., Jan.01, 2012 7:10 p.m."
"CO-47-IAH-LAX2012-01-01","ActualDepartureTime","Sun., Jan.01, 2012 7:24 p.m."
"CO-47-IAH-LAX2012-01-01","ExpectedArrivalTime","Sun., Jan.01, 2012 9:06 p.m."
"CO-47-IAH-LAX2012-01-01","ActualArrivalTime","Sun., Jan.01, 2012 8:43 p.m."
