"ObjectID","PropertyID","PropertyValue"
"AA-1221-MCO-ORD2011-12-25","ExpectedDepartureTime","December 25, 2011               08:00 PM    "
"AA-1221-MCO-ORD2011-12-25","ActualDepartureTime","December 25, 2011               07:48 PM    "
"AA-1221-MCO-ORD2011-12-25","DepartureGate"," 15"
"AA-1221-MCO-ORD2011-12-25","ExpectedArrivalTime","December 25, 2011               09:50 PM    "
"AA-1221-MCO-ORD2011-12-25","ActualArrivalTime","December 25, 2011               09:37 PM    "
"AA-1221-MCO-ORD2011-12-25","ArrivalGate"," H12    "
"AA-518-MIA-JFK2011-12-25","ExpectedDepartureTime","December 25, 2011               06:30 AM    "
"AA-518-MIA-JFK2011-12-25","ActualDepartureTime","December 25, 2011               06:58 AM    "
"AA-518-MIA-JFK2011-12-25","DepartureGate"," D23"
"AA-518-MIA-JFK2011-12-25","ExpectedArrivalTime","December 25, 2011               09:15 AM    "
"AA-518-MIA-JFK2011-12-25","ActualArrivalTime","December 25, 2011               09:31 AM    "
"AA-518-MIA-JFK2011-12-25","ArrivalGate"," 8    "
"AA-1640-MIA-MCO2011-12-25","ExpectedDepartureTime","December 25, 2011               06:30 PM    "
"AA-1640-MIA-MCO2011-12-25","ActualDepartureTime","December 25, 2011     "
"AA-1640-MIA-MCO2011-12-25","DepartureGate"," D44"
"AA-1640-MIA-MCO2011-12-25","ExpectedArrivalTime","December 25, 2011               07:25 PM    "
"AA-1640-MIA-MCO2011-12-25","ActualArrivalTime","December 25, 2011     "
"AA-1640-MIA-MCO2011-12-25","ArrivalGate"," 14    "
"AA-4307-ORD-DTW2011-12-25","ExpectedDepartureTime","December 25, 2011               06:45 PM    "
"AA-4307-ORD-DTW2011-12-25","ActualDepartureTime","December 25, 2011               06:40 PM    "
"AA-4307-ORD-DTW2011-12-25","DepartureGate"," H5"
"AA-4307-ORD-DTW2011-12-25","ExpectedArrivalTime","December 25, 2011               09:10 PM    "
"AA-4307-ORD-DTW2011-12-25","ActualArrivalTime","December 25, 2011               08:43 PM    "
"AA-4307-ORD-DTW2011-12-25","ArrivalGate"," D19    "
"AA-2525-DFW-MIA2011-12-25","ExpectedDepartureTime","December 25, 2011               07:25 AM    "
"AA-2525-DFW-MIA2011-12-25","ActualDepartureTime","December 25, 2011               07:32 AM    "
"AA-2525-DFW-MIA2011-12-25","DepartureGate"," C8"
"AA-2525-DFW-MIA2011-12-25","ExpectedArrivalTime","December 25, 2011               11:10 AM    "
"AA-2525-DFW-MIA2011-12-25","ActualArrivalTime","December 25, 2011               11:08 AM    "
"AA-2525-DFW-MIA2011-12-25","ArrivalGate"," D14    "
"AA-616-DFW-DTW2011-12-25","ExpectedDepartureTime","December 25, 2011               09:05 AM    "
"AA-616-DFW-DTW2011-12-25","ActualDepartureTime","December 25, 2011               09:08 AM    "
"AA-616-DFW-DTW2011-12-25","DepartureGate"," A29"
"AA-616-DFW-DTW2011-12-25","ExpectedArrivalTime","December 25, 2011               12:35 PM    "
"AA-616-DFW-DTW2011-12-25","ActualArrivalTime","December 25, 2011               12:31 PM    "
"AA-616-DFW-DTW2011-12-25","ArrivalGate"," D32    "
"AA-431-MIA-SFO2011-12-25","ExpectedDepartureTime","December 25, 2011               08:35 AM    "
"AA-431-MIA-SFO2011-12-25","ActualDepartureTime","December 25, 2011               08:30 AM    "
"AA-431-MIA-SFO2011-12-25","DepartureGate"," D3"
"AA-431-MIA-SFO2011-12-25","ExpectedArrivalTime","December 25, 2011               11:50 AM    "
"AA-431-MIA-SFO2011-12-25","ActualArrivalTime","December 25, 2011               11:02 AM    "
"AA-431-MIA-SFO2011-12-25","ArrivalGate"," 57    "
"AA-3756-ORD-SLC2011-12-25","ExpectedDepartureTime","December 25, 2011               12:15 PM    "
"AA-3756-ORD-SLC2011-12-25","ActualDepartureTime","December 25, 2011               12:09 PM    "
"AA-3756-ORD-SLC2011-12-25","DepartureGate"," G19"
"AA-3756-ORD-SLC2011-12-25","ExpectedArrivalTime","December 25, 2011               02:45 PM    "
"AA-3756-ORD-SLC2011-12-25","ActualArrivalTime","December 25, 2011               02:09 PM    "
"AA-3756-ORD-SLC2011-12-25","ArrivalGate"," A3    "
"AA-1279-DFW-PHX2011-12-25","ExpectedDepartureTime","December 25, 2011               01:00 PM    "
"AA-1279-DFW-PHX2011-12-25","ActualDepartureTime","December 25, 2011               12:58 PM    "
"AA-1279-DFW-PHX2011-12-25","DepartureGate"," A35"
"AA-1279-DFW-PHX2011-12-25","ExpectedArrivalTime","December 25, 2011               02:35 PM    "
"AA-1279-DFW-PHX2011-12-25","ActualArrivalTime","December 25, 2011               02:22 PM    "
"AA-1279-DFW-PHX2011-12-25","ArrivalGate"," 4    "
"AA-2050-ORD-MIA2011-12-25","ExpectedDepartureTime","December 25, 2011               10:40 AM    "
"AA-2050-ORD-MIA2011-12-25","ActualDepartureTime","December 25, 2011               11:29 AM    "
"AA-2050-ORD-MIA2011-12-25","DepartureGate"," K16"
"AA-2050-ORD-MIA2011-12-25","ExpectedArrivalTime","December 25, 2011               02:45 PM    "
"AA-2050-ORD-MIA2011-12-25","ActualArrivalTime","December 25, 2011               03:33 PM    "
"AA-2050-ORD-MIA2011-12-25","ArrivalGate"," D14    "
"AA-3804-PHL-ORD2011-12-25","ExpectedDepartureTime","December 25, 2011               02:35 PM    "
"AA-3804-PHL-ORD2011-12-25","ActualDepartureTime","December 25, 2011               02:29 PM    "
"AA-3804-PHL-ORD2011-12-25","DepartureGate"," A7"
"AA-3804-PHL-ORD2011-12-25","ExpectedArrivalTime","December 25, 2011               04:05 PM    "
"AA-3804-PHL-ORD2011-12-25","ActualArrivalTime","December 25, 2011               03:42 PM    "
"AA-3804-PHL-ORD2011-12-25","ArrivalGate"," G18    "
"AA-1522-SFO-ORD2011-12-25","ExpectedDepartureTime","December 25, 2011               11:55 PM    "
"AA-1522-SFO-ORD2011-12-25","ActualDepartureTime","December 25, 2011     "
"AA-1522-SFO-ORD2011-12-25","DepartureGate"," 55"
"AA-1522-SFO-ORD2011-12-25","ExpectedArrivalTime","December 26, 2011               05:50 AM    "
"AA-1522-SFO-ORD2011-12-25","ActualArrivalTime","December 26, 2011     "
"AA-1522-SFO-ORD2011-12-25","ArrivalGate"," H10    "
"AA-1434-DFW-MCO2011-12-25","ExpectedDepartureTime","December 25, 2011               07:15 AM    "
"AA-1434-DFW-MCO2011-12-25","ActualDepartureTime","December 25, 2011               07:15 AM    "
"AA-1434-DFW-MCO2011-12-25","DepartureGate"," C15"
"AA-1434-DFW-MCO2011-12-25","ExpectedArrivalTime","December 25, 2011               10:35 AM    "
"AA-1434-DFW-MCO2011-12-25","ActualArrivalTime","December 25, 2011               10:52 AM    "
"AA-1434-DFW-MCO2011-12-25","ArrivalGate"," 17    "
"AA-59-JFK-SFO2011-12-25","ExpectedDepartureTime","December 25, 2011               07:10 AM    "
"AA-59-JFK-SFO2011-12-25","ActualDepartureTime","December 25, 2011               07:06 AM    "
"AA-59-JFK-SFO2011-12-25","DepartureGate"," 46"
"AA-59-JFK-SFO2011-12-25","ExpectedArrivalTime","December 25, 2011               10:45 AM    "
"AA-59-JFK-SFO2011-12-25","ActualArrivalTime","December 25, 2011               10:05 AM    "
"AA-59-JFK-SFO2011-12-25","ArrivalGate"," 58B    "
"AA-415-BOS-ORD2011-12-25","ExpectedDepartureTime","December 25, 2011               08:35 AM    "
"AA-415-BOS-ORD2011-12-25","ActualDepartureTime","December 25, 2011               08:31 AM    "
"AA-415-BOS-ORD2011-12-25","DepartureGate"," B36"
"AA-415-BOS-ORD2011-12-25","ExpectedArrivalTime","December 25, 2011               10:40 AM    "
"AA-415-BOS-ORD2011-12-25","ActualArrivalTime","December 25, 2011               10:15 AM    "
"AA-415-BOS-ORD2011-12-25","ArrivalGate"," H15    "
"AA-3823-LAX-DEN2011-12-25","ExpectedDepartureTime","December 25, 2011               09:00 PM    "
"AA-3823-LAX-DEN2011-12-25","ActualDepartureTime","December 25, 2011     "
"AA-3823-LAX-DEN2011-12-25","DepartureGate"," 44J"
"AA-3823-LAX-DEN2011-12-25","ExpectedArrivalTime","December 26, 2011               12:15 AM    "
"AA-3823-LAX-DEN2011-12-25","ActualArrivalTime","December 26, 2011     "
"AA-3823-LAX-DEN2011-12-25","ArrivalGate"," A49    "
"AA-1165-JFK-MIA2011-12-25","ExpectedDepartureTime","December 25, 2011               06:59 AM    "
"AA-1165-JFK-MIA2011-12-25","ActualDepartureTime","December 25, 2011               07:14 AM    "
"AA-1165-JFK-MIA2011-12-25","DepartureGate"," 3"
"AA-1165-JFK-MIA2011-12-25","ExpectedArrivalTime","December 25, 2011               10:34 AM    "
"AA-1165-JFK-MIA2011-12-25","ActualArrivalTime","December 25, 2011               10:11 AM    "
"AA-1165-JFK-MIA2011-12-25","ArrivalGate"," D24    "
"AA-3786-IAH-ORD2011-12-25","ExpectedDepartureTime","December 25, 2011               04:00 PM    "
"AA-3786-IAH-ORD2011-12-25","ActualDepartureTime","December 25, 2011               03:56 PM    "
"AA-3786-IAH-ORD2011-12-25","DepartureGate"," A29"
"AA-3786-IAH-ORD2011-12-25","ExpectedArrivalTime","December 25, 2011               06:40 PM    "
"AA-3786-IAH-ORD2011-12-25","ActualArrivalTime","December 25, 2011               06:19 PM    "
"AA-3786-IAH-ORD2011-12-25","ArrivalGate"," G1B    "
"AA-4330-CVG-ORD2011-12-25","ExpectedDepartureTime","December 25, 2011               03:35 PM    "
"AA-4330-CVG-ORD2011-12-25","ActualDepartureTime","December 25, 2011               03:26 PM    "
"AA-4330-CVG-ORD2011-12-25","DepartureGate"," 5"
"AA-4330-CVG-ORD2011-12-25","ExpectedArrivalTime","December 25, 2011               04:00 PM    "
"AA-4330-CVG-ORD2011-12-25","ActualArrivalTime","December 25, 2011               03:43 PM    "
"AA-4330-CVG-ORD2011-12-25","ArrivalGate"," G1A    "
"AA-1664-MIA-ATL2011-12-25","ExpectedDepartureTime","December 25, 2011               10:15 AM    "
"AA-1664-MIA-ATL2011-12-25","ActualDepartureTime","December 25, 2011               10:28 AM    "
"AA-1664-MIA-ATL2011-12-25","DepartureGate"," D20"
"AA-1664-MIA-ATL2011-12-25","ExpectedArrivalTime","December 25, 2011               12:10 PM    "
"AA-1664-MIA-ATL2011-12-25","ActualArrivalTime","December 25, 2011               12:23 PM    "
"AA-1664-MIA-ATL2011-12-25","ArrivalGate"," T11    "
"AA-789-ORD-DEN2011-12-25","ExpectedDepartureTime","December 25, 2011               01:05 PM    "
"AA-789-ORD-DEN2011-12-25","ActualDepartureTime","December 25, 2011               01:36 PM    "
"AA-789-ORD-DEN2011-12-25","DepartureGate"," K3"
"AA-789-ORD-DEN2011-12-25","ExpectedArrivalTime","December 25, 2011               02:40 PM    "
"AA-789-ORD-DEN2011-12-25","ActualArrivalTime","December 25, 2011               02:53 PM    "
"AA-789-ORD-DEN2011-12-25","ArrivalGate"," A49    "
"AA-3468-CVG-MIA2011-12-25","ExpectedDepartureTime","December 25, 2011               07:00 AM    "
"AA-3468-CVG-MIA2011-12-25","ActualDepartureTime","December 25, 2011               06:56 AM    "
"AA-3468-CVG-MIA2011-12-25","DepartureGate"," 1"
"AA-3468-CVG-MIA2011-12-25","ExpectedArrivalTime","December 25, 2011               09:55 AM    "
"AA-3468-CVG-MIA2011-12-25","ActualArrivalTime","December 25, 2011               09:46 AM    "
"AA-3468-CVG-MIA2011-12-25","ArrivalGate"," D60B    "
"AA-204-LAX-MCO2011-12-25","ExpectedDepartureTime","December 25, 2011               11:25 PM    "
"AA-204-LAX-MCO2011-12-25","ActualDepartureTime","December 25, 2011     "
"AA-204-LAX-MCO2011-12-25","DepartureGate"," 40"
"AA-204-LAX-MCO2011-12-25","ExpectedArrivalTime","December 26, 2011               06:55 AM    "
"AA-204-LAX-MCO2011-12-25","ActualArrivalTime","December 26, 2011     "
"AA-204-LAX-MCO2011-12-25","ArrivalGate"," TBA    "
"AA-4277-CVG-JFK2011-12-25","ExpectedDepartureTime","December 25, 2011               12:10 PM    "
"AA-4277-CVG-JFK2011-12-25","ActualDepartureTime","December 25, 2011               12:03 PM    "
"AA-4277-CVG-JFK2011-12-25","DepartureGate"," 1"
"AA-4277-CVG-JFK2011-12-25","ExpectedArrivalTime","December 25, 2011               02:15 PM    "
"AA-4277-CVG-JFK2011-12-25","ActualArrivalTime","December 25, 2011               02:00 PM    "
"AA-4277-CVG-JFK2011-12-25","ArrivalGate"," 31B    "
"AA-466-IAH-MIA2011-12-25","ExpectedDepartureTime","December 25, 2011               06:00 AM    "
"AA-466-IAH-MIA2011-12-25","ActualDepartureTime","December 25, 2011               06:09 AM    "
"AA-466-IAH-MIA2011-12-25","DepartureGate"," A27"
"AA-466-IAH-MIA2011-12-25","ExpectedArrivalTime","December 25, 2011               09:20 AM    "
"AA-466-IAH-MIA2011-12-25","ActualArrivalTime","December 25, 2011               09:20 AM    "
"AA-466-IAH-MIA2011-12-25","ArrivalGate"," D41    "
"AA-404-MIA-MCO2011-12-25","ExpectedDepartureTime","December 25, 2011               06:45 AM    "
"AA-404-MIA-MCO2011-12-25","ActualDepartureTime","December 25, 2011               06:44 AM    "
"AA-404-MIA-MCO2011-12-25","DepartureGate"," E5"
"AA-404-MIA-MCO2011-12-25","ExpectedArrivalTime","December 25, 2011               07:45 AM    "
"AA-404-MIA-MCO2011-12-25","ActualArrivalTime","December 25, 2011               07:46 AM    "
"AA-404-MIA-MCO2011-12-25","ArrivalGate"," 16    "
"AA-85-JFK-SFO2011-12-25","ExpectedDepartureTime","December 25, 2011               03:05 PM    "
"AA-85-JFK-SFO2011-12-25","ActualDepartureTime","December 25, 2011               03:18 PM    "
"AA-85-JFK-SFO2011-12-25","DepartureGate"," 41"
"AA-85-JFK-SFO2011-12-25","ExpectedArrivalTime","December 25, 2011               06:30 PM    "
"AA-85-JFK-SFO2011-12-25","ActualArrivalTime","December 25, 2011               06:31 PM    "
"AA-85-JFK-SFO2011-12-25","ArrivalGate"," 56A    "
"AA-446-DFW-PHL2011-12-25","ExpectedDepartureTime","December 25, 2011               11:50 AM    "
"AA-446-DFW-PHL2011-12-25","ActualDepartureTime","December 25, 2011               11:48 AM    "
"AA-446-DFW-PHL2011-12-25","DepartureGate"," D18"
"AA-446-DFW-PHL2011-12-25","ExpectedArrivalTime","December 25, 2011               03:50 PM    "
"AA-446-DFW-PHL2011-12-25","ActualArrivalTime","December 25, 2011               03:31 PM    "
"AA-446-DFW-PHL2011-12-25","ArrivalGate"," A9    "
"AA-3-JFK-LAX2011-12-25","ExpectedDepartureTime","December 25, 2011               12:00 PM    "
"AA-3-JFK-LAX2011-12-25","ActualDepartureTime","December 25, 2011               11:49 AM    "
"AA-3-JFK-LAX2011-12-25","DepartureGate"," 40"
"AA-3-JFK-LAX2011-12-25","ExpectedArrivalTime","December 25, 2011               03:15 PM    "
"AA-3-JFK-LAX2011-12-25","ActualArrivalTime","December 25, 2011               02:23 PM    "
"AA-3-JFK-LAX2011-12-25","ArrivalGate"," 48B    "
"AA-2268-PHX-ORD2011-12-25","ExpectedDepartureTime","December 25, 2011               07:15 AM    "
"AA-2268-PHX-ORD2011-12-25","ActualDepartureTime","December 25, 2011               07:10 AM    "
"AA-2268-PHX-ORD2011-12-25","DepartureGate"," 6"
"AA-2268-PHX-ORD2011-12-25","ExpectedArrivalTime","December 25, 2011               11:45 AM    "
"AA-2268-PHX-ORD2011-12-25","ActualArrivalTime","December 25, 2011               11:40 AM    "
"AA-2268-PHX-ORD2011-12-25","ArrivalGate"," K9    "
"AA-1007-MIA-PHX2011-12-25","ExpectedDepartureTime","December 25, 2011               04:55 PM    "
"AA-1007-MIA-PHX2011-12-25","ActualDepartureTime","December 25, 2011               04:46 PM    "
"AA-1007-MIA-PHX2011-12-25","DepartureGate"," D19"
"AA-1007-MIA-PHX2011-12-25","ExpectedArrivalTime","December 25, 2011               08:05 PM    "
"AA-1007-MIA-PHX2011-12-25","ActualArrivalTime","December 25, 2011               07:50 PM    "
"AA-1007-MIA-PHX2011-12-25","ArrivalGate"," 6    "
"AA-4344-ORD-DTW2011-12-25","ExpectedDepartureTime","December 25, 2011               11:45 AM    "
"AA-4344-ORD-DTW2011-12-25","ActualDepartureTime","December 25, 2011               11:40 AM    "
"AA-4344-ORD-DTW2011-12-25","DepartureGate"," G1A"
"AA-4344-ORD-DTW2011-12-25","ExpectedArrivalTime","December 25, 2011               02:00 PM    "
"AA-4344-ORD-DTW2011-12-25","ActualArrivalTime","December 25, 2011               01:41 PM    "
"AA-4344-ORD-DTW2011-12-25","ArrivalGate"," D28    "
"AA-484-DFW-MIA2011-12-25","ExpectedDepartureTime","December 25, 2011               04:15 PM    "
"AA-484-DFW-MIA2011-12-25","ActualDepartureTime","December 25, 2011               04:15 PM    "
"AA-484-DFW-MIA2011-12-25","DepartureGate"," C26"
"AA-484-DFW-MIA2011-12-25","ExpectedArrivalTime","December 25, 2011               07:55 PM    "
"AA-484-DFW-MIA2011-12-25","ActualArrivalTime","December 25, 2011               08:27 PM    "
"AA-484-DFW-MIA2011-12-25","ArrivalGate"," D34    "
"AA-3979-CVG-ORD2011-12-25","ExpectedDepartureTime","December 25, 2011               07:30 AM    "
"AA-3979-CVG-ORD2011-12-25","ActualDepartureTime","December 25, 2011               07:29 AM    "
"AA-3979-CVG-ORD2011-12-25","DepartureGate"," 3"
"AA-3979-CVG-ORD2011-12-25","ExpectedArrivalTime","December 25, 2011               08:00 AM    "
"AA-3979-CVG-ORD2011-12-25","ActualArrivalTime","December 25, 2011               07:46 AM    "
"AA-3979-CVG-ORD2011-12-25","ArrivalGate"," H2    "
"AA-3063-SLC-LAX2011-12-25","ExpectedDepartureTime","December 25, 2011               08:20 PM    "
"AA-3063-SLC-LAX2011-12-25","ActualDepartureTime","December 25, 2011               08:12 PM    "
"AA-3063-SLC-LAX2011-12-25","DepartureGate"," A3"
"AA-3063-SLC-LAX2011-12-25","ExpectedArrivalTime","December 25, 2011               09:20 PM    "
"AA-3063-SLC-LAX2011-12-25","ActualArrivalTime","December 25, 2011     "
"AA-3063-SLC-LAX2011-12-25","ArrivalGate"," 44I    "
"AA-3859-IAH-ORD2011-12-25","ExpectedDepartureTime","December 25, 2011               07:10 AM    "
"AA-3859-IAH-ORD2011-12-25","ActualDepartureTime","December 25, 2011               07:07 AM    "
"AA-3859-IAH-ORD2011-12-25","DepartureGate"," A29"
"AA-3859-IAH-ORD2011-12-25","ExpectedArrivalTime","December 25, 2011               09:40 AM    "
"AA-3859-IAH-ORD2011-12-25","ActualArrivalTime","December 25, 2011               09:14 AM    "
"AA-3859-IAH-ORD2011-12-25","ArrivalGate"," H4    "
"AA-3842-MSP-ORD2011-12-25","ExpectedDepartureTime","December 25, 2011               06:00 AM    "
"AA-3842-MSP-ORD2011-12-25","ActualDepartureTime","December 25, 2011               05:55 AM    "
"AA-3842-MSP-ORD2011-12-25","DepartureGate"," E14"
"AA-3842-MSP-ORD2011-12-25","ExpectedArrivalTime","December 25, 2011               07:30 AM    "
"AA-3842-MSP-ORD2011-12-25","ActualArrivalTime","December 25, 2011               07:06 AM    "
"AA-3842-MSP-ORD2011-12-25","ArrivalGate"," G17    "
"AA-271-MIA-LAX2011-12-25","ExpectedDepartureTime","December 25, 2011               11:35 AM    "
"AA-271-MIA-LAX2011-12-25","ActualDepartureTime","December 25, 2011               11:37 AM    "
"AA-271-MIA-LAX2011-12-25","DepartureGate"," D12"
"AA-271-MIA-LAX2011-12-25","ExpectedArrivalTime","December 25, 2011               02:25 PM    "
"AA-271-MIA-LAX2011-12-25","ActualArrivalTime","December 25, 2011               01:49 PM    "
"AA-271-MIA-LAX2011-12-25","ArrivalGate"," 40    "
"AA-643-MIA-ORD2011-12-25","ExpectedDepartureTime","December 25, 2011               07:10 AM    "
"AA-643-MIA-ORD2011-12-25","ActualDepartureTime","December 25, 2011               08:32 AM    "
"AA-643-MIA-ORD2011-12-25","DepartureGate"," D16"
"AA-643-MIA-ORD2011-12-25","ExpectedArrivalTime","December 25, 2011               09:35 AM    "
"AA-643-MIA-ORD2011-12-25","ActualArrivalTime","December 25, 2011               10:39 AM    "
"AA-643-MIA-ORD2011-12-25","ArrivalGate"," K16    "
"AA-4198-ORD-CLE2011-12-25","ExpectedDepartureTime","December 25, 2011               10:40 AM    "
"AA-4198-ORD-CLE2011-12-25","ActualDepartureTime","December 25, 2011               10:37 AM    "
"AA-4198-ORD-CLE2011-12-25","DepartureGate"," G5"
"AA-4198-ORD-CLE2011-12-25","ExpectedArrivalTime","December 25, 2011               12:55 PM    "
"AA-4198-ORD-CLE2011-12-25","ActualArrivalTime","December 25, 2011               12:40 PM    "
"AA-4198-ORD-CLE2011-12-25","ArrivalGate"," A1    "
"AA-400-DFW-JFK2011-12-25","ExpectedDepartureTime","December 25, 2011               10:40 AM    "
"AA-400-DFW-JFK2011-12-25","ActualDepartureTime","December 25, 2011               10:49 AM    "
"AA-400-DFW-JFK2011-12-25","DepartureGate"," D22"
"AA-400-DFW-JFK2011-12-25","ExpectedArrivalTime","December 25, 2011               02:59 PM    "
"AA-400-DFW-JFK2011-12-25","ActualArrivalTime","December 25, 2011               02:54 PM    "
"AA-400-DFW-JFK2011-12-25","ArrivalGate"," 42    "
"AA-1886-BOS-MIA2011-12-25","ExpectedDepartureTime","December 25, 2011               10:45 AM    "
"AA-1886-BOS-MIA2011-12-25","ActualDepartureTime","December 25, 2011               10:42 AM    "
"AA-1886-BOS-MIA2011-12-25","DepartureGate"," B34"
"AA-1886-BOS-MIA2011-12-25","ExpectedArrivalTime","December 25, 2011               02:20 PM    "
"AA-1886-BOS-MIA2011-12-25","ActualArrivalTime","December 25, 2011               02:01 PM    "
"AA-1886-BOS-MIA2011-12-25","ArrivalGate"," D22    "
"AA-1917-JFK-MCO2011-12-25","ExpectedDepartureTime","December 25, 2011               02:55 PM    "
"AA-1917-JFK-MCO2011-12-25","ActualDepartureTime","December 25, 2011               02:55 PM    "
"AA-1917-JFK-MCO2011-12-25","DepartureGate"," 43"
"AA-1917-JFK-MCO2011-12-25","ExpectedArrivalTime","December 25, 2011               05:55 PM    "
"AA-1917-JFK-MCO2011-12-25","ActualArrivalTime","December 25, 2011               05:37 PM    "
"AA-1917-JFK-MCO2011-12-25","ArrivalGate"," 16    "
"AA-1544-SAN-ORD2011-12-25","ExpectedDepartureTime","December 25, 2011               11:25 AM    "
"AA-1544-SAN-ORD2011-12-25","ActualDepartureTime","December 25, 2011               11:24 AM    "
"AA-1544-SAN-ORD2011-12-25","DepartureGate"," 27"
"AA-1544-SAN-ORD2011-12-25","ExpectedArrivalTime","December 25, 2011               05:25 PM    "
"AA-1544-SAN-ORD2011-12-25","ActualArrivalTime","December 25, 2011               05:38 PM    "
"AA-1544-SAN-ORD2011-12-25","ArrivalGate"," H6    "
"AA-3809-PHX-LAX2011-12-25","ExpectedDepartureTime","December 25, 2011               06:00 AM    "
"AA-3809-PHX-LAX2011-12-25","ActualDepartureTime","December 25, 2011               05:51 AM    "
"AA-3809-PHX-LAX2011-12-25","DepartureGate"," 2"
"AA-3809-PHX-LAX2011-12-25","ExpectedArrivalTime","December 25, 2011               06:40 AM    "
"AA-3809-PHX-LAX2011-12-25","ActualArrivalTime","December 25, 2011               06:13 AM    "
"AA-3809-PHX-LAX2011-12-25","ArrivalGate"," 44F    "
"AA-2957-DFW-CVG2011-12-25","ExpectedDepartureTime","December 25, 2011               07:55 AM    "
"AA-2957-DFW-CVG2011-12-25","ActualDepartureTime","December 25, 2011               07:54 AM    "
"AA-2957-DFW-CVG2011-12-25","DepartureGate"," B11"
"AA-2957-DFW-CVG2011-12-25","ExpectedArrivalTime","December 25, 2011               11:05 AM    "
"AA-2957-DFW-CVG2011-12-25","ActualArrivalTime","December 25, 2011               10:56 AM    "
"AA-2957-DFW-CVG2011-12-25","ArrivalGate"," 3    "
"UA-1500-IAH-GUA2011-12-25","ExpectedDepartureTime","Sun, Dec 25 8:50 AM"
"UA-1500-IAH-GUA2011-12-25","ActualDepartureTime","Sun, Dec 25 8:55 AM            Delayed"
"UA-1500-IAH-GUA2011-12-25","DepartureGate","E15"
"UA-1500-IAH-GUA2011-12-25","ExpectedArrivalTime","Sun, Dec 25 11:43 AM"
"UA-1500-IAH-GUA2011-12-25","ActualArrivalTime","Sun, Dec 25 11:59 AM"
"UA-1500-IAH-GUA2011-12-25","ArrivalGate","15"
"UA-3515-IAD-MSP2011-12-25","ExpectedDepartureTime","Sun, Dec 25 8:19 AM"
"UA-3515-IAD-MSP2011-12-25","ActualDepartureTime","Sun, Dec 25 8:23 AM"
"UA-3515-IAD-MSP2011-12-25","DepartureGate","D18"
"UA-3515-IAD-MSP2011-12-25","ExpectedArrivalTime","Sun, Dec 25 10:09 AM"
"UA-3515-IAD-MSP2011-12-25","ActualArrivalTime","Sun, Dec 25 10:15 AM"
"UA-3515-IAD-MSP2011-12-25","ArrivalGate","E8"
"UA-664-ORD-PHL2011-12-25","ExpectedDepartureTime","Sun, Dec 25 1:50 PM"
"UA-664-ORD-PHL2011-12-25","ActualDepartureTime","Sun, Dec 25 1:49 PM            On Time"
"UA-664-ORD-PHL2011-12-25","DepartureGate","B10"
"UA-664-ORD-PHL2011-12-25","ExpectedArrivalTime","Sun, Dec 25 4:53 PM"
"UA-664-ORD-PHL2011-12-25","ActualArrivalTime","Sun, Dec 25 4:56 PM"
"UA-664-ORD-PHL2011-12-25","ArrivalGate","D11A"
"UA-414-LAX-SFO2011-12-25","ExpectedDepartureTime","Sun, Dec 25 7:05 AM"
"UA-414-LAX-SFO2011-12-25","ActualDepartureTime","Sun, Dec 25 7:03 AM"
"UA-414-LAX-SFO2011-12-25","DepartureGate","75A"
"UA-414-LAX-SFO2011-12-25","ExpectedArrivalTime","Sun, Dec 25 8:29 AM"
"UA-414-LAX-SFO2011-12-25","ActualArrivalTime","Sun, Dec 25 8:26 AM"
"UA-414-LAX-SFO2011-12-25","ArrivalGate","73"
"UA-257-JFK-SFO2011-12-25","ExpectedDepartureTime","Sun, Dec 25 2:30 PM"
"UA-257-JFK-SFO2011-12-25","ActualDepartureTime","Sun, Dec 25 2:28 PM"
"UA-257-JFK-SFO2011-12-25","DepartureGate","9"
"UA-257-JFK-SFO2011-12-25","ExpectedArrivalTime","Sun, Dec 25 6:14 PM"
"UA-257-JFK-SFO2011-12-25","ActualArrivalTime","Sun, Dec 25 5:27 PM"
"UA-257-JFK-SFO2011-12-25","ArrivalGate","81"
"UA-62-IAH-EWR2011-12-25","ExpectedDepartureTime","Sun, Dec 25 2:30 PM"
"UA-62-IAH-EWR2011-12-25","ActualDepartureTime","Sun, Dec 25 2:27 PM"
"UA-62-IAH-EWR2011-12-25","DepartureGate","C-40"
"UA-62-IAH-EWR2011-12-25","ExpectedArrivalTime","Sun, Dec 25 7:03 PM"
"UA-62-IAH-EWR2011-12-25","ActualArrivalTime","Sun, Dec 25 6:23 PM"
"UA-62-IAH-EWR2011-12-25","ArrivalGate","C94"
"UA-843-LAX-ORD2011-12-25","ExpectedDepartureTime","Sun, Dec 25 2:02 PM"
"UA-843-LAX-ORD2011-12-25","ActualDepartureTime","Sun, Dec 25 2:00 PM"
"UA-843-LAX-ORD2011-12-25","DepartureGate","70A"
"UA-843-LAX-ORD2011-12-25","ExpectedArrivalTime","Sun, Dec 25 8:07 PM"
"UA-843-LAX-ORD2011-12-25","ActualArrivalTime","Sun, Dec 25 8:00 PM"
"UA-843-LAX-ORD2011-12-25","ArrivalGate","B7"
"UA-2704-DTW-PHX2011-12-25","ExpectedDepartureTime","Sun, Dec 25 11:15 AM"
"UA-2704-DTW-PHX2011-12-25","ActualDepartureTime","Sun, Dec 25 11:15 AM"
"UA-2704-DTW-PHX2011-12-25","DepartureGate","D25"
"UA-2704-DTW-PHX2011-12-25","ExpectedArrivalTime","Sun, Dec 25 1:40 PM"
"UA-2704-DTW-PHX2011-12-25","ActualArrivalTime","Sun, Dec 25 12:42 PM"
"UA-2704-DTW-PHX2011-12-25","ArrivalGate","A25"
"UA-3373-IAD-PHL2011-12-25","ExpectedDepartureTime","Sun, Dec 25 8:30 AM"
"UA-3373-IAD-PHL2011-12-25","ActualDepartureTime","Sun, Dec 25 8:25 AM"
"UA-3373-IAD-PHL2011-12-25","DepartureGate","C18"
"UA-3373-IAD-PHL2011-12-25","ExpectedArrivalTime","Sun, Dec 25 9:25 AM"
"UA-3373-IAD-PHL2011-12-25","ActualArrivalTime","Sun, Dec 25 9:39 AM"
"UA-3373-IAD-PHL2011-12-25","ArrivalGate","D7"
"UA-2906-PHL-MCO2011-12-25","ExpectedDepartureTime","Sun, Dec 25 3:50 PM"
"UA-2906-PHL-MCO2011-12-25","ActualDepartureTime","Sun, Dec 25 3:50 PM            Delayed"
"UA-2906-PHL-MCO2011-12-25","DepartureGate","A12"
"UA-2906-PHL-MCO2011-12-25","ExpectedArrivalTime","Sun, Dec 25 6:23 PM"
"UA-2906-PHL-MCO2011-12-25","ActualArrivalTime","Sun, Dec 25 6:19 PM"
"UA-2906-PHL-MCO2011-12-25","ArrivalGate","58"
"UA-938-DEN-ORD2011-12-25","ExpectedDepartureTime","Sun, Dec 25 4:00 PM"
"UA-938-DEN-ORD2011-12-25","ActualDepartureTime","Sun, Dec 25 3:58 PM            On Time"
"UA-938-DEN-ORD2011-12-25","DepartureGate","B36"
"UA-938-DEN-ORD2011-12-25","ExpectedArrivalTime","Sun, Dec 25 7:23 PM"
"UA-938-DEN-ORD2011-12-25","ActualArrivalTime","Sun, Dec 25 7:10 PM"
"UA-938-DEN-ORD2011-12-25","ArrivalGate","C15"
"UA-3099-PHX-PHL2011-12-25","ExpectedDepartureTime","Sun, Dec 25 11:55 AM"
"UA-3099-PHX-PHL2011-12-25","ActualDepartureTime","Sun, Dec 25 11:55 AM"
"UA-3099-PHX-PHL2011-12-25","DepartureGate","A29"
"UA-3099-PHX-PHL2011-12-25","ExpectedArrivalTime","Sun, Dec 25 6:17 PM"
"UA-3099-PHX-PHL2011-12-25","ActualArrivalTime","Sun, Dec 25 6:16 PM"
"UA-3099-PHX-PHL2011-12-25","ArrivalGate","B9"
"UA-3925-IAD-ORF2011-12-25","ExpectedDepartureTime","Sun, Dec 25 8:42 AM"
"UA-3925-IAD-ORF2011-12-25","ActualDepartureTime","Sun, Dec 25 8:33 AM"
"UA-3925-IAD-ORF2011-12-25","DepartureGate","A2G"
"UA-3925-IAD-ORF2011-12-25","ExpectedArrivalTime","Sun, Dec 25 9:55 AM"
"UA-3925-IAD-ORF2011-12-25","ActualArrivalTime","Sun, Dec 25 9:31 AM"
"UA-5487-SFO-MRY2011-12-25","ExpectedDepartureTime","Sun, Dec 25 10:35 AM"
"UA-5487-SFO-MRY2011-12-25","ActualDepartureTime","Sun, Dec 25 11:31 AM"
"UA-5487-SFO-MRY2011-12-25","DepartureGate","77A"
"UA-5487-SFO-MRY2011-12-25","ExpectedArrivalTime","Sun, Dec 25 11:22 AM"
"UA-5487-SFO-MRY2011-12-25","ActualArrivalTime","Sun, Dec 25 12:09 PM"
"UA-3050-PHX-CLT2011-12-25","ExpectedDepartureTime","Sun, Dec 25 11:05 AM"
"UA-3050-PHX-CLT2011-12-25","ActualDepartureTime","Sun, Dec 25 11:05 AM"
"UA-3050-PHX-CLT2011-12-25","DepartureGate","A3"
"UA-3050-PHX-CLT2011-12-25","ExpectedArrivalTime","Sun, Dec 25 4:57 PM"
"UA-3050-PHX-CLT2011-12-25","ActualArrivalTime","Sun, Dec 25 4:48 PM"
"UA-3050-PHX-CLT2011-12-25","ArrivalGate","B5"
"UA-828-SFO-ORD2011-12-25","ExpectedDepartureTime","Sun, Dec 25 11:13 PM"
"UA-828-SFO-ORD2011-12-25","ActualDepartureTime","Sun, Dec 25 11:13 PM            On Time"
"UA-828-SFO-ORD2011-12-25","DepartureGate","80"
"UA-828-SFO-ORD2011-12-25","ExpectedArrivalTime","Mon, Dec 26 5:15 AM"
"UA-828-SFO-ORD2011-12-25","ActualArrivalTime","Mon, Dec 26 5:15 AM"
"UA-828-SFO-ORD2011-12-25","ArrivalGate","C9"
"UA-2830-MCO-CLT2011-12-25","ExpectedDepartureTime","Sun, Dec 25 3:27 PM"
"UA-2830-MCO-CLT2011-12-25","ActualDepartureTime","Sun, Dec 25 3:27 PM"
"UA-2830-MCO-CLT2011-12-25","DepartureGate","58"
"UA-2830-MCO-CLT2011-12-25","ExpectedArrivalTime","Sun, Dec 25 5:05 PM"
"UA-2830-MCO-CLT2011-12-25","ActualArrivalTime","Sun, Dec 25 4:45 PM"
"UA-2830-MCO-CLT2011-12-25","ArrivalGate","B3"
"UA-37-EWR-MCO2011-12-25","ExpectedDepartureTime","Sun, Dec 25 1:29 PM"
"UA-37-EWR-MCO2011-12-25","ActualDepartureTime","Sun, Dec 25 1:30 PM            Delayed"
"UA-37-EWR-MCO2011-12-25","DepartureGate","C133"
"UA-37-EWR-MCO2011-12-25","ExpectedArrivalTime","Sun, Dec 25 4:22 PM"
"UA-37-EWR-MCO2011-12-25","ActualArrivalTime","Sun, Dec 25 4:50 PM"
"UA-37-EWR-MCO2011-12-25","ArrivalGate","39"
"UA-37-EDI-EWR2011-12-25","ExpectedDepartureTime","Sun, Dec 25 9:05 AM"
"UA-37-EDI-EWR2011-12-25","ActualDepartureTime","Sun, Dec 25 8:48 AM"
"UA-37-EDI-EWR2011-12-25","ExpectedArrivalTime","Sun, Dec 25 11:53 AM"
"UA-37-EDI-EWR2011-12-25","ActualArrivalTime","Sun, Dec 25 11:55 AM"
"UA-37-EDI-EWR2011-12-25","ArrivalGate","C133"
"UA-2708-EWR-CLT2011-12-25","ExpectedDepartureTime","Sun, Dec 25 2:55 PM"
"UA-2708-EWR-CLT2011-12-25","ActualDepartureTime","Sun, Dec 25 2:55 PM"
"UA-2708-EWR-CLT2011-12-25","DepartureGate","A37"
"UA-2708-EWR-CLT2011-12-25","ExpectedArrivalTime","Sun, Dec 25 4:53 PM"
"UA-2708-EWR-CLT2011-12-25","ActualArrivalTime","Sun, Dec 25 5:03 PM"
"UA-2708-EWR-CLT2011-12-25","ArrivalGate","C13"
"UA-233-LAX-JFK2011-12-25","ExpectedDepartureTime","Sun, Dec 25 4:25 PM"
"UA-233-LAX-JFK2011-12-25","ActualDepartureTime","Sun, Dec 25 4:25 PM"
"UA-233-LAX-JFK2011-12-25","DepartureGate","77"
"UA-233-LAX-JFK2011-12-25","ExpectedArrivalTime","Mon, Dec 26 12:44 AM"
"UA-233-LAX-JFK2011-12-25","ActualArrivalTime","Mon, Dec 26 12:44 AM"
"UA-233-LAX-JFK2011-12-25","ArrivalGate","6"
"UA-2726-FLL-PHL2011-12-25","ExpectedDepartureTime","Sun, Dec 25 4:00 PM"
"UA-2726-FLL-PHL2011-12-25","ActualDepartureTime","Sun, Dec 25 4:00 PM"
"UA-2726-FLL-PHL2011-12-25","DepartureGate","E3"
"UA-2726-FLL-PHL2011-12-25","ExpectedArrivalTime","Sun, Dec 25 6:46 PM"
"UA-2726-FLL-PHL2011-12-25","ActualArrivalTime","Sun, Dec 25 6:18 PM"
"UA-2726-FLL-PHL2011-12-25","ArrivalGate","B5"
"UA-2945-PHL-CLT2011-12-25","ExpectedDepartureTime","Sun, Dec 25 12:00 AM"
"UA-2945-PHL-CLT2011-12-25","ActualDepartureTime","Sun, Dec 25 5:11 AM"
"UA-2945-PHL-CLT2011-12-25","DepartureGate","B13"
"UA-2945-PHL-CLT2011-12-25","ExpectedArrivalTime","Sun, Dec 25 1:45 PM"
"UA-2945-PHL-CLT2011-12-25","ActualArrivalTime","Sun, Dec 25 1:31 PM"
"UA-2945-PHL-CLT2011-12-25","ArrivalGate","B4"
"UA-6273-YYC-SFO2011-12-25","ExpectedDepartureTime","Sun, Dec 25 7:45 AM"
"UA-6273-YYC-SFO2011-12-25","ActualDepartureTime","Sun, Dec 25 7:46 AM"
"UA-6273-YYC-SFO2011-12-25","ExpectedArrivalTime","Sun, Dec 25 9:53 AM"
"UA-6273-YYC-SFO2011-12-25","ActualArrivalTime","Sun, Dec 25 9:50 AM"
"UA-6273-YYC-SFO2011-12-25","ArrivalGate","77B"
"UA-2314-ATL-PHL2011-12-25","ExpectedDepartureTime","Sun, Dec 25 2:55 PM"
"UA-2314-ATL-PHL2011-12-25","ActualDepartureTime","Sun, Dec 25 2:55 PM"
"UA-2314-ATL-PHL2011-12-25","DepartureGate","D23"
"UA-2314-ATL-PHL2011-12-25","ExpectedArrivalTime","Sun, Dec 25 5:00 PM"
"UA-2314-ATL-PHL2011-12-25","ActualArrivalTime","Sun, Dec 25 4:48 PM"
"UA-2314-ATL-PHL2011-12-25","ArrivalGate","C19"
"UA-382-IAD-LAX2011-12-25","ExpectedDepartureTime","Sun, Dec 25 12:20 PM"
"UA-382-IAD-LAX2011-12-25","ActualDepartureTime","Sun, Dec 25 12:48 PM            Delayed"
"UA-382-IAD-LAX2011-12-25","DepartureGate","C19"
"UA-382-IAD-LAX2011-12-25","ExpectedArrivalTime","Sun, Dec 25 3:08 PM"
"UA-382-IAD-LAX2011-12-25","ActualArrivalTime","Sun, Dec 25 3:03 PM"
"UA-382-IAD-LAX2011-12-25","ArrivalGate","73"
"UA-382-IAD-LAX2011-12-25","ExpectedDepartureTime","Sun, Dec 25 12:20 PM"
"UA-382-IAD-LAX2011-12-25","ActualDepartureTime","Sun, Dec 25 12:48 PM            Delayed"
"UA-382-IAD-LAX2011-12-25","DepartureGate","C19"
"UA-382-IAD-LAX2011-12-25","ExpectedArrivalTime","Sun, Dec 25 3:08 PM"
"UA-382-IAD-LAX2011-12-25","ActualArrivalTime","Sun, Dec 25 3:00 PM"
"UA-382-IAD-LAX2011-12-25","ArrivalGate","73"
"UA-858-PVG-SFO2011-12-25","ExpectedDepartureTime","Sun, Dec 25 1:45 PM"
"UA-858-PVG-SFO2011-12-25","ActualDepartureTime","Sun, Dec 25 1:42 PM"
"UA-858-PVG-SFO2011-12-25","DepartureGate","79"
"UA-858-PVG-SFO2011-12-25","ExpectedArrivalTime","Sun, Dec 25 8:27 AM"
"UA-858-PVG-SFO2011-12-25","ActualArrivalTime","Sun, Dec 25 8:37 AM"
"UA-858-PVG-SFO2011-12-25","ArrivalGate","92"
"UA-854-SFO-IAH2011-12-25","ExpectedDepartureTime","Sun, Dec 25 7:35 AM"
"UA-854-SFO-IAH2011-12-25","ActualDepartureTime","Sun, Dec 25 8:12 AM"
"UA-854-SFO-IAH2011-12-25","DepartureGate","96"
"UA-854-SFO-IAH2011-12-25","ExpectedArrivalTime","Sun, Dec 25 1:30 PM"
"UA-854-SFO-IAH2011-12-25","ActualArrivalTime","Sun, Dec 25 1:57 PM"
"UA-854-SFO-IAH2011-12-25","ArrivalGate","C16"
"CO-1586-IAH-MCO2011-12-25","ExpectedDepartureTime","Sun., Dec.25, 2011 7:00 p.m."
"CO-1586-IAH-MCO2011-12-25","ActualDepartureTime","Sun., Dec.25, 2011 7:41 p.m."
"CO-1586-IAH-MCO2011-12-25","ExpectedArrivalTime","Sun., Dec.25, 2011 10:12 p.m."
"CO-1586-IAH-MCO2011-12-25","ActualArrivalTime","Sun., Dec.25, 2011 10:56 p.m."
"CO-1694-LAX-IAH2011-12-25","ExpectedDepartureTime","Sun., Dec.25, 2011 7:41 p.m."
"CO-1694-LAX-IAH2011-12-25","ActualDepartureTime","Sun., Dec.25, 2011 7:41 p.m."
"CO-1694-LAX-IAH2011-12-25","ExpectedArrivalTime","Sun., Dec.25, 2011 12:44 a.m."
"CO-1694-LAX-IAH2011-12-25","ActualArrivalTime","Sun., Dec.25, 2011 12:44 a.m."
"CO-1088-CLE-IAH2011-12-25","ExpectedDepartureTime","Sun., Dec.25, 2011 8:40 a.m."
"CO-1088-CLE-IAH2011-12-25","ActualDepartureTime","Sun., Dec.25, 2011 8:43 a.m."
"CO-1088-CLE-IAH2011-12-25","ExpectedArrivalTime","Sun., Dec.25, 2011 10:53 a.m."
"CO-1088-CLE-IAH2011-12-25","ActualArrivalTime","Sun., Dec.25, 2011 11:08 a.m."
"CO-16-LAX-EWR2011-12-25","ExpectedDepartureTime","Sun., Dec.25, 2011 10:25 a.m."
"CO-16-LAX-EWR2011-12-25","ActualDepartureTime","Sun., Dec.25, 2011 11:18 a.m."
"CO-16-LAX-EWR2011-12-25","ExpectedArrivalTime","Sun., Dec.25, 2011 6:39 p.m."
"CO-16-LAX-EWR2011-12-25","ActualArrivalTime","Sun., Dec.25, 2011 8:16 p.m."
"CO-58-DEN-IAH2011-12-25","ExpectedDepartureTime","Sun., Dec.25, 2011 11:33 a.m."
"CO-58-DEN-IAH2011-12-25","ActualDepartureTime","Sun., Dec.25, 2011 11:35 a.m."
"CO-58-DEN-IAH2011-12-25","ExpectedArrivalTime","Sun., Dec.25, 2011 2:59 p.m."
"CO-58-DEN-IAH2011-12-25","ActualArrivalTime","Sun., Dec.25, 2011 2:50 p.m."
"CO-1193-EWR-MCO2011-12-25","ExpectedDepartureTime","Sun., Dec.25, 2011 9:20 a.m."
"CO-1193-EWR-MCO2011-12-25","ActualDepartureTime","Sun., Dec.25, 2011 9:16 a.m."
"CO-1193-EWR-MCO2011-12-25","ExpectedArrivalTime","Sun., Dec.25, 2011 12:19 p.m."
"CO-1193-EWR-MCO2011-12-25","ActualArrivalTime","Sun., Dec.25, 2011 12:07 p.m."
"CO-1023-IAH-DEN2011-12-25","ExpectedDepartureTime","Sun., Dec.25, 2011 11:40 a.m."
"CO-1023-IAH-DEN2011-12-25","ActualDepartureTime","Sun., Dec.25, 2011 11:41 a.m."
"CO-1023-IAH-DEN2011-12-25","ExpectedArrivalTime","Sun., Dec.25, 2011 1:23 p.m."
"CO-1023-IAH-DEN2011-12-25","ActualArrivalTime","Sun., Dec.25, 2011 12:55 p.m."
"CO-1250-MIA-IAH2011-12-25","ExpectedDepartureTime","Sun., Dec.25, 2011 2:49 p.m."
"CO-1250-MIA-IAH2011-12-25","ActualDepartureTime","Sun., Dec.25, 2011 3:13 p.m."
"CO-1250-MIA-IAH2011-12-25","ExpectedArrivalTime","Sun., Dec.25, 2011 4:50 p.m."
"CO-1250-MIA-IAH2011-12-25","ActualArrivalTime","Sun., Dec.25, 2011 5:07 p.m."
"CO-62-IAH-EWR2011-12-25","ExpectedDepartureTime","Sun., Dec.25, 2011 2:30 p.m."
"CO-62-IAH-EWR2011-12-25","ActualDepartureTime","Sun., Dec.25, 2011 2:27 p.m."
"CO-62-IAH-EWR2011-12-25","ExpectedArrivalTime","Sun., Dec.25, 2011 7:03 p.m."
"CO-62-IAH-EWR2011-12-25","ActualArrivalTime","Sun., Dec.25, 2011 6:23 p.m."
"CO-52-IAH-LAX2011-12-25","ExpectedDepartureTime","Sun., Dec.25, 2011 7:35 a.m."
"CO-52-IAH-LAX2011-12-25","ActualDepartureTime","Sun., Dec.25, 2011 7:39 a.m."
"CO-52-IAH-LAX2011-12-25","ExpectedArrivalTime","Sun., Dec.25, 2011 9:30 a.m."
"CO-52-IAH-LAX2011-12-25","ActualArrivalTime","Sun., Dec.25, 2011 8:29 a.m."
"CO-1614-LAX-IAH2011-12-25","ExpectedDepartureTime","Sun., Dec.25, 2011 12:30 a.m."
"CO-1614-LAX-IAH2011-12-25","ActualDepartureTime","Sun., Dec.25, 2011 12:33 a.m."
"CO-1614-LAX-IAH2011-12-25","ExpectedArrivalTime","Sun., Dec.25, 2011 5:36 a.m."
"CO-1614-LAX-IAH2011-12-25","ActualArrivalTime","Sun., Dec.25, 2011 5:44 a.m."
"CO-89-IAH-EWR2011-12-25","ExpectedDepartureTime","Sun., Dec.25, 2011 6:00 a.m."
"CO-89-IAH-EWR2011-12-25","ActualDepartureTime","Sun., Dec.25, 2011 6:02 a.m."
"CO-89-IAH-EWR2011-12-25","ExpectedArrivalTime","Sun., Dec.25, 2011 10:20 a.m."
"CO-89-IAH-EWR2011-12-25","ActualArrivalTime","Sun., Dec.25, 2011 10:16 a.m."
"CO-1090-BOS-IAH2011-12-25","ExpectedDepartureTime","Sun., Dec.25, 2011 9:10 a.m."
"CO-1090-BOS-IAH2011-12-25","ActualDepartureTime","Sun., Dec.25, 2011 9:13 a.m."
"CO-1090-BOS-IAH2011-12-25","ExpectedArrivalTime","Sun., Dec.25, 2011 12:40 p.m."
"CO-1090-BOS-IAH2011-12-25","ActualArrivalTime","Sun., Dec.25, 2011 1:08 p.m."
"CO-45-EWR-MIA2011-12-25","ExpectedDepartureTime","Sun., Dec.25, 2011 4:50 p.m."
"CO-45-EWR-MIA2011-12-25","ActualDepartureTime","Sun., Dec.25, 2011 4:51 p.m."
"CO-45-EWR-MIA2011-12-25","ExpectedArrivalTime","Sun., Dec.25, 2011 8:05 p.m."
"CO-45-EWR-MIA2011-12-25","ActualArrivalTime","Sun., Dec.25, 2011 7:49 p.m."
"CO-63-EWR-IAH2011-12-25","ExpectedDepartureTime","Sun., Dec.25, 2011 5:25 p.m."
"CO-63-EWR-IAH2011-12-25","ActualDepartureTime","Sun., Dec.25, 2011 5:20 p.m."
"CO-63-EWR-IAH2011-12-25","ExpectedArrivalTime","Sun., Dec.25, 2011 8:30 p.m."
"CO-63-EWR-IAH2011-12-25","ActualArrivalTime","Sun., Dec.25, 2011 8:39 p.m."
"CO-50-CLE-EWR2011-12-25","ExpectedDepartureTime","Sun., Dec.25, 2011 2:55 p.m."
"CO-50-CLE-EWR2011-12-25","ActualDepartureTime","Sun., Dec.25, 2011 2:53 p.m."
"CO-50-CLE-EWR2011-12-25","ExpectedArrivalTime","Sun., Dec.25, 2011 4:53 p.m."
"CO-50-CLE-EWR2011-12-25","ActualArrivalTime","Sun., Dec.25, 2011 4:16 p.m."
"CO-1561-PHX-IAH2011-12-25","ExpectedDepartureTime","Sun., Dec.25, 2011 8:05 a.m."
"CO-1561-PHX-IAH2011-12-25","ActualDepartureTime","Sun., Dec.25, 2011 8:03 a.m."
"CO-1561-PHX-IAH2011-12-25","ExpectedArrivalTime","Sun., Dec.25, 2011 11:37 a.m."
"CO-1561-PHX-IAH2011-12-25","ActualArrivalTime","Sun., Dec.25, 2011 11:26 a.m."
"CO-47-IAH-LAX2011-12-25","ExpectedDepartureTime","Sun., Dec.25, 2011 7:20 p.m."
"CO-47-IAH-LAX2011-12-25","ActualDepartureTime","Sun., Dec.25, 2011 7:49 p.m."
"CO-47-IAH-LAX2011-12-25","ExpectedArrivalTime","Sun., Dec.25, 2011 9:16 p.m."
"CO-47-IAH-LAX2011-12-25","ActualArrivalTime","Sun., Dec.25, 2011 9:12 p.m."
