"ObjectID","PropertyID","PropertyValue"
"AA-1221-MCO-ORD2011-12-10","ExpectedDepartureTime","December 10, 2011               08:00 PM    "
"AA-1221-MCO-ORD2011-12-10","ActualDepartureTime","December 10, 2011               07:54 PM    "
"AA-1221-MCO-ORD2011-12-10","DepartureGate"," 15"
"AA-1221-MCO-ORD2011-12-10","ExpectedArrivalTime","December 10, 2011               09:50 PM    "
"AA-1221-MCO-ORD2011-12-10","ActualArrivalTime","December 10, 2011               09:36 PM    "
"AA-1221-MCO-ORD2011-12-10","ArrivalGate"," H11B    "
"AA-4307-ORD-DTW2011-12-10","ExpectedDepartureTime","December 10, 2011               08:05 PM    "
"AA-4307-ORD-DTW2011-12-10","ActualDepartureTime","December 10, 2011               08:23 PM    "
"AA-4307-ORD-DTW2011-12-10","DepartureGate"," G19A"
"AA-4307-ORD-DTW2011-12-10","ExpectedArrivalTime","December 10, 2011               10:20 PM    "
"AA-4307-ORD-DTW2011-12-10","ActualArrivalTime","December 10, 2011               10:33 PM    "
"AA-4307-ORD-DTW2011-12-10","ArrivalGate"," D19    "
"AA-616-DFW-DTW2011-12-10","ExpectedDepartureTime","December 10, 2011               09:05 AM    "
"AA-616-DFW-DTW2011-12-10","ActualDepartureTime","December 10, 2011               08:59 AM    "
"AA-616-DFW-DTW2011-12-10","DepartureGate"," C24"
"AA-616-DFW-DTW2011-12-10","ExpectedArrivalTime","December 10, 2011               12:35 PM    "
"AA-616-DFW-DTW2011-12-10","ActualArrivalTime","December 10, 2011               12:38 PM    "
"AA-616-DFW-DTW2011-12-10","ArrivalGate"," D32    "
"AA-431-MIA-SFO2011-12-10","ExpectedDepartureTime","December 10, 2011               08:35 AM    "
"AA-431-MIA-SFO2011-12-10","ActualDepartureTime","December 10, 2011               08:30 AM    "
"AA-431-MIA-SFO2011-12-10","DepartureGate"," D50"
"AA-431-MIA-SFO2011-12-10","ExpectedArrivalTime","December 10, 2011               11:50 AM    "
"AA-431-MIA-SFO2011-12-10","ActualArrivalTime","December 10, 2011               11:06 AM    "
"AA-431-MIA-SFO2011-12-10","ArrivalGate"," 57    "
"AA-3756-ORD-SLC2011-12-10","ExpectedDepartureTime","December 10, 2011               12:15 PM    "
"AA-3756-ORD-SLC2011-12-10","ActualDepartureTime","December 10, 2011               12:10 PM    "
"AA-3756-ORD-SLC2011-12-10","DepartureGate"," G5"
"AA-3756-ORD-SLC2011-12-10","ExpectedArrivalTime","December 10, 2011               02:45 PM    "
"AA-3756-ORD-SLC2011-12-10","ActualArrivalTime","December 10, 2011               02:10 PM    "
"AA-3756-ORD-SLC2011-12-10","ArrivalGate"," A3    "
"AA-2050-ORD-MIA2011-12-10","ExpectedDepartureTime","December 10, 2011               10:40 AM    "
"AA-2050-ORD-MIA2011-12-10","ActualDepartureTime","December 10, 2011               10:47 AM    "
"AA-2050-ORD-MIA2011-12-10","DepartureGate"," K15"
"AA-2050-ORD-MIA2011-12-10","ExpectedArrivalTime","December 10, 2011               02:45 PM    "
"AA-2050-ORD-MIA2011-12-10","ActualArrivalTime","December 10, 2011               02:44 PM    "
"AA-2050-ORD-MIA2011-12-10","ArrivalGate"," D1    "
"AA-3804-PHL-ORD2011-12-10","ExpectedDepartureTime","December 10, 2011               02:35 PM    "
"AA-3804-PHL-ORD2011-12-10","ActualDepartureTime","December 10, 2011               02:27 PM    "
"AA-3804-PHL-ORD2011-12-10","DepartureGate"," A7"
"AA-3804-PHL-ORD2011-12-10","ExpectedArrivalTime","December 10, 2011               04:05 PM    "
"AA-3804-PHL-ORD2011-12-10","ActualArrivalTime","December 10, 2011               03:30 PM    "
"AA-3804-PHL-ORD2011-12-10","ArrivalGate"," G4    "
"AA-1664-MIA-ATL2011-12-10","ExpectedDepartureTime","December 10, 2011               10:15 AM    "
"AA-1664-MIA-ATL2011-12-10","ActualDepartureTime","December 10, 2011               10:43 AM    "
"AA-1664-MIA-ATL2011-12-10","DepartureGate"," D38"
"AA-1664-MIA-ATL2011-12-10","ExpectedArrivalTime","December 10, 2011               12:10 PM    "
"AA-1664-MIA-ATL2011-12-10","ActualArrivalTime","December 10, 2011               12:42 PM    "
"AA-1664-MIA-ATL2011-12-10","ArrivalGate"," T11    "
"AA-789-ORD-DEN2011-12-10","ExpectedDepartureTime","December 10, 2011               01:05 PM    "
"AA-789-ORD-DEN2011-12-10","ActualDepartureTime","December 10, 2011               02:21 PM    "
"AA-789-ORD-DEN2011-12-10","DepartureGate"," H14"
"AA-789-ORD-DEN2011-12-10","ExpectedArrivalTime","December 10, 2011               02:35 PM    "
"AA-789-ORD-DEN2011-12-10","ActualArrivalTime","December 10, 2011               03:42 PM    "
"AA-789-ORD-DEN2011-12-10","ArrivalGate"," A47    "
"AA-1733-ORD-PHX2011-12-10","ExpectedDepartureTime","December 10, 2011               07:45 PM    "
"AA-1733-ORD-PHX2011-12-10","ActualDepartureTime","December 10, 2011               07:43 PM    "
"AA-1733-ORD-PHX2011-12-10","DepartureGate"," K8"
"AA-1733-ORD-PHX2011-12-10","ExpectedArrivalTime","December 10, 2011               10:30 PM    "
"AA-1733-ORD-PHX2011-12-10","ActualArrivalTime","December 10, 2011     "
"AA-1733-ORD-PHX2011-12-10","ArrivalGate"," 6    "
"AA-1733-ORD-PHX2011-12-10","ExpectedDepartureTime","December 10, 2011               07:45 PM    "
"AA-1733-ORD-PHX2011-12-10","ActualDepartureTime","December 10, 2011               07:43 PM    "
"AA-1733-ORD-PHX2011-12-10","DepartureGate"," K8"
"AA-1733-ORD-PHX2011-12-10","ExpectedArrivalTime","December 10, 2011               10:30 PM    "
"AA-1733-ORD-PHX2011-12-10","ActualArrivalTime","December 10, 2011     "
"AA-1733-ORD-PHX2011-12-10","ArrivalGate"," 6    "
"AA-4277-CVG-JFK2011-12-10","ExpectedDepartureTime","December 10, 2011               12:10 PM    "
"AA-4277-CVG-JFK2011-12-10","ActualDepartureTime","December 10, 2011               12:05 PM    "
"AA-4277-CVG-JFK2011-12-10","DepartureGate"," 1"
"AA-4277-CVG-JFK2011-12-10","ExpectedArrivalTime","December 10, 2011               02:15 PM    "
"AA-4277-CVG-JFK2011-12-10","ActualArrivalTime","December 10, 2011               01:53 PM    "
"AA-4277-CVG-JFK2011-12-10","ArrivalGate"," 31E    "
"AA-2312-DFW-DTW2011-12-10","ExpectedDepartureTime","December 10, 2011               08:25 PM    "
"AA-2312-DFW-DTW2011-12-10","ActualDepartureTime","December 10, 2011     "
"AA-2312-DFW-DTW2011-12-10","DepartureGate"," C21"
"AA-2312-DFW-DTW2011-12-10","ExpectedArrivalTime","December 10, 2011               11:50 PM    "
"AA-2312-DFW-DTW2011-12-10","ActualArrivalTime","December 10, 2011     "
"AA-2312-DFW-DTW2011-12-10","ArrivalGate"," D32    "
"AA-85-JFK-SFO2011-12-10","ExpectedDepartureTime","December 10, 2011               03:05 PM    "
"AA-85-JFK-SFO2011-12-10","ActualDepartureTime","December 10, 2011               03:01 PM    "
"AA-85-JFK-SFO2011-12-10","DepartureGate"," 38"
"AA-85-JFK-SFO2011-12-10","ExpectedArrivalTime","December 10, 2011               06:30 PM    "
"AA-85-JFK-SFO2011-12-10","ActualArrivalTime","December 10, 2011               05:55 PM    "
"AA-85-JFK-SFO2011-12-10","ArrivalGate"," 57    "
"AA-404-MIA-MCO2011-12-10","ExpectedDepartureTime","December 10, 2011               06:45 AM    "
"AA-404-MIA-MCO2011-12-10","ActualDepartureTime","December 10, 2011               06:45 AM    "
"AA-404-MIA-MCO2011-12-10","DepartureGate"," E5"
"AA-404-MIA-MCO2011-12-10","ExpectedArrivalTime","December 10, 2011               07:45 AM    "
"AA-404-MIA-MCO2011-12-10","ActualArrivalTime","December 10, 2011               07:46 AM    "
"AA-404-MIA-MCO2011-12-10","ArrivalGate"," 15    "
"AA-446-DFW-PHL2011-12-10","ExpectedDepartureTime","December 10, 2011               11:50 AM    "
"AA-446-DFW-PHL2011-12-10","ActualDepartureTime","December 10, 2011               11:55 AM    "
"AA-446-DFW-PHL2011-12-10","DepartureGate"," D18"
"AA-446-DFW-PHL2011-12-10","ExpectedArrivalTime","December 10, 2011               03:50 PM    "
"AA-446-DFW-PHL2011-12-10","ActualArrivalTime","December 10, 2011               04:03 PM    "
"AA-446-DFW-PHL2011-12-10","ArrivalGate"," A9    "
"AA-2268-PHX-ORD2011-12-10","ExpectedDepartureTime","December 10, 2011               07:15 AM    "
"AA-2268-PHX-ORD2011-12-10","ActualDepartureTime","December 10, 2011               07:09 AM    "
"AA-2268-PHX-ORD2011-12-10","DepartureGate"," 6"
"AA-2268-PHX-ORD2011-12-10","ExpectedArrivalTime","December 10, 2011               11:35 AM    "
"AA-2268-PHX-ORD2011-12-10","ActualArrivalTime","December 10, 2011               11:17 AM    "
"AA-2268-PHX-ORD2011-12-10","ArrivalGate"," H11A    "
"AA-4344-ORD-DTW2011-12-10","ExpectedDepartureTime","December 10, 2011               11:45 AM    "
"AA-4344-ORD-DTW2011-12-10","ActualDepartureTime","December 10, 2011               11:42 AM    "
"AA-4344-ORD-DTW2011-12-10","DepartureGate"," G19A"
"AA-4344-ORD-DTW2011-12-10","ExpectedArrivalTime","December 10, 2011               02:00 PM    "
"AA-4344-ORD-DTW2011-12-10","ActualArrivalTime","December 10, 2011               01:50 PM    "
"AA-4344-ORD-DTW2011-12-10","ArrivalGate"," D28    "
"AA-484-DFW-MIA2011-12-10","ExpectedDepartureTime","December 10, 2011               04:15 PM    "
"AA-484-DFW-MIA2011-12-10","ActualDepartureTime","December 10, 2011               04:21 PM    "
"AA-484-DFW-MIA2011-12-10","DepartureGate"," A19"
"AA-484-DFW-MIA2011-12-10","ExpectedArrivalTime","December 10, 2011               07:55 PM    "
"AA-484-DFW-MIA2011-12-10","ActualArrivalTime","December 10, 2011               07:53 PM    "
"AA-484-DFW-MIA2011-12-10","ArrivalGate"," D49    "
"AA-3979-CVG-ORD2011-12-10","ExpectedDepartureTime","December 10, 2011               07:30 AM    "
"AA-3979-CVG-ORD2011-12-10","ActualDepartureTime","December 10, 2011               07:23 AM    "
"AA-3979-CVG-ORD2011-12-10","DepartureGate"," 5"
"AA-3979-CVG-ORD2011-12-10","ExpectedArrivalTime","December 10, 2011               08:00 AM    "
"AA-3979-CVG-ORD2011-12-10","ActualArrivalTime","December 10, 2011               07:56 AM    "
"AA-3979-CVG-ORD2011-12-10","ArrivalGate"," G4    "
"AA-3063-SLC-LAX2011-12-10","ExpectedDepartureTime","December 10, 2011               08:20 PM    "
"AA-3063-SLC-LAX2011-12-10","ActualDepartureTime","December 10, 2011               08:13 PM    "
"AA-3063-SLC-LAX2011-12-10","DepartureGate"," A3"
"AA-3063-SLC-LAX2011-12-10","ExpectedArrivalTime","December 10, 2011               09:20 PM    "
"AA-3063-SLC-LAX2011-12-10","ActualArrivalTime","December 10, 2011     "
"AA-3063-SLC-LAX2011-12-10","ArrivalGate"," 44F    "
"AA-3859-IAH-ORD2011-12-10","ExpectedDepartureTime","December 10, 2011               07:10 AM    "
"AA-3859-IAH-ORD2011-12-10","ActualDepartureTime","December 10, 2011               07:03 AM    "
"AA-3859-IAH-ORD2011-12-10","DepartureGate"," A29"
"AA-3859-IAH-ORD2011-12-10","ExpectedArrivalTime","December 10, 2011               09:40 AM    "
"AA-3859-IAH-ORD2011-12-10","ActualArrivalTime","December 10, 2011               09:26 AM    "
"AA-3859-IAH-ORD2011-12-10","ArrivalGate"," H5    "
"AA-3842-MSP-ORD2011-12-10","ExpectedDepartureTime","December 10, 2011               06:00 AM    "
"AA-3842-MSP-ORD2011-12-10","ActualDepartureTime","December 10, 2011               06:02 AM    "
"AA-3842-MSP-ORD2011-12-10","DepartureGate"," E14"
"AA-3842-MSP-ORD2011-12-10","ExpectedArrivalTime","December 10, 2011               07:30 AM    "
"AA-3842-MSP-ORD2011-12-10","ActualArrivalTime","December 10, 2011               07:13 AM    "
"AA-3842-MSP-ORD2011-12-10","ArrivalGate"," H4    "
"AA-1544-SAN-ORD2011-12-10","ExpectedDepartureTime","December 10, 2011               11:25 AM    "
"AA-1544-SAN-ORD2011-12-10","ActualDepartureTime","December 10, 2011               11:26 AM    "
"AA-1544-SAN-ORD2011-12-10","DepartureGate"," 27"
"AA-1544-SAN-ORD2011-12-10","ExpectedArrivalTime","December 10, 2011               05:25 PM    "
"AA-1544-SAN-ORD2011-12-10","ActualArrivalTime","December 10, 2011               05:19 PM    "
"AA-1544-SAN-ORD2011-12-10","ArrivalGate"," H12    "
"AA-649-ORD-SNA2011-12-10","ExpectedDepartureTime","December 10, 2011               01:30 PM    "
"AA-649-ORD-SNA2011-12-10","ActualDepartureTime","December 10, 2011     "
"AA-649-ORD-SNA2011-12-10","DepartureGate"," H11B"
"AA-649-ORD-SNA2011-12-10","ExpectedArrivalTime","December 10, 2011               03:50 PM    "
"AA-649-ORD-SNA2011-12-10","ActualArrivalTime","December 10, 2011     "
"AA-649-ORD-SNA2011-12-10","ArrivalGate"," 7    "
"AA-1640-MIA-MCO2011-12-10","ExpectedDepartureTime","December 10, 2011               06:30 PM    "
"AA-1640-MIA-MCO2011-12-10","ActualDepartureTime","December 10, 2011     "
"AA-1640-MIA-MCO2011-12-10","DepartureGate"," D33"
"AA-1640-MIA-MCO2011-12-10","ExpectedArrivalTime","December 10, 2011               07:25 PM    "
"AA-1640-MIA-MCO2011-12-10","ActualArrivalTime","December 10, 2011     "
"AA-1640-MIA-MCO2011-12-10","ArrivalGate"," 14    "
"AA-518-MIA-JFK2011-12-10","ExpectedDepartureTime","December 10, 2011               06:30 AM    "
"AA-518-MIA-JFK2011-12-10","ActualDepartureTime","December 10, 2011               06:43 AM    "
"AA-518-MIA-JFK2011-12-10","DepartureGate"," D1"
"AA-518-MIA-JFK2011-12-10","ExpectedArrivalTime","December 10, 2011               09:15 AM    "
"AA-518-MIA-JFK2011-12-10","ActualArrivalTime","December 10, 2011               09:03 AM    "
"AA-518-MIA-JFK2011-12-10","ArrivalGate"," 38    "
"AA-2525-DFW-MIA2011-12-10","ExpectedDepartureTime","December 10, 2011               07:25 AM    "
"AA-2525-DFW-MIA2011-12-10","ActualDepartureTime","December 10, 2011               07:49 AM    "
"AA-2525-DFW-MIA2011-12-10","DepartureGate"," A34"
"AA-2525-DFW-MIA2011-12-10","ExpectedArrivalTime","December 10, 2011               11:10 AM    "
"AA-2525-DFW-MIA2011-12-10","ActualArrivalTime","December 10, 2011               11:23 AM    "
"AA-2525-DFW-MIA2011-12-10","ArrivalGate"," D25    "
"AA-1279-DFW-PHX2011-12-10","ExpectedDepartureTime","December 10, 2011               01:00 PM    "
"AA-1279-DFW-PHX2011-12-10","ActualDepartureTime","December 10, 2011               01:06 PM    "
"AA-1279-DFW-PHX2011-12-10","DepartureGate"," C36"
"AA-1279-DFW-PHX2011-12-10","ExpectedArrivalTime","December 10, 2011               02:35 PM    "
"AA-1279-DFW-PHX2011-12-10","ActualArrivalTime","December 10, 2011               02:30 PM    "
"AA-1279-DFW-PHX2011-12-10","ArrivalGate"," 4    "
"AA-1522-SFO-ORD2011-12-10","ExpectedDepartureTime","December 10, 2011               11:55 PM    "
"AA-1522-SFO-ORD2011-12-10","ActualDepartureTime","December 10, 2011     "
"AA-1522-SFO-ORD2011-12-10","DepartureGate"," 57"
"AA-1522-SFO-ORD2011-12-10","ExpectedArrivalTime","December 11, 2011               05:50 AM    "
"AA-1522-SFO-ORD2011-12-10","ActualArrivalTime","December 11, 2011     "
"AA-1522-SFO-ORD2011-12-10","ArrivalGate"," H9    "
"AA-1434-DFW-MCO2011-12-10","ExpectedDepartureTime","December 10, 2011               07:15 AM    "
"AA-1434-DFW-MCO2011-12-10","ActualDepartureTime","December 10, 2011               07:09 AM    "
"AA-1434-DFW-MCO2011-12-10","DepartureGate"," A37"
"AA-1434-DFW-MCO2011-12-10","ExpectedArrivalTime","December 10, 2011               10:35 AM    "
"AA-1434-DFW-MCO2011-12-10","ActualArrivalTime","December 10, 2011               10:43 AM    "
"AA-1434-DFW-MCO2011-12-10","ArrivalGate"," 17    "
"AA-59-JFK-SFO2011-12-10","ExpectedDepartureTime","December 10, 2011               07:10 AM    "
"AA-59-JFK-SFO2011-12-10","ActualDepartureTime","December 10, 2011               07:02 AM    "
"AA-59-JFK-SFO2011-12-10","DepartureGate"," 42"
"AA-59-JFK-SFO2011-12-10","ExpectedArrivalTime","December 10, 2011               10:45 AM    "
"AA-59-JFK-SFO2011-12-10","ActualArrivalTime","December 10, 2011               10:08 AM    "
"AA-59-JFK-SFO2011-12-10","ArrivalGate"," 58B    "
"AA-415-BOS-ORD2011-12-10","ExpectedDepartureTime","December 10, 2011               08:35 AM    "
"AA-415-BOS-ORD2011-12-10","ActualDepartureTime","December 10, 2011               08:30 AM    "
"AA-415-BOS-ORD2011-12-10","DepartureGate"," B31"
"AA-415-BOS-ORD2011-12-10","ExpectedArrivalTime","December 10, 2011               10:40 AM    "
"AA-415-BOS-ORD2011-12-10","ActualArrivalTime","December 10, 2011               10:11 AM    "
"AA-415-BOS-ORD2011-12-10","ArrivalGate"," K18    "
"AA-222-LAX-BOS2011-12-10","ExpectedDepartureTime","December 10, 2011               07:10 AM    "
"AA-222-LAX-BOS2011-12-10","ActualDepartureTime","December 10, 2011               07:05 AM    "
"AA-222-LAX-BOS2011-12-10","DepartureGate"," 48A"
"AA-222-LAX-BOS2011-12-10","ExpectedArrivalTime","December 10, 2011               03:30 PM    "
"AA-222-LAX-BOS2011-12-10","ActualArrivalTime","December 10, 2011               03:28 PM    "
"AA-222-LAX-BOS2011-12-10","ArrivalGate"," B28    "
"AA-3823-LAX-DEN2011-12-10","ExpectedDepartureTime","December 10, 2011               09:00 PM    "
"AA-3823-LAX-DEN2011-12-10","ActualDepartureTime","December 10, 2011     "
"AA-3823-LAX-DEN2011-12-10","DepartureGate"," 44J"
"AA-3823-LAX-DEN2011-12-10","ExpectedArrivalTime","December 11, 2011               12:15 AM    "
"AA-3823-LAX-DEN2011-12-10","ActualArrivalTime","December 11, 2011     "
"AA-3823-LAX-DEN2011-12-10","ArrivalGate"," A49    "
"AA-1165-JFK-MIA2011-12-10","ExpectedDepartureTime","December 10, 2011               06:59 AM    "
"AA-1165-JFK-MIA2011-12-10","ActualDepartureTime","December 10, 2011               06:55 AM    "
"AA-1165-JFK-MIA2011-12-10","DepartureGate"," 37"
"AA-1165-JFK-MIA2011-12-10","ExpectedArrivalTime","December 10, 2011               10:34 AM    "
"AA-1165-JFK-MIA2011-12-10","ActualArrivalTime","December 10, 2011               11:01 AM    "
"AA-1165-JFK-MIA2011-12-10","ArrivalGate"," D16    "
"AA-3786-IAH-ORD2011-12-10","ExpectedDepartureTime","December 10, 2011               04:00 PM    "
"AA-3786-IAH-ORD2011-12-10","ActualDepartureTime","December 10, 2011               03:48 PM    "
"AA-3786-IAH-ORD2011-12-10","DepartureGate"," A29"
"AA-3786-IAH-ORD2011-12-10","ExpectedArrivalTime","December 10, 2011               06:40 PM    "
"AA-3786-IAH-ORD2011-12-10","ActualArrivalTime","December 10, 2011               06:23 PM    "
"AA-3786-IAH-ORD2011-12-10","ArrivalGate"," H4    "
"AA-4330-CVG-ORD2011-12-10","ExpectedDepartureTime","December 10, 2011               03:35 PM    "
"AA-4330-CVG-ORD2011-12-10","ActualDepartureTime","December 10, 2011               03:26 PM    "
"AA-4330-CVG-ORD2011-12-10","DepartureGate"," 5"
"AA-4330-CVG-ORD2011-12-10","ExpectedArrivalTime","December 10, 2011               04:00 PM    "
"AA-4330-CVG-ORD2011-12-10","ActualArrivalTime","December 10, 2011               03:32 PM    "
"AA-4330-CVG-ORD2011-12-10","ArrivalGate"," G18    "
"AA-3468-CVG-MIA2011-12-10","ExpectedDepartureTime","December 10, 2011               07:00 AM    "
"AA-3468-CVG-MIA2011-12-10","ActualDepartureTime","December 10, 2011               07:01 AM    "
"AA-3468-CVG-MIA2011-12-10","DepartureGate"," 3"
"AA-3468-CVG-MIA2011-12-10","ExpectedArrivalTime","December 10, 2011               09:55 AM    "
"AA-3468-CVG-MIA2011-12-10","ActualArrivalTime","December 10, 2011               09:55 AM    "
"AA-3468-CVG-MIA2011-12-10","ArrivalGate"," D60D    "
"AA-204-LAX-MCO2011-12-10","ExpectedDepartureTime","December 10, 2011               11:25 PM    "
"AA-204-LAX-MCO2011-12-10","ActualDepartureTime","December 10, 2011     "
"AA-204-LAX-MCO2011-12-10","DepartureGate"," 45"
"AA-204-LAX-MCO2011-12-10","ExpectedArrivalTime","December 11, 2011               06:55 AM    "
"AA-204-LAX-MCO2011-12-10","ActualArrivalTime","December 11, 2011     "
"AA-204-LAX-MCO2011-12-10","ArrivalGate"," TBA    "
"AA-466-IAH-MIA2011-12-10","ExpectedDepartureTime","December 10, 2011               06:00 AM    "
"AA-466-IAH-MIA2011-12-10","ActualDepartureTime","December 10, 2011               06:06 AM    "
"AA-466-IAH-MIA2011-12-10","DepartureGate"," A27"
"AA-466-IAH-MIA2011-12-10","ExpectedArrivalTime","December 10, 2011               09:20 AM    "
"AA-466-IAH-MIA2011-12-10","ActualArrivalTime","December 10, 2011               09:19 AM    "
"AA-466-IAH-MIA2011-12-10","ArrivalGate"," D30    "
"AA-3-JFK-LAX2011-12-10","ExpectedDepartureTime","December 10, 2011               12:00 PM    "
"AA-3-JFK-LAX2011-12-10","ActualDepartureTime","December 10, 2011               11:53 AM    "
"AA-3-JFK-LAX2011-12-10","DepartureGate"," 4"
"AA-3-JFK-LAX2011-12-10","ExpectedArrivalTime","December 10, 2011               03:15 PM    "
"AA-3-JFK-LAX2011-12-10","ActualArrivalTime","December 10, 2011               02:35 PM    "
"AA-3-JFK-LAX2011-12-10","ArrivalGate"," 49A    "
"AA-1007-MIA-PHX2011-12-10","ExpectedDepartureTime","December 10, 2011               04:55 PM    "
"AA-1007-MIA-PHX2011-12-10","ActualDepartureTime","December 10, 2011               04:52 PM    "
"AA-1007-MIA-PHX2011-12-10","DepartureGate"," D37"
"AA-1007-MIA-PHX2011-12-10","ExpectedArrivalTime","December 10, 2011               08:05 PM    "
"AA-1007-MIA-PHX2011-12-10","ActualArrivalTime","December 10, 2011               07:48 PM    "
"AA-1007-MIA-PHX2011-12-10","ArrivalGate"," 6    "
"AA-271-MIA-LAX2011-12-10","ExpectedDepartureTime","December 10, 2011               11:35 AM    "
"AA-271-MIA-LAX2011-12-10","ActualDepartureTime","December 10, 2011               11:36 AM    "
"AA-271-MIA-LAX2011-12-10","DepartureGate"," D24"
"AA-271-MIA-LAX2011-12-10","ExpectedArrivalTime","December 10, 2011               02:25 PM    "
"AA-271-MIA-LAX2011-12-10","ActualArrivalTime","December 10, 2011               02:28 PM    "
"AA-271-MIA-LAX2011-12-10","ArrivalGate"," 48B    "
"AA-643-MIA-ORD2011-12-10","ExpectedDepartureTime","December 10, 2011               07:10 AM    "
"AA-643-MIA-ORD2011-12-10","ActualDepartureTime","December 10, 2011               07:10 AM    "
"AA-643-MIA-ORD2011-12-10","DepartureGate"," D40"
"AA-643-MIA-ORD2011-12-10","ExpectedArrivalTime","December 10, 2011               09:35 AM    "
"AA-643-MIA-ORD2011-12-10","ActualArrivalTime","December 10, 2011               09:18 AM    "
"AA-643-MIA-ORD2011-12-10","ArrivalGate"," H15    "
"AA-4198-ORD-CLE2011-12-10","ExpectedDepartureTime","December 10, 2011               10:40 AM    "
"AA-4198-ORD-CLE2011-12-10","ActualDepartureTime","December 10, 2011               10:36 AM    "
"AA-4198-ORD-CLE2011-12-10","DepartureGate"," H3A"
"AA-4198-ORD-CLE2011-12-10","ExpectedArrivalTime","December 10, 2011               12:55 PM    "
"AA-4198-ORD-CLE2011-12-10","ActualArrivalTime","December 10, 2011               12:46 PM    "
"AA-4198-ORD-CLE2011-12-10","ArrivalGate"," A1    "
"AA-400-DFW-JFK2011-12-10","ExpectedDepartureTime","December 10, 2011               10:40 AM    "
"AA-400-DFW-JFK2011-12-10","ActualDepartureTime","December 10, 2011               11:50 AM    "
"AA-400-DFW-JFK2011-12-10","DepartureGate"," C16"
"AA-400-DFW-JFK2011-12-10","ExpectedArrivalTime","December 10, 2011               02:59 PM    "
"AA-400-DFW-JFK2011-12-10","ActualArrivalTime","December 10, 2011               04:02 PM    "
"AA-400-DFW-JFK2011-12-10","ArrivalGate"," 33    "
"AA-1886-BOS-MIA2011-12-10","ExpectedDepartureTime","December 10, 2011               10:45 AM    "
"AA-1886-BOS-MIA2011-12-10","ActualDepartureTime","December 10, 2011               10:48 AM    "
"AA-1886-BOS-MIA2011-12-10","DepartureGate"," B31"
"AA-1886-BOS-MIA2011-12-10","ExpectedArrivalTime","December 10, 2011               02:20 PM    "
"AA-1886-BOS-MIA2011-12-10","ActualArrivalTime","December 10, 2011               02:17 PM    "
"AA-1886-BOS-MIA2011-12-10","ArrivalGate"," D23    "
"AA-1917-JFK-MCO2011-12-10","ExpectedDepartureTime","December 10, 2011               02:55 PM    "
"AA-1917-JFK-MCO2011-12-10","ActualDepartureTime","December 10, 2011               02:51 PM    "
"AA-1917-JFK-MCO2011-12-10","DepartureGate"," 37"
"AA-1917-JFK-MCO2011-12-10","ExpectedArrivalTime","December 10, 2011               05:55 PM    "
"AA-1917-JFK-MCO2011-12-10","ActualArrivalTime","December 10, 2011               05:54 PM    "
"AA-1917-JFK-MCO2011-12-10","ArrivalGate"," 16    "
"AA-3809-PHX-LAX2011-12-10","ExpectedDepartureTime","December 10, 2011               06:00 AM    "
"AA-3809-PHX-LAX2011-12-10","ActualDepartureTime","December 10, 2011               05:52 AM    "
"AA-3809-PHX-LAX2011-12-10","DepartureGate"," 2"
"AA-3809-PHX-LAX2011-12-10","ExpectedArrivalTime","December 10, 2011               06:40 AM    "
"AA-3809-PHX-LAX2011-12-10","ActualArrivalTime","December 10, 2011               06:23 AM    "
"AA-3809-PHX-LAX2011-12-10","ArrivalGate"," 44J    "
"AA-2957-DFW-CVG2011-12-10","ExpectedDepartureTime","December 10, 2011               07:55 AM    "
"AA-2957-DFW-CVG2011-12-10","ActualDepartureTime","December 10, 2011               07:51 AM    "
"AA-2957-DFW-CVG2011-12-10","DepartureGate"," B25"
"AA-2957-DFW-CVG2011-12-10","ExpectedArrivalTime","December 10, 2011               11:05 AM    "
"AA-2957-DFW-CVG2011-12-10","ActualArrivalTime","December 10, 2011               11:08 AM    "
"AA-2957-DFW-CVG2011-12-10","ArrivalGate"," 3    "
"UA-1500-IAH-GUA2011-12-10","ExpectedDepartureTime","Sat, Dec 10 8:55 AM"
"UA-1500-IAH-GUA2011-12-10","ActualDepartureTime","Sat, Dec 10 9:02 AM"
"UA-1500-IAH-GUA2011-12-10","DepartureGate","E23"
"UA-1500-IAH-GUA2011-12-10","ExpectedArrivalTime","Sat, Dec 10 11:45 AM"
"UA-1500-IAH-GUA2011-12-10","ActualArrivalTime","Sat, Dec 10 11:47 AM"
"UA-1500-IAH-GUA2011-12-10","ArrivalGate","15"
"UA-257-JFK-SFO2011-12-10","ExpectedDepartureTime","Sat, Dec 10 2:30 PM"
"UA-257-JFK-SFO2011-12-10","ActualDepartureTime","Sat, Dec 10 3:39 PM"
"UA-257-JFK-SFO2011-12-10","DepartureGate","9"
"UA-257-JFK-SFO2011-12-10","ExpectedArrivalTime","Sat, Dec 10 6:07 PM"
"UA-257-JFK-SFO2011-12-10","ActualArrivalTime","Sat, Dec 10 6:39 PM"
"UA-257-JFK-SFO2011-12-10","ArrivalGate","83"
"UA-62-IAH-EWR2011-12-10","ExpectedDepartureTime","Sat, Dec 10 2:30 PM"
"UA-62-IAH-EWR2011-12-10","ActualDepartureTime","Sat, Dec 10 2:40 PM"
"UA-62-IAH-EWR2011-12-10","DepartureGate","C-39"
"UA-62-IAH-EWR2011-12-10","ExpectedArrivalTime","Sat, Dec 10 7:01 PM"
"UA-62-IAH-EWR2011-12-10","ActualArrivalTime","Sat, Dec 10 6:49 PM"
"UA-62-IAH-EWR2011-12-10","ArrivalGate","C75"
"UA-397-JFK-SFO2011-12-10","ExpectedDepartureTime","Sat, Dec 10 8:00 AM"
"UA-397-JFK-SFO2011-12-10","ActualDepartureTime","Sat, Dec 10 7:57 AM"
"UA-397-JFK-SFO2011-12-10","DepartureGate","7"
"UA-397-JFK-SFO2011-12-10","ExpectedArrivalTime","Sat, Dec 10 11:55 AM"
"UA-397-JFK-SFO2011-12-10","ActualArrivalTime","Sat, Dec 10 11:06 AM"
"UA-397-JFK-SFO2011-12-10","ArrivalGate","81"
"UA-2704-DTW-PHX2011-12-10","ExpectedDepartureTime","Sat, Dec 10 11:15 AM"
"UA-2704-DTW-PHX2011-12-10","ActualDepartureTime","Sat, Dec 10 11:15 AM"
"UA-2704-DTW-PHX2011-12-10","DepartureGate","D14"
"UA-2704-DTW-PHX2011-12-10","ExpectedArrivalTime","Sat, Dec 10 1:40 PM"
"UA-2704-DTW-PHX2011-12-10","ActualArrivalTime","Sat, Dec 10 1:32 PM"
"UA-2704-DTW-PHX2011-12-10","ArrivalGate","A17"
"UA-3373-IAD-PHL2011-12-10","ExpectedDepartureTime","Sat, Dec 10 8:27 AM"
"UA-3373-IAD-PHL2011-12-10","ActualDepartureTime","Sat, Dec 10 8:24 AM"
"UA-3373-IAD-PHL2011-12-10","DepartureGate","C20"
"UA-3373-IAD-PHL2011-12-10","ExpectedArrivalTime","Sat, Dec 10 9:22 AM"
"UA-3373-IAD-PHL2011-12-10","ActualArrivalTime","Sat, Dec 10 9:16 AM"
"UA-3373-IAD-PHL2011-12-10","ArrivalGate","D7"
"UA-2906-PHL-MCO2011-12-10","ExpectedDepartureTime","Sat, Dec 10 3:50 PM"
"UA-2906-PHL-MCO2011-12-10","ActualDepartureTime","Sat, Dec 10 3:57 PM            Delayed"
"UA-2906-PHL-MCO2011-12-10","DepartureGate","B13"
"UA-2906-PHL-MCO2011-12-10","ExpectedArrivalTime","Sat, Dec 10 6:23 PM"
"UA-2906-PHL-MCO2011-12-10","ActualArrivalTime","Sat, Dec 10 6:43 PM"
"UA-2906-PHL-MCO2011-12-10","ArrivalGate","58"
"UA-938-DEN-ORD2011-12-10","ExpectedDepartureTime","Sat, Dec 10 3:55 PM"
"UA-938-DEN-ORD2011-12-10","ActualDepartureTime","Sat, Dec 10 4:20 PM"
"UA-938-DEN-ORD2011-12-10","DepartureGate","B26"
"UA-938-DEN-ORD2011-12-10","ExpectedArrivalTime","Sat, Dec 10 7:15 PM"
"UA-938-DEN-ORD2011-12-10","ActualArrivalTime","Sat, Dec 10 7:38 PM"
"UA-938-DEN-ORD2011-12-10","ArrivalGate","C26"
"UA-3099-PHX-PHL2011-12-10","ExpectedDepartureTime","Sat, Dec 10 11:55 AM"
"UA-3099-PHX-PHL2011-12-10","ActualDepartureTime","Sat, Dec 10 11:55 AM"
"UA-3099-PHX-PHL2011-12-10","DepartureGate","A13"
"UA-3099-PHX-PHL2011-12-10","ExpectedArrivalTime","Sat, Dec 10 6:17 PM"
"UA-3099-PHX-PHL2011-12-10","ActualArrivalTime","Sat, Dec 10 6:00 PM"
"UA-3099-PHX-PHL2011-12-10","ArrivalGate","A12"
"UA-3925-IAD-ORF2011-12-10","ExpectedDepartureTime","Sat, Dec 10 8:42 AM"
"UA-3925-IAD-ORF2011-12-10","ActualDepartureTime","Sat, Dec 10 8:39 AM"
"UA-3925-IAD-ORF2011-12-10","DepartureGate","A2A"
"UA-3925-IAD-ORF2011-12-10","ExpectedArrivalTime","Sat, Dec 10 9:55 AM"
"UA-3925-IAD-ORF2011-12-10","ActualArrivalTime","Sat, Dec 10 9:38 AM"
"UA-5487-SFO-MRY2011-12-10","ExpectedDepartureTime","Sat, Dec 10 10:39 AM"
"UA-5487-SFO-MRY2011-12-10","ActualDepartureTime","Sat, Dec 10 10:41 AM"
"UA-5487-SFO-MRY2011-12-10","DepartureGate","87A"
"UA-5487-SFO-MRY2011-12-10","ExpectedArrivalTime","Sat, Dec 10 11:19 AM"
"UA-5487-SFO-MRY2011-12-10","ActualArrivalTime","Sat, Dec 10 11:23 AM"
"UA-3050-PHX-CLT2011-12-10","ExpectedDepartureTime","Sat, Dec 10 11:05 AM"
"UA-3050-PHX-CLT2011-12-10","ActualDepartureTime","Sat, Dec 10 11:05 AM"
"UA-3050-PHX-CLT2011-12-10","DepartureGate","A14"
"UA-3050-PHX-CLT2011-12-10","ExpectedArrivalTime","Sat, Dec 10 4:57 PM"
"UA-3050-PHX-CLT2011-12-10","ActualArrivalTime","Sat, Dec 10 5:05 PM"
"UA-3050-PHX-CLT2011-12-10","ArrivalGate","B11"
"UA-828-SFO-ORD2011-12-10","ExpectedDepartureTime","Sat, Dec 10 11:20 PM"
"UA-828-SFO-ORD2011-12-10","ActualDepartureTime","Sat, Dec 10 11:20 PM"
"UA-828-SFO-ORD2011-12-10","DepartureGate","84"
"UA-828-SFO-ORD2011-12-10","ExpectedArrivalTime","Sun, Dec 11 5:17 AM"
"UA-828-SFO-ORD2011-12-10","ActualArrivalTime","Sun, Dec 11 5:17 AM"
"UA-828-SFO-ORD2011-12-10","ArrivalGate","C17"
"UA-2830-MCO-CLT2011-12-10","ExpectedDepartureTime","Sat, Dec 10 3:27 PM"
"UA-2830-MCO-CLT2011-12-10","ActualDepartureTime","Sat, Dec 10 3:51 PM"
"UA-2830-MCO-CLT2011-12-10","DepartureGate","58"
"UA-2830-MCO-CLT2011-12-10","ExpectedArrivalTime","Sat, Dec 10 5:05 PM"
"UA-2830-MCO-CLT2011-12-10","ActualArrivalTime","Sat, Dec 10 5:25 PM"
"UA-2830-MCO-CLT2011-12-10","ArrivalGate","D3"
"UA-37-EWR-MCO2011-12-10","ExpectedDepartureTime","Sat, Dec 10 1:45 PM"
"UA-37-EWR-MCO2011-12-10","ActualDepartureTime","Sat, Dec 10 2:01 PM            Delayed"
"UA-37-EWR-MCO2011-12-10","DepartureGate","C84"
"UA-37-EWR-MCO2011-12-10","ExpectedArrivalTime","Sat, Dec 10 4:30 PM"
"UA-37-EWR-MCO2011-12-10","ActualArrivalTime","Sat, Dec 10 4:55 PM"
"UA-37-EWR-MCO2011-12-10","ArrivalGate","39"
"UA-37-EDI-EWR2011-12-10","ExpectedDepartureTime","Sat, Dec 10 9:05 AM"
"UA-37-EDI-EWR2011-12-10","ActualDepartureTime","Sat, Dec 10 11:02 AM"
"UA-37-EDI-EWR2011-12-10","ExpectedArrivalTime","Sat, Dec 10 11:53 AM"
"UA-37-EDI-EWR2011-12-10","ActualArrivalTime","Sat, Dec 10 2:40 PM"
"UA-37-EDI-EWR2011-12-10","ArrivalGate","B62"
"UA-2708-EWR-CLT2011-12-10","ExpectedDepartureTime","Sat, Dec 10 2:55 PM"
"UA-2708-EWR-CLT2011-12-10","ActualDepartureTime","Sat, Dec 10 2:55 PM"
"UA-2708-EWR-CLT2011-12-10","DepartureGate","A37"
"UA-2708-EWR-CLT2011-12-10","ExpectedArrivalTime","Sat, Dec 10 4:53 PM"
"UA-2708-EWR-CLT2011-12-10","ActualArrivalTime","Sat, Dec 10 5:02 PM"
"UA-2708-EWR-CLT2011-12-10","ArrivalGate","C19"
"UA-2726-FLL-PHL2011-12-10","ExpectedDepartureTime","Sat, Dec 10 4:00 PM"
"UA-2726-FLL-PHL2011-12-10","ActualDepartureTime","Sat, Dec 10 4:00 PM"
"UA-2726-FLL-PHL2011-12-10","DepartureGate","E3"
"UA-2726-FLL-PHL2011-12-10","ExpectedArrivalTime","Sat, Dec 10 6:46 PM"
"UA-2726-FLL-PHL2011-12-10","ActualArrivalTime","Sat, Dec 10 6:13 PM"
"UA-2726-FLL-PHL2011-12-10","ArrivalGate","B4"
"UA-2945-PHL-CLT2011-12-10","ExpectedDepartureTime","Sat, Dec 10 12:00 AM"
"UA-2945-PHL-CLT2011-12-10","ActualDepartureTime","Sat, Dec 10 5:11 AM"
"UA-2945-PHL-CLT2011-12-10","DepartureGate","C21"
"UA-2945-PHL-CLT2011-12-10","ExpectedArrivalTime","Sat, Dec 10 1:45 PM"
"UA-2945-PHL-CLT2011-12-10","ActualArrivalTime","Sat, Dec 10 1:36 PM"
"UA-2945-PHL-CLT2011-12-10","ArrivalGate","B6"
"UA-6273-YYC-SFO2011-12-10","ExpectedDepartureTime","Sat, Dec 10 8:01 AM"
"UA-6273-YYC-SFO2011-12-10","ActualDepartureTime","Sat, Dec 10 7:59 AM"
"UA-6273-YYC-SFO2011-12-10","ExpectedArrivalTime","Sat, Dec 10 10:09 AM"
"UA-6273-YYC-SFO2011-12-10","ActualArrivalTime","Sat, Dec 10 10:19 AM"
"UA-6273-YYC-SFO2011-12-10","ArrivalGate","78A"
"UA-382-IAD-LAX2011-12-10","ExpectedDepartureTime","Sat, Dec 10 12:30 PM"
"UA-382-IAD-LAX2011-12-10","ActualDepartureTime","Sat, Dec 10 1:08 PM            Delayed"
"UA-382-IAD-LAX2011-12-10","DepartureGate","C19"
"UA-382-IAD-LAX2011-12-10","ExpectedArrivalTime","Sat, Dec 10 3:19 PM"
"UA-382-IAD-LAX2011-12-10","ActualArrivalTime","Sat, Dec 10 3:31 PM"
"UA-382-IAD-LAX2011-12-10","ArrivalGate","75B"
"UA-858-PVG-SFO2011-12-10","ExpectedDepartureTime","Sat, Dec 10 1:45 PM"
"UA-858-PVG-SFO2011-12-10","ActualDepartureTime","Sat, Dec 10 1:36 PM"
"UA-858-PVG-SFO2011-12-10","DepartureGate","75"
"UA-858-PVG-SFO2011-12-10","ExpectedArrivalTime","Sat, Dec 10 8:27 AM"
"UA-858-PVG-SFO2011-12-10","ActualArrivalTime","Sat, Dec 10 7:49 AM"
"UA-858-PVG-SFO2011-12-10","ArrivalGate","96"
"UA-854-SFO-IAH2011-12-10","ExpectedDepartureTime","Sat, Dec 10 7:55 AM"
"UA-854-SFO-IAH2011-12-10","ActualDepartureTime","Sat, Dec 10 7:53 AM"
"UA-854-SFO-IAH2011-12-10","DepartureGate","85"
"UA-854-SFO-IAH2011-12-10","ExpectedArrivalTime","Sat, Dec 10 1:41 PM"
"UA-854-SFO-IAH2011-12-10","ActualArrivalTime","Sat, Dec 10 1:25 PM"
"UA-854-SFO-IAH2011-12-10","ArrivalGate","C16"
"CO-1586-IAH-MCO2011-12-10","ExpectedDepartureTime","Sat., Dec.10, 2011 7:00 p.m."
"CO-1586-IAH-MCO2011-12-10","ActualDepartureTime","Sat., Dec.10, 2011 7:00 p.m."
"CO-1586-IAH-MCO2011-12-10","ExpectedArrivalTime","Sat., Dec.10, 2011 10:15 p.m."
"CO-1586-IAH-MCO2011-12-10","ActualArrivalTime","Sat., Dec.10, 2011 10:04 p.m."
"CO-1088-CLE-IAH2011-12-10","ExpectedDepartureTime","Sat., Dec.10, 2011 8:40 a.m."
"CO-1088-CLE-IAH2011-12-10","ActualDepartureTime","Sat., Dec.10, 2011 8:42 a.m."
"CO-1088-CLE-IAH2011-12-10","ExpectedArrivalTime","Sat., Dec.10, 2011 10:54 a.m."
"CO-1088-CLE-IAH2011-12-10","ActualArrivalTime","Sat., Dec.10, 2011 10:55 a.m."
"CO-16-LAX-EWR2011-12-10","ExpectedDepartureTime","Sat., Dec.10, 2011 10:25 a.m."
"CO-16-LAX-EWR2011-12-10","ActualDepartureTime","Sat., Dec.10, 2011 10:35 a.m."
"CO-16-LAX-EWR2011-12-10","ExpectedArrivalTime","Sat., Dec.10, 2011 6:42 p.m."
"CO-16-LAX-EWR2011-12-10","ActualArrivalTime","Sat., Dec.10, 2011 6:52 p.m."
"CO-58-DEN-IAH2011-12-10","ExpectedDepartureTime","Sat., Dec.10, 2011 11:25 a.m."
"CO-58-DEN-IAH2011-12-10","ActualDepartureTime","Sat., Dec.10, 2011 11:30 a.m."
"CO-58-DEN-IAH2011-12-10","ExpectedArrivalTime","Sat., Dec.10, 2011 2:47 p.m."
"CO-58-DEN-IAH2011-12-10","ActualArrivalTime","Sat., Dec.10, 2011 2:37 p.m."
"CO-1193-EWR-MCO2011-12-10","ExpectedDepartureTime","Sat., Dec.10, 2011 3:45 p.m."
"CO-1193-EWR-MCO2011-12-10","ActualDepartureTime","Sat., Dec.10, 2011 3:40 p.m."
"CO-1193-EWR-MCO2011-12-10","ExpectedArrivalTime","Sat., Dec.10, 2011 6:31 p.m."
"CO-1193-EWR-MCO2011-12-10","ActualArrivalTime","Sat., Dec.10, 2011 6:35 p.m."
"CO-1023-IAH-DEN2011-12-10","ExpectedDepartureTime","Sat., Dec.10, 2011 11:40 a.m."
"CO-1023-IAH-DEN2011-12-10","ActualDepartureTime","Sat., Dec.10, 2011 1:43 p.m."
"CO-1023-IAH-DEN2011-12-10","ExpectedArrivalTime","Sat., Dec.10, 2011 1:16 p.m."
"CO-1023-IAH-DEN2011-12-10","ActualArrivalTime","Sat., Dec.10, 2011 3:00 p.m."
"CO-1250-MIA-IAH2011-12-10","ExpectedDepartureTime","Sat., Dec.10, 2011 2:53 p.m."
"CO-1250-MIA-IAH2011-12-10","ActualDepartureTime","Sat., Dec.10, 2011 2:54 p.m."
"CO-1250-MIA-IAH2011-12-10","ExpectedArrivalTime","Sat., Dec.10, 2011 4:48 p.m."
"CO-1250-MIA-IAH2011-12-10","ActualArrivalTime","Sat., Dec.10, 2011 4:47 p.m."
"CO-62-IAH-EWR2011-12-10","ExpectedDepartureTime","Sat., Dec.10, 2011 2:30 p.m."
"CO-62-IAH-EWR2011-12-10","ActualDepartureTime","Sat., Dec.10, 2011 2:40 p.m."
"CO-62-IAH-EWR2011-12-10","ExpectedArrivalTime","Sat., Dec.10, 2011 7:01 p.m."
"CO-62-IAH-EWR2011-12-10","ActualArrivalTime","Sat., Dec.10, 2011 6:49 p.m."
"CO-52-IAH-LAX2011-12-10","ExpectedDepartureTime","Sat., Dec.10, 2011 7:35 a.m."
"CO-52-IAH-LAX2011-12-10","ActualDepartureTime","Sat., Dec.10, 2011 7:36 a.m."
"CO-52-IAH-LAX2011-12-10","ExpectedArrivalTime","Sat., Dec.10, 2011 9:21 a.m."
"CO-52-IAH-LAX2011-12-10","ActualArrivalTime","Sat., Dec.10, 2011 9:23 a.m."
"CO-1614-LAX-IAH2011-12-10","ExpectedDepartureTime","Sat., Dec.10, 2011 12:30 a.m."
"CO-1614-LAX-IAH2011-12-10","ActualDepartureTime","Sat., Dec.10, 2011 12:36 a.m."
"CO-1614-LAX-IAH2011-12-10","ExpectedArrivalTime","Sat., Dec.10, 2011 5:35 a.m."
"CO-1614-LAX-IAH2011-12-10","ActualArrivalTime","Sat., Dec.10, 2011 5:21 a.m."
"CO-89-IAH-EWR2011-12-10","ExpectedDepartureTime","Sat., Dec.10, 2011 6:00 a.m."
"CO-89-IAH-EWR2011-12-10","ActualDepartureTime","Sat., Dec.10, 2011 6:02 a.m."
"CO-89-IAH-EWR2011-12-10","ExpectedArrivalTime","Sat., Dec.10, 2011 10:20 a.m."
"CO-89-IAH-EWR2011-12-10","ActualArrivalTime","Sat., Dec.10, 2011 10:03 a.m."
"CO-1090-BOS-IAH2011-12-10","ExpectedDepartureTime","Sat., Dec.10, 2011 9:45 a.m."
"CO-1090-BOS-IAH2011-12-10","ActualDepartureTime","Sat., Dec.10, 2011 9:39 a.m."
"CO-1090-BOS-IAH2011-12-10","ExpectedArrivalTime","Sat., Dec.10, 2011 1:16 p.m."
"CO-1090-BOS-IAH2011-12-10","ActualArrivalTime","Sat., Dec.10, 2011 12:57 p.m."
"CO-63-EWR-IAH2011-12-10","ExpectedDepartureTime","Sat., Dec.10, 2011 5:25 p.m."
"CO-63-EWR-IAH2011-12-10","ActualDepartureTime","Sat., Dec.10, 2011 5:31 p.m."
"CO-63-EWR-IAH2011-12-10","ExpectedArrivalTime","Sat., Dec.10, 2011 8:19 p.m."
"CO-63-EWR-IAH2011-12-10","ActualArrivalTime","Sat., Dec.10, 2011 7:58 p.m."
"CO-50-CLE-EWR2011-12-10","ExpectedDepartureTime","Sat., Dec.10, 2011 2:55 p.m."
"CO-50-CLE-EWR2011-12-10","ActualDepartureTime","Sat., Dec.10, 2011 2:49 p.m."
"CO-50-CLE-EWR2011-12-10","ExpectedArrivalTime","Sat., Dec.10, 2011 4:39 p.m."
"CO-50-CLE-EWR2011-12-10","ActualArrivalTime","Sat., Dec.10, 2011 4:40 p.m."
"CO-1561-PHX-IAH2011-12-10","ExpectedDepartureTime","Sat., Dec.10, 2011 8:05 a.m."
"CO-1561-PHX-IAH2011-12-10","ActualDepartureTime","Sat., Dec.10, 2011 8:02 a.m."
"CO-1561-PHX-IAH2011-12-10","ExpectedArrivalTime","Sat., Dec.10, 2011 11:35 a.m."
"CO-1561-PHX-IAH2011-12-10","ActualArrivalTime","Sat., Dec.10, 2011 11:21 a.m."
