"ObjectID","PropertyID","PropertyValue"
"AA-1221-MCO-ORD2011-12-13","ExpectedDepartureTime","December 13, 2011               08:00 PM    "
"AA-1221-MCO-ORD2011-12-13","ActualDepartureTime","December 13, 2011               07:59 PM    "
"AA-1221-MCO-ORD2011-12-13","DepartureGate"," 15"
"AA-1221-MCO-ORD2011-12-13","ExpectedArrivalTime","December 13, 2011               09:50 PM    "
"AA-1221-MCO-ORD2011-12-13","ActualArrivalTime","December 13, 2011               09:57 PM    "
"AA-1221-MCO-ORD2011-12-13","ArrivalGate"," K2    "
"AA-4307-ORD-DTW2011-12-13","ExpectedDepartureTime","December 13, 2011               06:45 PM    "
"AA-4307-ORD-DTW2011-12-13","ActualDepartureTime","December 13, 2011               06:42 PM    "
"AA-4307-ORD-DTW2011-12-13","DepartureGate"," G19A"
"AA-4307-ORD-DTW2011-12-13","ExpectedArrivalTime","December 13, 2011               09:10 PM    "
"AA-4307-ORD-DTW2011-12-13","ActualArrivalTime","December 13, 2011               08:55 PM    "
"AA-4307-ORD-DTW2011-12-13","ArrivalGate"," D28    "
"AA-616-DFW-DTW2011-12-13","ExpectedDepartureTime","December 13, 2011               09:05 AM    "
"AA-616-DFW-DTW2011-12-13","ActualDepartureTime","December 13, 2011               09:03 AM    "
"AA-616-DFW-DTW2011-12-13","DepartureGate"," C15"
"AA-616-DFW-DTW2011-12-13","ExpectedArrivalTime","December 13, 2011               12:35 PM    "
"AA-616-DFW-DTW2011-12-13","ActualArrivalTime","December 13, 2011               12:29 PM    "
"AA-616-DFW-DTW2011-12-13","ArrivalGate"," D32    "
"AA-431-MIA-SFO2011-12-13","ExpectedDepartureTime","December 13, 2011               08:35 AM    "
"AA-431-MIA-SFO2011-12-13","ActualDepartureTime","December 13, 2011               08:33 AM    "
"AA-431-MIA-SFO2011-12-13","DepartureGate"," D3"
"AA-431-MIA-SFO2011-12-13","ExpectedArrivalTime","December 13, 2011               11:50 AM    "
"AA-431-MIA-SFO2011-12-13","ActualArrivalTime","December 13, 2011               11:27 AM    "
"AA-431-MIA-SFO2011-12-13","ArrivalGate"," 57    "
"AA-3756-ORD-SLC2011-12-13","ExpectedDepartureTime","December 13, 2011               12:15 PM    "
"AA-3756-ORD-SLC2011-12-13","ActualDepartureTime","December 13, 2011               12:15 PM    "
"AA-3756-ORD-SLC2011-12-13","DepartureGate"," G13"
"AA-3756-ORD-SLC2011-12-13","ExpectedArrivalTime","December 13, 2011               02:45 PM    "
"AA-3756-ORD-SLC2011-12-13","ActualArrivalTime","December 13, 2011               02:36 PM    "
"AA-3756-ORD-SLC2011-12-13","ArrivalGate"," A3    "
"AA-2050-ORD-MIA2011-12-13","ExpectedDepartureTime","December 13, 2011               10:40 AM    "
"AA-2050-ORD-MIA2011-12-13","ActualDepartureTime","December 13, 2011               10:38 AM    "
"AA-2050-ORD-MIA2011-12-13","DepartureGate"," H15"
"AA-2050-ORD-MIA2011-12-13","ExpectedArrivalTime","December 13, 2011               02:45 PM    "
"AA-2050-ORD-MIA2011-12-13","ActualArrivalTime","December 13, 2011               02:20 PM    "
"AA-2050-ORD-MIA2011-12-13","ArrivalGate"," D11    "
"AA-3804-PHL-ORD2011-12-13","ExpectedDepartureTime","December 13, 2011               02:35 PM    "
"AA-3804-PHL-ORD2011-12-13","ActualDepartureTime","December 13, 2011               02:28 PM    "
"AA-3804-PHL-ORD2011-12-13","DepartureGate"," A7"
"AA-3804-PHL-ORD2011-12-13","ExpectedArrivalTime","December 13, 2011               04:05 PM    "
"AA-3804-PHL-ORD2011-12-13","ActualArrivalTime","December 13, 2011               03:44 PM    "
"AA-3804-PHL-ORD2011-12-13","ArrivalGate"," G13    "
"AA-1664-MIA-ATL2011-12-13","ExpectedDepartureTime","December 13, 2011               10:15 AM    "
"AA-1664-MIA-ATL2011-12-13","ActualDepartureTime","December 13, 2011               10:17 AM    "
"AA-1664-MIA-ATL2011-12-13","DepartureGate"," D46"
"AA-1664-MIA-ATL2011-12-13","ExpectedArrivalTime","December 13, 2011               12:10 PM    "
"AA-1664-MIA-ATL2011-12-13","ActualArrivalTime","December 13, 2011               12:08 PM    "
"AA-1664-MIA-ATL2011-12-13","ArrivalGate"," T11    "
"AA-789-ORD-DEN2011-12-13","ExpectedDepartureTime","December 13, 2011               01:05 PM    "
"AA-789-ORD-DEN2011-12-13","ActualDepartureTime","December 13, 2011               01:02 PM    "
"AA-789-ORD-DEN2011-12-13","DepartureGate"," K12"
"AA-789-ORD-DEN2011-12-13","ExpectedArrivalTime","December 13, 2011               02:35 PM    "
"AA-789-ORD-DEN2011-12-13","ActualArrivalTime","December 13, 2011               02:39 PM    "
"AA-789-ORD-DEN2011-12-13","ArrivalGate"," A49    "
"AA-1733-ORD-PHX2011-12-13","ExpectedDepartureTime","December 13, 2011               07:45 PM    "
"AA-1733-ORD-PHX2011-12-13","ActualDepartureTime","December 13, 2011               08:02 PM    "
"AA-1733-ORD-PHX2011-12-13","DepartureGate"," K5"
"AA-1733-ORD-PHX2011-12-13","ExpectedArrivalTime","December 13, 2011               10:30 PM    "
"AA-1733-ORD-PHX2011-12-13","ActualArrivalTime","December 13, 2011     "
"AA-1733-ORD-PHX2011-12-13","ArrivalGate"," 6    "
"AA-1733-ORD-PHX2011-12-13","ExpectedDepartureTime","December 13, 2011               07:45 PM    "
"AA-1733-ORD-PHX2011-12-13","ActualDepartureTime","December 13, 2011               08:02 PM    "
"AA-1733-ORD-PHX2011-12-13","DepartureGate"," K5"
"AA-1733-ORD-PHX2011-12-13","ExpectedArrivalTime","December 13, 2011               10:30 PM    "
"AA-1733-ORD-PHX2011-12-13","ActualArrivalTime","December 13, 2011     "
"AA-1733-ORD-PHX2011-12-13","ArrivalGate"," 6    "
"AA-4277-CVG-JFK2011-12-13","ExpectedDepartureTime","December 13, 2011               12:10 PM    "
"AA-4277-CVG-JFK2011-12-13","ActualDepartureTime","December 13, 2011               12:06 PM    "
"AA-4277-CVG-JFK2011-12-13","DepartureGate"," 1"
"AA-4277-CVG-JFK2011-12-13","ExpectedArrivalTime","December 13, 2011               02:15 PM    "
"AA-4277-CVG-JFK2011-12-13","ActualArrivalTime","December 13, 2011               01:49 PM    "
"AA-4277-CVG-JFK2011-12-13","ArrivalGate"," 31C    "
"AA-2312-DFW-DTW2011-12-13","ExpectedDepartureTime","December 13, 2011               08:25 PM    "
"AA-2312-DFW-DTW2011-12-13","ActualDepartureTime","December 13, 2011     "
"AA-2312-DFW-DTW2011-12-13","DepartureGate"," C15"
"AA-2312-DFW-DTW2011-12-13","ExpectedArrivalTime","December 13, 2011               11:50 PM    "
"AA-2312-DFW-DTW2011-12-13","ActualArrivalTime","December 13, 2011     "
"AA-2312-DFW-DTW2011-12-13","ArrivalGate"," D32    "
"AA-85-JFK-SFO2011-12-13","ExpectedDepartureTime","December 13, 2011               03:05 PM    "
"AA-85-JFK-SFO2011-12-13","ActualDepartureTime","December 13, 2011               03:05 PM    "
"AA-85-JFK-SFO2011-12-13","DepartureGate"," 2"
"AA-85-JFK-SFO2011-12-13","ExpectedArrivalTime","December 13, 2011               06:30 PM    "
"AA-85-JFK-SFO2011-12-13","ActualArrivalTime","December 13, 2011               06:36 PM    "
"AA-85-JFK-SFO2011-12-13","ArrivalGate"," 56A    "
"AA-404-MIA-MCO2011-12-13","ExpectedDepartureTime","December 13, 2011               06:45 AM    "
"AA-404-MIA-MCO2011-12-13","ActualDepartureTime","December 13, 2011               06:40 AM    "
"AA-404-MIA-MCO2011-12-13","DepartureGate"," E5"
"AA-404-MIA-MCO2011-12-13","ExpectedArrivalTime","December 13, 2011               07:45 AM    "
"AA-404-MIA-MCO2011-12-13","ActualArrivalTime","December 13, 2011               07:40 AM    "
"AA-404-MIA-MCO2011-12-13","ArrivalGate"," 14    "
"AA-446-DFW-PHL2011-12-13","ExpectedDepartureTime","December 13, 2011               11:50 AM    "
"AA-446-DFW-PHL2011-12-13","ActualDepartureTime","December 13, 2011               11:49 AM    "
"AA-446-DFW-PHL2011-12-13","DepartureGate"," D40"
"AA-446-DFW-PHL2011-12-13","ExpectedArrivalTime","December 13, 2011               03:50 PM    "
"AA-446-DFW-PHL2011-12-13","ActualArrivalTime","December 13, 2011               03:44 PM    "
"AA-446-DFW-PHL2011-12-13","ArrivalGate"," A9    "
"AA-2268-PHX-ORD2011-12-13","ExpectedDepartureTime","December 13, 2011               07:15 AM    "
"AA-2268-PHX-ORD2011-12-13","ActualDepartureTime","December 13, 2011               07:11 AM    "
"AA-2268-PHX-ORD2011-12-13","DepartureGate"," 6"
"AA-2268-PHX-ORD2011-12-13","ExpectedArrivalTime","December 13, 2011               11:35 AM    "
"AA-2268-PHX-ORD2011-12-13","ActualArrivalTime","December 13, 2011               11:02 AM    "
"AA-2268-PHX-ORD2011-12-13","ArrivalGate"," H15    "
"AA-4344-ORD-DTW2011-12-13","ExpectedDepartureTime","December 13, 2011               11:45 AM    "
"AA-4344-ORD-DTW2011-12-13","ActualDepartureTime","December 13, 2011               11:38 AM    "
"AA-4344-ORD-DTW2011-12-13","DepartureGate"," G1B"
"AA-4344-ORD-DTW2011-12-13","ExpectedArrivalTime","December 13, 2011               02:00 PM    "
"AA-4344-ORD-DTW2011-12-13","ActualArrivalTime","December 13, 2011               01:45 PM    "
"AA-4344-ORD-DTW2011-12-13","ArrivalGate"," D28    "
"AA-484-DFW-MIA2011-12-13","ExpectedDepartureTime","December 13, 2011               04:15 PM    "
"AA-484-DFW-MIA2011-12-13","ActualDepartureTime","December 13, 2011               04:40 PM    "
"AA-484-DFW-MIA2011-12-13","DepartureGate"," D25"
"AA-484-DFW-MIA2011-12-13","ExpectedArrivalTime","December 13, 2011               07:55 PM    "
"AA-484-DFW-MIA2011-12-13","ActualArrivalTime","December 13, 2011               08:12 PM    "
"AA-484-DFW-MIA2011-12-13","ArrivalGate"," D34    "
"AA-3979-CVG-ORD2011-12-13","ExpectedDepartureTime","December 13, 2011               07:30 AM    "
"AA-3979-CVG-ORD2011-12-13","ActualDepartureTime","December 13, 2011               07:23 AM    "
"AA-3979-CVG-ORD2011-12-13","DepartureGate"," 5"
"AA-3979-CVG-ORD2011-12-13","ExpectedArrivalTime","December 13, 2011               08:00 AM    "
"AA-3979-CVG-ORD2011-12-13","ActualArrivalTime","December 13, 2011               07:44 AM    "
"AA-3979-CVG-ORD2011-12-13","ArrivalGate"," G1B    "
"AA-3063-SLC-LAX2011-12-13","ExpectedDepartureTime","December 13, 2011               08:20 PM    "
"AA-3063-SLC-LAX2011-12-13","ActualDepartureTime","December 13, 2011               08:12 PM    "
"AA-3063-SLC-LAX2011-12-13","DepartureGate"," A3"
"AA-3063-SLC-LAX2011-12-13","ExpectedArrivalTime","December 13, 2011               09:20 PM    "
"AA-3063-SLC-LAX2011-12-13","ActualArrivalTime","December 13, 2011     "
"AA-3063-SLC-LAX2011-12-13","ArrivalGate"," 44E    "
"AA-3859-IAH-ORD2011-12-13","ExpectedDepartureTime","December 13, 2011               07:10 AM    "
"AA-3859-IAH-ORD2011-12-13","ActualDepartureTime","December 13, 2011               06:59 AM    "
"AA-3859-IAH-ORD2011-12-13","DepartureGate"," A29"
"AA-3859-IAH-ORD2011-12-13","ExpectedArrivalTime","December 13, 2011               09:40 AM    "
"AA-3859-IAH-ORD2011-12-13","ActualArrivalTime","December 13, 2011               09:18 AM    "
"AA-3859-IAH-ORD2011-12-13","ArrivalGate"," H3A    "
"AA-3842-MSP-ORD2011-12-13","ExpectedDepartureTime","December 13, 2011               06:00 AM    "
"AA-3842-MSP-ORD2011-12-13","ActualDepartureTime","December 13, 2011               05:54 AM    "
"AA-3842-MSP-ORD2011-12-13","DepartureGate"," E14"
"AA-3842-MSP-ORD2011-12-13","ExpectedArrivalTime","December 13, 2011               07:30 AM    "
"AA-3842-MSP-ORD2011-12-13","ActualArrivalTime","December 13, 2011               07:02 AM    "
"AA-3842-MSP-ORD2011-12-13","ArrivalGate"," H5    "
"AA-1544-SAN-ORD2011-12-13","ExpectedDepartureTime","December 13, 2011               11:25 AM    "
"AA-1544-SAN-ORD2011-12-13","ActualDepartureTime","December 13, 2011               11:23 AM    "
"AA-1544-SAN-ORD2011-12-13","DepartureGate"," 27"
"AA-1544-SAN-ORD2011-12-13","ExpectedArrivalTime","December 13, 2011               05:25 PM    "
"AA-1544-SAN-ORD2011-12-13","ActualArrivalTime","December 13, 2011               05:04 PM    "
"AA-1544-SAN-ORD2011-12-13","ArrivalGate"," H10    "
"AA-649-ORD-SNA2011-12-13","ExpectedDepartureTime","December 13, 2011               01:30 PM    "
"AA-649-ORD-SNA2011-12-13","ActualDepartureTime","December 13, 2011     "
"AA-649-ORD-SNA2011-12-13","DepartureGate"," K19"
"AA-649-ORD-SNA2011-12-13","ExpectedArrivalTime","December 13, 2011               03:50 PM    "
"AA-649-ORD-SNA2011-12-13","ActualArrivalTime","December 13, 2011     "
"AA-649-ORD-SNA2011-12-13","ArrivalGate"," 7    "
"AA-1640-MIA-MCO2011-12-13","ExpectedDepartureTime","December 13, 2011               06:30 PM    "
"AA-1640-MIA-MCO2011-12-13","ActualDepartureTime","December 13, 2011     "
"AA-1640-MIA-MCO2011-12-13","DepartureGate"," D45"
"AA-1640-MIA-MCO2011-12-13","ExpectedArrivalTime","December 13, 2011               07:25 PM    "
"AA-1640-MIA-MCO2011-12-13","ActualArrivalTime","December 13, 2011     "
"AA-1640-MIA-MCO2011-12-13","ArrivalGate"," 14    "
"AA-518-MIA-JFK2011-12-13","ExpectedDepartureTime","December 13, 2011               06:30 AM    "
"AA-518-MIA-JFK2011-12-13","ActualDepartureTime","December 13, 2011               06:53 AM    "
"AA-518-MIA-JFK2011-12-13","DepartureGate"," D22"
"AA-518-MIA-JFK2011-12-13","ExpectedArrivalTime","December 13, 2011               09:15 AM    "
"AA-518-MIA-JFK2011-12-13","ActualArrivalTime","December 13, 2011               09:38 AM    "
"AA-518-MIA-JFK2011-12-13","ArrivalGate"," 38    "
"AA-2525-DFW-MIA2011-12-13","ExpectedDepartureTime","December 13, 2011               07:25 AM    "
"AA-2525-DFW-MIA2011-12-13","ActualDepartureTime","December 13, 2011               07:24 AM    "
"AA-2525-DFW-MIA2011-12-13","DepartureGate"," C8"
"AA-2525-DFW-MIA2011-12-13","ExpectedArrivalTime","December 13, 2011               11:10 AM    "
"AA-2525-DFW-MIA2011-12-13","ActualArrivalTime","December 13, 2011               11:07 AM    "
"AA-2525-DFW-MIA2011-12-13","ArrivalGate"," D21    "
"AA-1279-DFW-PHX2011-12-13","ExpectedDepartureTime","December 13, 2011               01:00 PM    "
"AA-1279-DFW-PHX2011-12-13","ActualDepartureTime","December 13, 2011               01:02 PM    "
"AA-1279-DFW-PHX2011-12-13","DepartureGate"," A22"
"AA-1279-DFW-PHX2011-12-13","ExpectedArrivalTime","December 13, 2011               02:35 PM    "
"AA-1279-DFW-PHX2011-12-13","ActualArrivalTime","December 13, 2011               02:43 PM    "
"AA-1279-DFW-PHX2011-12-13","ArrivalGate"," 4    "
"AA-1522-SFO-ORD2011-12-13","ExpectedDepartureTime","December 13, 2011               11:55 PM    "
"AA-1522-SFO-ORD2011-12-13","ActualDepartureTime","December 13, 2011     "
"AA-1522-SFO-ORD2011-12-13","DepartureGate"," 58A"
"AA-1522-SFO-ORD2011-12-13","ExpectedArrivalTime","December 14, 2011               05:50 AM    "
"AA-1522-SFO-ORD2011-12-13","ActualArrivalTime","December 14, 2011     "
"AA-1522-SFO-ORD2011-12-13","ArrivalGate"," H9    "
"AA-1434-DFW-MCO2011-12-13","ExpectedDepartureTime","December 13, 2011               07:15 AM    "
"AA-1434-DFW-MCO2011-12-13","ActualDepartureTime","December 13, 2011               07:10 AM    "
"AA-1434-DFW-MCO2011-12-13","DepartureGate"," C26"
"AA-1434-DFW-MCO2011-12-13","ExpectedArrivalTime","December 13, 2011               10:35 AM    "
"AA-1434-DFW-MCO2011-12-13","ActualArrivalTime","December 13, 2011               10:28 AM    "
"AA-1434-DFW-MCO2011-12-13","ArrivalGate"," 15    "
"AA-59-JFK-SFO2011-12-13","ExpectedDepartureTime","December 13, 2011               07:10 AM    "
"AA-59-JFK-SFO2011-12-13","ActualDepartureTime","December 13, 2011               07:08 AM    "
"AA-59-JFK-SFO2011-12-13","DepartureGate"," 40"
"AA-59-JFK-SFO2011-12-13","ExpectedArrivalTime","December 13, 2011               10:45 AM    "
"AA-59-JFK-SFO2011-12-13","ActualArrivalTime","December 13, 2011               10:52 AM    "
"AA-59-JFK-SFO2011-12-13","ArrivalGate"," 58B    "
"AA-415-BOS-ORD2011-12-13","ExpectedDepartureTime","December 13, 2011               08:35 AM    "
"AA-415-BOS-ORD2011-12-13","ActualDepartureTime","December 13, 2011               08:28 AM    "
"AA-415-BOS-ORD2011-12-13","DepartureGate"," B29"
"AA-415-BOS-ORD2011-12-13","ExpectedArrivalTime","December 13, 2011               10:40 AM    "
"AA-415-BOS-ORD2011-12-13","ActualArrivalTime","December 13, 2011               10:14 AM    "
"AA-415-BOS-ORD2011-12-13","ArrivalGate"," K13    "
"AA-222-LAX-BOS2011-12-13","ExpectedDepartureTime","December 13, 2011               07:10 AM    "
"AA-222-LAX-BOS2011-12-13","ActualDepartureTime","December 13, 2011               07:03 AM    "
"AA-222-LAX-BOS2011-12-13","DepartureGate"," 47A"
"AA-222-LAX-BOS2011-12-13","ExpectedArrivalTime","December 13, 2011               03:30 PM    "
"AA-222-LAX-BOS2011-12-13","ActualArrivalTime","December 13, 2011               03:08 PM    "
"AA-222-LAX-BOS2011-12-13","ArrivalGate"," B34    "
"AA-3823-LAX-DEN2011-12-13","ExpectedDepartureTime","December 13, 2011               09:00 PM    "
"AA-3823-LAX-DEN2011-12-13","ActualDepartureTime","December 13, 2011     "
"AA-3823-LAX-DEN2011-12-13","DepartureGate"," 44J"
"AA-3823-LAX-DEN2011-12-13","ExpectedArrivalTime","December 14, 2011               12:15 AM    "
"AA-3823-LAX-DEN2011-12-13","ActualArrivalTime","December 14, 2011     "
"AA-3823-LAX-DEN2011-12-13","ArrivalGate"," A49    "
"AA-1165-JFK-MIA2011-12-13","ExpectedDepartureTime","December 13, 2011               06:59 AM    "
"AA-1165-JFK-MIA2011-12-13","ActualDepartureTime","December 13, 2011               07:38 AM    "
"AA-1165-JFK-MIA2011-12-13","DepartureGate"," 14"
"AA-1165-JFK-MIA2011-12-13","ExpectedArrivalTime","December 13, 2011               10:34 AM    "
"AA-1165-JFK-MIA2011-12-13","ActualArrivalTime","December 13, 2011               10:30 AM    "
"AA-1165-JFK-MIA2011-12-13","ArrivalGate"," D2    "
"AA-3786-IAH-ORD2011-12-13","ExpectedDepartureTime","December 13, 2011               04:00 PM    "
"AA-3786-IAH-ORD2011-12-13","ActualDepartureTime","December 13, 2011               03:59 PM    "
"AA-3786-IAH-ORD2011-12-13","DepartureGate"," A29"
"AA-3786-IAH-ORD2011-12-13","ExpectedArrivalTime","December 13, 2011               06:40 PM    "
"AA-3786-IAH-ORD2011-12-13","ActualArrivalTime","December 13, 2011               06:04 PM    "
"AA-3786-IAH-ORD2011-12-13","ArrivalGate"," G13    "
"AA-3468-CVG-MIA2011-12-13","ExpectedDepartureTime","December 13, 2011               07:00 AM    "
"AA-3468-CVG-MIA2011-12-13","ActualDepartureTime","December 13, 2011               06:53 AM    "
"AA-3468-CVG-MIA2011-12-13","DepartureGate"," 1"
"AA-3468-CVG-MIA2011-12-13","ExpectedArrivalTime","December 13, 2011               09:55 AM    "
"AA-3468-CVG-MIA2011-12-13","ActualArrivalTime","December 13, 2011               09:22 AM    "
"AA-3468-CVG-MIA2011-12-13","ArrivalGate"," D60D    "
"AA-204-LAX-MCO2011-12-13","ExpectedDepartureTime","December 13, 2011               11:25 PM    "
"AA-204-LAX-MCO2011-12-13","ActualDepartureTime","December 13, 2011     "
"AA-204-LAX-MCO2011-12-13","DepartureGate"," 47A"
"AA-204-LAX-MCO2011-12-13","ExpectedArrivalTime","December 14, 2011               06:55 AM    "
"AA-204-LAX-MCO2011-12-13","ActualArrivalTime","December 14, 2011     "
"AA-204-LAX-MCO2011-12-13","ArrivalGate"," TBA    "
"AA-466-IAH-MIA2011-12-13","ExpectedDepartureTime","December 13, 2011               06:00 AM    "
"AA-466-IAH-MIA2011-12-13","ActualDepartureTime","December 13, 2011               05:57 AM    "
"AA-466-IAH-MIA2011-12-13","DepartureGate"," A27"
"AA-466-IAH-MIA2011-12-13","ExpectedArrivalTime","December 13, 2011               09:20 AM    "
"AA-466-IAH-MIA2011-12-13","ActualArrivalTime","December 13, 2011               09:18 AM    "
"AA-466-IAH-MIA2011-12-13","ArrivalGate"," D46    "
"AA-3-JFK-LAX2011-12-13","ExpectedDepartureTime","December 13, 2011               12:00 PM    "
"AA-3-JFK-LAX2011-12-13","ActualDepartureTime","December 13, 2011               11:53 AM    "
"AA-3-JFK-LAX2011-12-13","DepartureGate"," 46"
"AA-3-JFK-LAX2011-12-13","ExpectedArrivalTime","December 13, 2011               03:15 PM    "
"AA-3-JFK-LAX2011-12-13","ActualArrivalTime","December 13, 2011               03:17 PM    "
"AA-3-JFK-LAX2011-12-13","ArrivalGate"," 48B    "
"AA-1007-MIA-PHX2011-12-13","ExpectedDepartureTime","December 13, 2011               04:55 PM    "
"AA-1007-MIA-PHX2011-12-13","ActualDepartureTime","December 13, 2011               04:55 PM    "
"AA-1007-MIA-PHX2011-12-13","DepartureGate"," D17"
"AA-1007-MIA-PHX2011-12-13","ExpectedArrivalTime","December 13, 2011               08:05 PM    "
"AA-1007-MIA-PHX2011-12-13","ActualArrivalTime","December 13, 2011               08:08 PM    "
"AA-1007-MIA-PHX2011-12-13","ArrivalGate"," 6    "
"AA-271-MIA-LAX2011-12-13","ExpectedDepartureTime","December 13, 2011               11:35 AM    "
"AA-271-MIA-LAX2011-12-13","ActualDepartureTime","December 13, 2011               11:50 AM    "
"AA-271-MIA-LAX2011-12-13","DepartureGate"," D32"
"AA-271-MIA-LAX2011-12-13","ExpectedArrivalTime","December 13, 2011               02:25 PM    "
"AA-271-MIA-LAX2011-12-13","ActualArrivalTime","December 13, 2011               02:16 PM    "
"AA-271-MIA-LAX2011-12-13","ArrivalGate"," 46A    "
"AA-643-MIA-ORD2011-12-13","ActualDepartureTime","December 13, 2011     "
"AA-643-MIA-ORD2011-12-13","DepartureGate"," D3"
"AA-643-MIA-ORD2011-12-13","ActualArrivalTime","December 13, 2011     "
"AA-643-MIA-ORD2011-12-13","ArrivalGate"," H15    "
"AA-4198-ORD-CLE2011-12-13","ExpectedDepartureTime","December 13, 2011               10:40 AM    "
"AA-4198-ORD-CLE2011-12-13","ActualDepartureTime","December 13, 2011               11:40 AM    "
"AA-4198-ORD-CLE2011-12-13","DepartureGate"," G14A"
"AA-4198-ORD-CLE2011-12-13","ExpectedArrivalTime","December 13, 2011               12:55 PM    "
"AA-4198-ORD-CLE2011-12-13","ActualArrivalTime","December 13, 2011               01:41 PM    "
"AA-4198-ORD-CLE2011-12-13","ArrivalGate"," A3    "
"AA-400-DFW-JFK2011-12-13","ExpectedDepartureTime","December 13, 2011               10:40 AM    "
"AA-400-DFW-JFK2011-12-13","ActualDepartureTime","December 13, 2011               10:46 AM    "
"AA-400-DFW-JFK2011-12-13","DepartureGate"," D22"
"AA-400-DFW-JFK2011-12-13","ExpectedArrivalTime","December 13, 2011               02:59 PM    "
"AA-400-DFW-JFK2011-12-13","ActualArrivalTime","December 13, 2011               02:53 PM    "
"AA-400-DFW-JFK2011-12-13","ArrivalGate"," 41    "
"AA-1886-BOS-MIA2011-12-13","ExpectedDepartureTime","December 13, 2011               10:45 AM    "
"AA-1886-BOS-MIA2011-12-13","ActualDepartureTime","December 13, 2011               10:47 AM    "
"AA-1886-BOS-MIA2011-12-13","DepartureGate"," B33"
"AA-1886-BOS-MIA2011-12-13","ExpectedArrivalTime","December 13, 2011               02:20 PM    "
"AA-1886-BOS-MIA2011-12-13","ActualArrivalTime","December 13, 2011               01:48 PM    "
"AA-1886-BOS-MIA2011-12-13","ArrivalGate"," D23    "
"AA-1917-JFK-MCO2011-12-13","ExpectedDepartureTime","December 13, 2011               02:55 PM    "
"AA-1917-JFK-MCO2011-12-13","ActualDepartureTime","December 13, 2011               03:03 PM    "
"AA-1917-JFK-MCO2011-12-13","DepartureGate"," 40"
"AA-1917-JFK-MCO2011-12-13","ExpectedArrivalTime","December 13, 2011               05:55 PM    "
"AA-1917-JFK-MCO2011-12-13","ActualArrivalTime","December 13, 2011               05:53 PM    "
"AA-1917-JFK-MCO2011-12-13","ArrivalGate"," 16    "
"AA-3809-PHX-LAX2011-12-13","ExpectedDepartureTime","December 13, 2011               06:00 AM    "
"AA-3809-PHX-LAX2011-12-13","ActualDepartureTime","December 13, 2011               05:56 AM    "
"AA-3809-PHX-LAX2011-12-13","DepartureGate"," 2"
"AA-3809-PHX-LAX2011-12-13","ExpectedArrivalTime","December 13, 2011               06:40 AM    "
"AA-3809-PHX-LAX2011-12-13","ActualArrivalTime","December 13, 2011               06:25 AM    "
"AA-3809-PHX-LAX2011-12-13","ArrivalGate"," 44I    "
"AA-2957-DFW-CVG2011-12-13","ExpectedDepartureTime","December 13, 2011               07:55 AM    "
"AA-2957-DFW-CVG2011-12-13","ActualDepartureTime","December 13, 2011               07:48 AM    "
"AA-2957-DFW-CVG2011-12-13","DepartureGate"," B10B"
"AA-2957-DFW-CVG2011-12-13","ExpectedArrivalTime","December 13, 2011               11:05 AM    "
"AA-2957-DFW-CVG2011-12-13","ActualArrivalTime","December 13, 2011               10:54 AM    "
"AA-2957-DFW-CVG2011-12-13","ArrivalGate"," 3    "
"UA-1500-IAH-GUA2011-12-13","ExpectedDepartureTime","Tue, Dec 13 8:55 AM"
"UA-1500-IAH-GUA2011-12-13","ActualDepartureTime","Tue, Dec 13 9:18 AM            Delayed"
"UA-1500-IAH-GUA2011-12-13","DepartureGate","E3"
"UA-1500-IAH-GUA2011-12-13","ExpectedArrivalTime","Tue, Dec 13 11:45 AM"
"UA-1500-IAH-GUA2011-12-13","ActualArrivalTime","Tue, Dec 13 12:07 PM"
"UA-1500-IAH-GUA2011-12-13","ArrivalGate","15"
"UA-3515-IAD-MSP2011-12-13","ExpectedDepartureTime","Tue, Dec 13 8:15 AM"
"UA-3515-IAD-MSP2011-12-13","ActualDepartureTime","Tue, Dec 13 8:08 AM"
"UA-3515-IAD-MSP2011-12-13","DepartureGate","D16"
"UA-3515-IAD-MSP2011-12-13","ExpectedArrivalTime","Tue, Dec 13 10:06 AM"
"UA-3515-IAD-MSP2011-12-13","ActualArrivalTime","Tue, Dec 13 10:21 AM"
"UA-3515-IAD-MSP2011-12-13","ArrivalGate","E6"
"UA-664-ORD-PHL2011-12-13","ExpectedDepartureTime","Tue, Dec 13 1:27 PM"
"UA-664-ORD-PHL2011-12-13","ActualDepartureTime","Tue, Dec 13 1:24 PM"
"UA-664-ORD-PHL2011-12-13","DepartureGate","C24"
"UA-664-ORD-PHL2011-12-13","ExpectedArrivalTime","Tue, Dec 13 4:25 PM"
"UA-664-ORD-PHL2011-12-13","ActualArrivalTime","Tue, Dec 13 4:23 PM"
"UA-664-ORD-PHL2011-12-13","ArrivalGate","D9"
"UA-414-LAX-SFO2011-12-13","ExpectedDepartureTime","Tue, Dec 13 6:00 AM"
"UA-414-LAX-SFO2011-12-13","ActualDepartureTime","Tue, Dec 13 5:58 AM"
"UA-414-LAX-SFO2011-12-13","DepartureGate","73"
"UA-414-LAX-SFO2011-12-13","ExpectedArrivalTime","Tue, Dec 13 7:23 AM"
"UA-414-LAX-SFO2011-12-13","ActualArrivalTime","Tue, Dec 13 7:11 AM"
"UA-414-LAX-SFO2011-12-13","ArrivalGate","89"
"UA-257-JFK-SFO2011-12-13","ExpectedDepartureTime","Tue, Dec 13 2:30 PM"
"UA-257-JFK-SFO2011-12-13","ActualDepartureTime","Tue, Dec 13 2:28 PM"
"UA-257-JFK-SFO2011-12-13","DepartureGate","7"
"UA-257-JFK-SFO2011-12-13","ExpectedArrivalTime","Tue, Dec 13 6:15 PM"
"UA-257-JFK-SFO2011-12-13","ActualArrivalTime","Tue, Dec 13 5:50 PM"
"UA-257-JFK-SFO2011-12-13","ArrivalGate","73"
"UA-62-IAH-EWR2011-12-13","ExpectedDepartureTime","Tue, Dec 13 2:30 PM"
"UA-62-IAH-EWR2011-12-13","ActualDepartureTime","Tue, Dec 13 2:33 PM"
"UA-62-IAH-EWR2011-12-13","DepartureGate","C-39"
"UA-62-IAH-EWR2011-12-13","ExpectedArrivalTime","Tue, Dec 13 7:03 PM"
"UA-62-IAH-EWR2011-12-13","ActualArrivalTime","Tue, Dec 13 7:05 PM"
"UA-62-IAH-EWR2011-12-13","ArrivalGate","C74"
"UA-843-LAX-ORD2011-12-13","ExpectedDepartureTime","Tue, Dec 13 1:55 PM"
"UA-843-LAX-ORD2011-12-13","ActualDepartureTime","Tue, Dec 13 1:55 PM"
"UA-843-LAX-ORD2011-12-13","DepartureGate","77"
"UA-843-LAX-ORD2011-12-13","ExpectedArrivalTime","Tue, Dec 13 7:53 PM"
"UA-843-LAX-ORD2011-12-13","ActualArrivalTime","Tue, Dec 13 7:25 PM"
"UA-843-LAX-ORD2011-12-13","ArrivalGate","B14"
"UA-248-PHX-ORD2011-12-13","ExpectedDepartureTime","Tue, Dec 13 12:54 PM"
"UA-248-PHX-ORD2011-12-13","ActualDepartureTime","Tue, Dec 13 12:54 PM            On Time"
"UA-248-PHX-ORD2011-12-13","DepartureGate","5"
"UA-248-PHX-ORD2011-12-13","ExpectedArrivalTime","Tue, Dec 13 5:13 PM"
"UA-248-PHX-ORD2011-12-13","ActualArrivalTime","Tue, Dec 13 4:56 PM"
"UA-248-PHX-ORD2011-12-13","ArrivalGate","B11"
"UA-248-PHX-ORD2011-12-13","ExpectedDepartureTime","Tue, Dec 13 12:54 PM"
"UA-248-PHX-ORD2011-12-13","ActualDepartureTime","Tue, Dec 13 2:46 PM            Delayed"
"UA-248-PHX-ORD2011-12-13","DepartureGate","5"
"UA-248-PHX-ORD2011-12-13","ExpectedArrivalTime","Tue, Dec 13 5:13 PM"
"UA-248-PHX-ORD2011-12-13","ActualArrivalTime","Tue, Dec 13 6:43 PM"
"UA-248-PHX-ORD2011-12-13","ArrivalGate","C21"
"UA-397-JFK-SFO2011-12-13","ExpectedDepartureTime","Tue, Dec 13 8:00 AM"
"UA-397-JFK-SFO2011-12-13","ActualDepartureTime","Tue, Dec 13 7:57 AM"
"UA-397-JFK-SFO2011-12-13","DepartureGate","10"
"UA-397-JFK-SFO2011-12-13","ExpectedArrivalTime","Tue, Dec 13 11:55 AM"
"UA-397-JFK-SFO2011-12-13","ActualArrivalTime","Tue, Dec 13 11:32 AM"
"UA-397-JFK-SFO2011-12-13","ArrivalGate","85"
"UA-2704-DTW-PHX2011-12-13","ExpectedDepartureTime","Tue, Dec 13 11:15 AM"
"UA-2704-DTW-PHX2011-12-13","ActualDepartureTime","Tue, Dec 13 11:15 AM"
"UA-2704-DTW-PHX2011-12-13","DepartureGate","D14"
"UA-2704-DTW-PHX2011-12-13","ExpectedArrivalTime","Tue, Dec 13 1:40 PM"
"UA-2704-DTW-PHX2011-12-13","ActualArrivalTime","Tue, Dec 13 2:02 PM"
"UA-2704-DTW-PHX2011-12-13","ArrivalGate","A6"
"UA-2515-DFW-CLT2011-12-13","ExpectedDepartureTime","Tue, Dec 13 7:05 AM"
"UA-2515-DFW-CLT2011-12-13","ActualDepartureTime","Tue, Dec 13 7:17 AM"
"UA-2515-DFW-CLT2011-12-13","DepartureGate","E35"
"UA-2515-DFW-CLT2011-12-13","ExpectedArrivalTime","Tue, Dec 13 10:31 AM"
"UA-2515-DFW-CLT2011-12-13","ActualArrivalTime","Tue, Dec 13 10:42 AM"
"UA-2515-DFW-CLT2011-12-13","ArrivalGate","D9"
"UA-3373-IAD-PHL2011-12-13","ExpectedDepartureTime","Tue, Dec 13 8:29 AM"
"UA-3373-IAD-PHL2011-12-13","ActualDepartureTime","Tue, Dec 13 8:26 AM"
"UA-3373-IAD-PHL2011-12-13","DepartureGate","C26"
"UA-3373-IAD-PHL2011-12-13","ExpectedArrivalTime","Tue, Dec 13 9:24 AM"
"UA-3373-IAD-PHL2011-12-13","ActualArrivalTime","Tue, Dec 13 9:19 AM"
"UA-3373-IAD-PHL2011-12-13","ArrivalGate","D7"
"UA-2906-PHL-MCO2011-12-13","ExpectedDepartureTime","Tue, Dec 13 3:50 PM"
"UA-2906-PHL-MCO2011-12-13","ActualDepartureTime","Tue, Dec 13 3:50 PM            Delayed"
"UA-2906-PHL-MCO2011-12-13","DepartureGate","C27"
"UA-2906-PHL-MCO2011-12-13","ExpectedArrivalTime","Tue, Dec 13 6:23 PM"
"UA-2906-PHL-MCO2011-12-13","ActualArrivalTime","Tue, Dec 13 6:10 PM"
"UA-2906-PHL-MCO2011-12-13","ArrivalGate","58"
"UA-938-DEN-ORD2011-12-13","ExpectedDepartureTime","Tue, Dec 13 4:16 PM"
"UA-938-DEN-ORD2011-12-13","ActualDepartureTime","Tue, Dec 13 5:17 PM"
"UA-938-DEN-ORD2011-12-13","DepartureGate","B45"
"UA-938-DEN-ORD2011-12-13","ExpectedArrivalTime","Tue, Dec 13 7:35 PM"
"UA-938-DEN-ORD2011-12-13","ActualArrivalTime","Tue, Dec 13 8:17 PM"
"UA-938-DEN-ORD2011-12-13","ArrivalGate","C25"
"UA-3099-PHX-PHL2011-12-13","ExpectedDepartureTime","Tue, Dec 13 11:55 AM"
"UA-3099-PHX-PHL2011-12-13","ActualDepartureTime","Tue, Dec 13 11:55 AM"
"UA-3099-PHX-PHL2011-12-13","DepartureGate","B13"
"UA-3099-PHX-PHL2011-12-13","ExpectedArrivalTime","Tue, Dec 13 6:17 PM"
"UA-3099-PHX-PHL2011-12-13","ActualArrivalTime","Tue, Dec 13 6:12 PM"
"UA-3099-PHX-PHL2011-12-13","ArrivalGate","A4"
"UA-3925-IAD-ORF2011-12-13","ExpectedDepartureTime","Tue, Dec 13 8:42 AM"
"UA-3925-IAD-ORF2011-12-13","ActualDepartureTime","Tue, Dec 13 8:55 AM"
"UA-3925-IAD-ORF2011-12-13","DepartureGate","A2G"
"UA-3925-IAD-ORF2011-12-13","ExpectedArrivalTime","Tue, Dec 13 9:55 AM"
"UA-3925-IAD-ORF2011-12-13","ActualArrivalTime","Tue, Dec 13 10:27 AM"
"UA-5487-SFO-MRY2011-12-13","ExpectedDepartureTime","Tue, Dec 13 10:39 AM"
"UA-5487-SFO-MRY2011-12-13","ActualDepartureTime","Tue, Dec 13 10:43 AM"
"UA-5487-SFO-MRY2011-12-13","DepartureGate","87A"
"UA-5487-SFO-MRY2011-12-13","ExpectedArrivalTime","Tue, Dec 13 11:19 AM"
"UA-5487-SFO-MRY2011-12-13","ActualArrivalTime","Tue, Dec 13 11:40 AM"
"UA-3050-PHX-CLT2011-12-13","ExpectedDepartureTime","Tue, Dec 13 11:05 AM"
"UA-3050-PHX-CLT2011-12-13","ActualDepartureTime","Tue, Dec 13 11:05 AM"
"UA-3050-PHX-CLT2011-12-13","DepartureGate","A21"
"UA-3050-PHX-CLT2011-12-13","ExpectedArrivalTime","Tue, Dec 13 4:57 PM"
"UA-3050-PHX-CLT2011-12-13","ActualArrivalTime","Tue, Dec 13 4:49 PM"
"UA-3050-PHX-CLT2011-12-13","ArrivalGate","B5"
"UA-828-SFO-ORD2011-12-13","ExpectedDepartureTime","Tue, Dec 13 11:08 PM"
"UA-828-SFO-ORD2011-12-13","ActualDepartureTime","Tue, Dec 13 11:08 PM            On Time"
"UA-828-SFO-ORD2011-12-13","DepartureGate","68"
"UA-828-SFO-ORD2011-12-13","ExpectedArrivalTime","Wed, Dec 14 5:11 AM"
"UA-828-SFO-ORD2011-12-13","ActualArrivalTime","Wed, Dec 14 5:11 AM"
"UA-828-SFO-ORD2011-12-13","ArrivalGate","B8"
"UA-2830-MCO-CLT2011-12-13","ExpectedDepartureTime","Tue, Dec 13 3:27 PM"
"UA-2830-MCO-CLT2011-12-13","ActualDepartureTime","Tue, Dec 13 3:36 PM"
"UA-2830-MCO-CLT2011-12-13","DepartureGate","58"
"UA-2830-MCO-CLT2011-12-13","ExpectedArrivalTime","Tue, Dec 13 5:05 PM"
"UA-2830-MCO-CLT2011-12-13","ActualArrivalTime","Tue, Dec 13 5:26 PM"
"UA-2830-MCO-CLT2011-12-13","ArrivalGate","C15"
"UA-37-EDI-EWR2011-12-13","ExpectedDepartureTime","Tue, Dec 13 9:05 AM"
"UA-37-EDI-EWR2011-12-13","ActualDepartureTime","Tue, Dec 13 8:54 AM"
"UA-37-EDI-EWR2011-12-13","ExpectedArrivalTime","Tue, Dec 13 11:53 AM"
"UA-37-EDI-EWR2011-12-13","ActualArrivalTime","Tue, Dec 13 11:38 AM"
"UA-37-EDI-EWR2011-12-13","ArrivalGate","B63"
"UA-2708-EWR-CLT2011-12-13","ExpectedDepartureTime","Tue, Dec 13 2:55 PM"
"UA-2708-EWR-CLT2011-12-13","ActualDepartureTime","Tue, Dec 13 2:55 PM"
"UA-2708-EWR-CLT2011-12-13","DepartureGate","A37"
"UA-2708-EWR-CLT2011-12-13","ExpectedArrivalTime","Tue, Dec 13 4:53 PM"
"UA-2708-EWR-CLT2011-12-13","ActualArrivalTime","Tue, Dec 13 4:29 PM"
"UA-2708-EWR-CLT2011-12-13","ArrivalGate","C13"
"UA-233-LAX-JFK2011-12-13","ExpectedDepartureTime","Tue, Dec 13 4:25 PM"
"UA-233-LAX-JFK2011-12-13","ActualDepartureTime","Tue, Dec 13 4:25 PM"
"UA-233-LAX-JFK2011-12-13","DepartureGate","73"
"UA-233-LAX-JFK2011-12-13","ExpectedArrivalTime","Wed, Dec 14 12:29 AM"
"UA-233-LAX-JFK2011-12-13","ActualArrivalTime","Wed, Dec 14 12:29 AM"
"UA-233-LAX-JFK2011-12-13","ArrivalGate","3"
"UA-2726-FLL-PHL2011-12-13","ExpectedDepartureTime","Tue, Dec 13 4:00 PM"
"UA-2726-FLL-PHL2011-12-13","ActualDepartureTime","Tue, Dec 13 4:00 PM"
"UA-2726-FLL-PHL2011-12-13","DepartureGate","E3"
"UA-2726-FLL-PHL2011-12-13","ExpectedArrivalTime","Tue, Dec 13 6:46 PM"
"UA-2726-FLL-PHL2011-12-13","ActualArrivalTime","Tue, Dec 13 6:35 PM"
"UA-2726-FLL-PHL2011-12-13","ArrivalGate","B5"
"UA-2945-PHL-CLT2011-12-13","ExpectedDepartureTime","Tue, Dec 13 12:00 AM"
"UA-2945-PHL-CLT2011-12-13","ActualDepartureTime","Tue, Dec 13 2:12 PM"
"UA-2945-PHL-CLT2011-12-13","DepartureGate","B9"
"UA-2945-PHL-CLT2011-12-13","ExpectedArrivalTime","Tue, Dec 13 1:45 PM"
"UA-2945-PHL-CLT2011-12-13","ActualArrivalTime","Tue, Dec 13 1:36 PM"
"UA-2945-PHL-CLT2011-12-13","ArrivalGate","C15"
"UA-6273-YYC-SFO2011-12-13","ExpectedDepartureTime","Tue, Dec 13 7:35 AM"
"UA-6273-YYC-SFO2011-12-13","ActualDepartureTime","Tue, Dec 13 7:24 AM"
"UA-6273-YYC-SFO2011-12-13","ExpectedArrivalTime","Tue, Dec 13 9:43 AM"
"UA-6273-YYC-SFO2011-12-13","ActualArrivalTime","Tue, Dec 13 9:06 AM"
"UA-6273-YYC-SFO2011-12-13","ArrivalGate","76B"
"UA-2314-ATL-PHL2011-12-13","ExpectedDepartureTime","Tue, Dec 13 2:55 PM"
"UA-2314-ATL-PHL2011-12-13","ActualDepartureTime","Tue, Dec 13 2:55 PM"
"UA-2314-ATL-PHL2011-12-13","DepartureGate","D23"
"UA-2314-ATL-PHL2011-12-13","ExpectedArrivalTime","Tue, Dec 13 5:00 PM"
"UA-2314-ATL-PHL2011-12-13","ActualArrivalTime","Tue, Dec 13 4:46 PM"
"UA-2314-ATL-PHL2011-12-13","ArrivalGate","B6"
"UA-382-IAD-LAX2011-12-13","ExpectedDepartureTime","Tue, Dec 13 12:30 PM"
"UA-382-IAD-LAX2011-12-13","ActualDepartureTime","Tue, Dec 13 12:29 PM            On Time"
"UA-382-IAD-LAX2011-12-13","DepartureGate","C27"
"UA-382-IAD-LAX2011-12-13","ExpectedArrivalTime","Tue, Dec 13 3:19 PM"
"UA-382-IAD-LAX2011-12-13","ActualArrivalTime","Tue, Dec 13 3:14 PM"
"UA-382-IAD-LAX2011-12-13","ArrivalGate","72"
"UA-382-IAD-LAX2011-12-13","ExpectedDepartureTime","Tue, Dec 13 12:30 PM"
"UA-382-IAD-LAX2011-12-13","ActualDepartureTime","Tue, Dec 13 12:29 PM            On Time"
"UA-382-IAD-LAX2011-12-13","DepartureGate","C27"
"UA-382-IAD-LAX2011-12-13","ExpectedArrivalTime","Tue, Dec 13 3:19 PM"
"UA-382-IAD-LAX2011-12-13","ActualArrivalTime","Tue, Dec 13 3:28 PM"
"UA-382-IAD-LAX2011-12-13","ArrivalGate","75B"
"UA-854-SFO-IAH2011-12-13","ExpectedDepartureTime","Tue, Dec 13 7:53 AM"
"UA-854-SFO-IAH2011-12-13","ActualDepartureTime","Tue, Dec 13 7:48 AM"
"UA-854-SFO-IAH2011-12-13","DepartureGate","85"
"UA-854-SFO-IAH2011-12-13","ExpectedArrivalTime","Tue, Dec 13 1:39 PM"
"UA-854-SFO-IAH2011-12-13","ActualArrivalTime","Tue, Dec 13 1:31 PM"
"UA-854-SFO-IAH2011-12-13","ArrivalGate","C16"
"CO-1586-IAH-MCO2011-12-13","ExpectedDepartureTime","Tue., Dec.13, 2011 7:00 p.m."
"CO-1586-IAH-MCO2011-12-13","ActualDepartureTime","Tue., Dec.13, 2011 7:04 p.m."
"CO-1586-IAH-MCO2011-12-13","ExpectedArrivalTime","Tue., Dec.13, 2011 10:15 p.m."
"CO-1586-IAH-MCO2011-12-13","ActualArrivalTime","Tue., Dec.13, 2011 10:13 p.m."
"CO-1694-LAX-IAH2011-12-13","ExpectedDepartureTime","Tue., Dec.13, 2011 7:15 p.m."
"CO-1694-LAX-IAH2011-12-13","ActualDepartureTime","Tue., Dec.13, 2011 7:15 p.m."
"CO-1694-LAX-IAH2011-12-13","ExpectedArrivalTime","Tue., Dec.13, 2011 12:21 a.m."
"CO-1694-LAX-IAH2011-12-13","ActualArrivalTime","Tue., Dec.13, 2011 12:21 a.m."
"CO-4888-IAH-DAL2011-12-13","ExpectedDepartureTime","Tue., Dec.13, 2011 5:30 p.m."
"CO-4888-IAH-DAL2011-12-13","ActualDepartureTime","Tue., Dec.13, 2011 5:30 p.m."
"CO-4888-IAH-DAL2011-12-13","ExpectedArrivalTime","Tue., Dec.13, 2011 6:40 p.m."
"CO-4888-IAH-DAL2011-12-13","ActualArrivalTime","Tue., Dec.13, 2011 6:40 p.m."
"CO-1088-CLE-IAH2011-12-13","ExpectedDepartureTime","Tue., Dec.13, 2011 8:40 a.m."
"CO-1088-CLE-IAH2011-12-13","ActualDepartureTime","Tue., Dec.13, 2011 8:37 a.m."
"CO-1088-CLE-IAH2011-12-13","ExpectedArrivalTime","Tue., Dec.13, 2011 10:54 a.m."
"CO-1088-CLE-IAH2011-12-13","ActualArrivalTime","Tue., Dec.13, 2011 10:51 a.m."
"CO-16-LAX-EWR2011-12-13","ExpectedDepartureTime","Tue., Dec.13, 2011 10:25 a.m."
"CO-16-LAX-EWR2011-12-13","ActualDepartureTime","Tue., Dec.13, 2011 10:25 a.m."
"CO-16-LAX-EWR2011-12-13","ExpectedArrivalTime","Tue., Dec.13, 2011 6:44 p.m."
"CO-16-LAX-EWR2011-12-13","ActualArrivalTime","Tue., Dec.13, 2011 6:10 p.m."
"CO-58-DEN-IAH2011-12-13","ExpectedDepartureTime","Tue., Dec.13, 2011 11:25 a.m."
"CO-58-DEN-IAH2011-12-13","ActualDepartureTime","Tue., Dec.13, 2011 11:58 a.m."
"CO-58-DEN-IAH2011-12-13","ExpectedArrivalTime","Tue., Dec.13, 2011 2:50 p.m."
"CO-58-DEN-IAH2011-12-13","ActualArrivalTime","Tue., Dec.13, 2011 3:26 p.m."
"CO-1193-EWR-MCO2011-12-13","ExpectedDepartureTime","Tue., Dec.13, 2011 9:15 a.m."
"CO-1193-EWR-MCO2011-12-13","ActualDepartureTime","Tue., Dec.13, 2011 9:14 a.m."
"CO-1193-EWR-MCO2011-12-13","ExpectedArrivalTime","Tue., Dec.13, 2011 12:18 p.m."
"CO-1193-EWR-MCO2011-12-13","ActualArrivalTime","Tue., Dec.13, 2011 12:08 p.m."
"CO-1023-IAH-DEN2011-12-13","ExpectedDepartureTime","Tue., Dec.13, 2011 11:40 a.m."
"CO-1023-IAH-DEN2011-12-13","ActualDepartureTime","Tue., Dec.13, 2011 11:40 a.m."
"CO-1023-IAH-DEN2011-12-13","ExpectedArrivalTime","Tue., Dec.13, 2011 1:17 p.m."
"CO-1023-IAH-DEN2011-12-13","ActualArrivalTime","Tue., Dec.13, 2011 12:55 p.m."
"CO-1250-MIA-IAH2011-12-13","ExpectedDepartureTime","Tue., Dec.13, 2011 2:53 p.m."
"CO-1250-MIA-IAH2011-12-13","ActualDepartureTime","Tue., Dec.13, 2011 2:52 p.m."
"CO-1250-MIA-IAH2011-12-13","ExpectedArrivalTime","Tue., Dec.13, 2011 4:45 p.m."
"CO-1250-MIA-IAH2011-12-13","ActualArrivalTime","Tue., Dec.13, 2011 4:41 p.m."
"CO-62-IAH-EWR2011-12-13","ExpectedDepartureTime","Tue., Dec.13, 2011 2:30 p.m."
"CO-62-IAH-EWR2011-12-13","ActualDepartureTime","Tue., Dec.13, 2011 2:33 p.m."
"CO-62-IAH-EWR2011-12-13","ExpectedArrivalTime","Tue., Dec.13, 2011 7:03 p.m."
"CO-62-IAH-EWR2011-12-13","ActualArrivalTime","Tue., Dec.13, 2011 7:05 p.m."
"CO-52-IAH-LAX2011-12-13","ExpectedDepartureTime","Tue., Dec.13, 2011 7:35 a.m."
"CO-52-IAH-LAX2011-12-13","ActualDepartureTime","Tue., Dec.13, 2011 7:44 a.m."
"CO-52-IAH-LAX2011-12-13","ExpectedArrivalTime","Tue., Dec.13, 2011 9:21 a.m."
"CO-52-IAH-LAX2011-12-13","ActualArrivalTime","Tue., Dec.13, 2011 9:29 a.m."
"CO-1614-LAX-IAH2011-12-13","ExpectedDepartureTime","Tue., Dec.13, 2011 12:30 a.m."
"CO-1614-LAX-IAH2011-12-13","ActualDepartureTime","Tue., Dec.13, 2011 12:54 a.m."
"CO-1614-LAX-IAH2011-12-13","ExpectedArrivalTime","Tue., Dec.13, 2011 5:35 a.m."
"CO-1614-LAX-IAH2011-12-13","ActualArrivalTime","Tue., Dec.13, 2011 5:43 a.m."
"CO-89-IAH-EWR2011-12-13","ExpectedDepartureTime","Tue., Dec.13, 2011 6:00 a.m."
"CO-89-IAH-EWR2011-12-13","ActualDepartureTime","Tue., Dec.13, 2011 5:54 a.m."
"CO-89-IAH-EWR2011-12-13","ExpectedArrivalTime","Tue., Dec.13, 2011 10:20 a.m."
"CO-89-IAH-EWR2011-12-13","ActualArrivalTime","Tue., Dec.13, 2011 10:11 a.m."
"CO-1090-BOS-IAH2011-12-13","ExpectedDepartureTime","Tue., Dec.13, 2011 9:45 a.m."
"CO-1090-BOS-IAH2011-12-13","ActualDepartureTime","Tue., Dec.13, 2011 9:45 a.m."
"CO-1090-BOS-IAH2011-12-13","ExpectedArrivalTime","Tue., Dec.13, 2011 1:16 p.m."
"CO-1090-BOS-IAH2011-12-13","ActualArrivalTime","Tue., Dec.13, 2011 1:11 p.m."
"CO-45-EWR-MIA2011-12-13","ExpectedDepartureTime","Tue., Dec.13, 2011 4:00 p.m."
"CO-45-EWR-MIA2011-12-13","ActualDepartureTime","Tue., Dec.13, 2011 4:23 p.m."
"CO-45-EWR-MIA2011-12-13","ExpectedArrivalTime","Tue., Dec.13, 2011 7:05 p.m."
"CO-45-EWR-MIA2011-12-13","ActualArrivalTime","Tue., Dec.13, 2011 7:02 p.m."
"CO-63-EWR-IAH2011-12-13","ExpectedDepartureTime","Tue., Dec.13, 2011 5:25 p.m."
"CO-63-EWR-IAH2011-12-13","ActualDepartureTime","Tue., Dec.13, 2011 5:28 p.m."
"CO-63-EWR-IAH2011-12-13","ExpectedArrivalTime","Tue., Dec.13, 2011 8:22 p.m."
"CO-63-EWR-IAH2011-12-13","ActualArrivalTime","Tue., Dec.13, 2011 8:43 p.m."
"CO-50-CLE-EWR2011-12-13","ExpectedDepartureTime","Tue., Dec.13, 2011 2:55 p.m."
"CO-50-CLE-EWR2011-12-13","ActualDepartureTime","Tue., Dec.13, 2011 2:48 p.m."
"CO-50-CLE-EWR2011-12-13","ExpectedArrivalTime","Tue., Dec.13, 2011 4:49 p.m."
"CO-50-CLE-EWR2011-12-13","ActualArrivalTime","Tue., Dec.13, 2011 4:33 p.m."
"CO-1561-PHX-IAH2011-12-13","ExpectedDepartureTime","Tue., Dec.13, 2011 8:05 a.m."
"CO-1561-PHX-IAH2011-12-13","ActualDepartureTime","Tue., Dec.13, 2011 8:05 a.m."
"CO-1561-PHX-IAH2011-12-13","ExpectedArrivalTime","Tue., Dec.13, 2011 11:35 a.m."
"CO-1561-PHX-IAH2011-12-13","ActualArrivalTime","Tue., Dec.13, 2011 11:34 a.m."
"CO-47-IAH-LAX2011-12-13","ExpectedDepartureTime","Tue., Dec.13, 2011 7:10 p.m."
"CO-47-IAH-LAX2011-12-13","ActualDepartureTime","Tue., Dec.13, 2011 7:18 p.m."
"CO-47-IAH-LAX2011-12-13","ExpectedArrivalTime","Tue., Dec.13, 2011 8:56 p.m."
"CO-47-IAH-LAX2011-12-13","ActualArrivalTime","Tue., Dec.13, 2011 8:46 p.m."
