"ObjectID","PropertyID","PropertyValue"
"AA-1221-MCO-ORD2012-01-03","ExpectedDepartureTime","January 3, 2012               08:00 PM    "
"AA-1221-MCO-ORD2012-01-03","ActualDepartureTime","January 3, 2012               07:49 PM    "
"AA-1221-MCO-ORD2012-01-03","DepartureGate"," 15"
"AA-1221-MCO-ORD2012-01-03","ExpectedArrivalTime","January 3, 2012               09:50 PM    "
"AA-1221-MCO-ORD2012-01-03","ActualArrivalTime","January 3, 2012               09:57 PM    "
"AA-1221-MCO-ORD2012-01-03","ArrivalGate"," H9    "
"AA-4307-ORD-DTW2012-01-03","ExpectedDepartureTime","January 3, 2012               06:45 PM    "
"AA-4307-ORD-DTW2012-01-03","ActualDepartureTime","January 3, 2012               06:41 PM    "
"AA-4307-ORD-DTW2012-01-03","DepartureGate"," G7"
"AA-4307-ORD-DTW2012-01-03","ExpectedArrivalTime","January 3, 2012               09:10 PM    "
"AA-4307-ORD-DTW2012-01-03","ActualArrivalTime","January 3, 2012               09:03 PM    "
"AA-4307-ORD-DTW2012-01-03","ArrivalGate"," D28    "
"AA-616-DFW-DTW2012-01-03","ExpectedDepartureTime","January 3, 2012               09:05 AM    "
"AA-616-DFW-DTW2012-01-03","ActualDepartureTime","January 3, 2012               08:58 AM    "
"AA-616-DFW-DTW2012-01-03","DepartureGate"," C27"
"AA-616-DFW-DTW2012-01-03","ExpectedArrivalTime","January 3, 2012               12:35 PM    "
"AA-616-DFW-DTW2012-01-03","ActualArrivalTime","January 3, 2012               12:38 PM    "
"AA-616-DFW-DTW2012-01-03","ArrivalGate"," D28    "
"AA-431-MIA-SFO2012-01-03","ExpectedDepartureTime","January 3, 2012               08:35 AM    "
"AA-431-MIA-SFO2012-01-03","ActualDepartureTime","January 3, 2012               08:33 AM    "
"AA-431-MIA-SFO2012-01-03","DepartureGate"," D40"
"AA-431-MIA-SFO2012-01-03","ExpectedArrivalTime","January 3, 2012               11:50 AM    "
"AA-431-MIA-SFO2012-01-03","ActualArrivalTime","January 3, 2012               11:20 AM    "
"AA-431-MIA-SFO2012-01-03","ArrivalGate"," 57    "
"AA-3756-ORD-SLC2012-01-03","ExpectedDepartureTime","January 3, 2012               12:15 PM    "
"AA-3756-ORD-SLC2012-01-03","ActualDepartureTime","January 3, 2012               12:11 PM    "
"AA-3756-ORD-SLC2012-01-03","DepartureGate"," H1B"
"AA-3756-ORD-SLC2012-01-03","ExpectedArrivalTime","January 3, 2012               02:45 PM    "
"AA-3756-ORD-SLC2012-01-03","ActualArrivalTime","January 3, 2012               02:39 PM    "
"AA-3756-ORD-SLC2012-01-03","ArrivalGate"," A3    "
"AA-2050-ORD-MIA2012-01-03","ExpectedDepartureTime","January 3, 2012               10:40 AM    "
"AA-2050-ORD-MIA2012-01-03","ActualDepartureTime","January 3, 2012               10:41 AM    "
"AA-2050-ORD-MIA2012-01-03","DepartureGate"," K9"
"AA-2050-ORD-MIA2012-01-03","ExpectedArrivalTime","January 3, 2012               02:45 PM    "
"AA-2050-ORD-MIA2012-01-03","ActualArrivalTime","January 3, 2012               02:28 PM    "
"AA-2050-ORD-MIA2012-01-03","ArrivalGate"," D11    "
"AA-3804-PHL-ORD2012-01-03","ExpectedDepartureTime","January 3, 2012               02:35 PM    "
"AA-3804-PHL-ORD2012-01-03","ActualDepartureTime","January 3, 2012               02:30 PM    "
"AA-3804-PHL-ORD2012-01-03","DepartureGate"," A7"
"AA-3804-PHL-ORD2012-01-03","ExpectedArrivalTime","January 3, 2012               04:05 PM    "
"AA-3804-PHL-ORD2012-01-03","ActualArrivalTime","January 3, 2012               03:34 PM    "
"AA-3804-PHL-ORD2012-01-03","ArrivalGate"," H5    "
"AA-1664-MIA-ATL2012-01-03","ExpectedDepartureTime","January 3, 2012               10:15 AM    "
"AA-1664-MIA-ATL2012-01-03","ActualDepartureTime","January 3, 2012               10:28 AM    "
"AA-1664-MIA-ATL2012-01-03","DepartureGate"," D11"
"AA-1664-MIA-ATL2012-01-03","ExpectedArrivalTime","January 3, 2012               12:10 PM    "
"AA-1664-MIA-ATL2012-01-03","ActualArrivalTime","January 3, 2012               12:28 PM    "
"AA-1664-MIA-ATL2012-01-03","ArrivalGate"," T11    "
"AA-789-ORD-DEN2012-01-03","ExpectedDepartureTime","January 3, 2012               01:05 PM    "
"AA-789-ORD-DEN2012-01-03","ActualDepartureTime","January 3, 2012               12:58 PM    "
"AA-789-ORD-DEN2012-01-03","DepartureGate"," K9"
"AA-789-ORD-DEN2012-01-03","ExpectedArrivalTime","January 3, 2012               02:35 PM    "
"AA-789-ORD-DEN2012-01-03","ActualArrivalTime","January 3, 2012               02:25 PM    "
"AA-789-ORD-DEN2012-01-03","ArrivalGate"," A49    "
"AA-1733-ORD-PHX2012-01-03","ExpectedDepartureTime","January 3, 2012               07:45 PM    "
"AA-1733-ORD-PHX2012-01-03","ActualDepartureTime","January 3, 2012               07:49 PM    "
"AA-1733-ORD-PHX2012-01-03","DepartureGate"," K16"
"AA-1733-ORD-PHX2012-01-03","ExpectedArrivalTime","January 3, 2012               10:30 PM    "
"AA-1733-ORD-PHX2012-01-03","ActualArrivalTime","January 3, 2012     "
"AA-1733-ORD-PHX2012-01-03","ArrivalGate"," 6    "
"AA-4277-CVG-JFK2012-01-03","ExpectedDepartureTime","January 3, 2012               12:10 PM    "
"AA-4277-CVG-JFK2012-01-03","ActualDepartureTime","January 3, 2012               12:20 PM    "
"AA-4277-CVG-JFK2012-01-03","DepartureGate"," 1"
"AA-4277-CVG-JFK2012-01-03","ExpectedArrivalTime","January 3, 2012               02:15 PM    "
"AA-4277-CVG-JFK2012-01-03","ActualArrivalTime","January 3, 2012               02:19 PM    "
"AA-4277-CVG-JFK2012-01-03","ArrivalGate"," 31C    "
"AA-2312-DFW-DTW2012-01-03","ExpectedDepartureTime","January 3, 2012               08:25 PM    "
"AA-2312-DFW-DTW2012-01-03","ActualDepartureTime","January 3, 2012     "
"AA-2312-DFW-DTW2012-01-03","DepartureGate"," A38"
"AA-2312-DFW-DTW2012-01-03","ExpectedArrivalTime","January 3, 2012               11:50 PM    "
"AA-2312-DFW-DTW2012-01-03","ActualArrivalTime","January 3, 2012     "
"AA-2312-DFW-DTW2012-01-03","ArrivalGate"," D32    "
"AA-85-JFK-SFO2012-01-03","ExpectedDepartureTime","January 3, 2012               03:05 PM    "
"AA-85-JFK-SFO2012-01-03","ActualDepartureTime","January 3, 2012               03:24 PM    "
"AA-85-JFK-SFO2012-01-03","DepartureGate"," 46"
"AA-85-JFK-SFO2012-01-03","ExpectedArrivalTime","January 3, 2012               06:30 PM    "
"AA-85-JFK-SFO2012-01-03","ActualArrivalTime","January 3, 2012               06:46 PM    "
"AA-85-JFK-SFO2012-01-03","ArrivalGate"," 56A    "
"AA-404-MIA-MCO2012-01-03","ExpectedDepartureTime","January 3, 2012               06:45 AM    "
"AA-404-MIA-MCO2012-01-03","ActualDepartureTime","January 3, 2012               06:39 AM    "
"AA-404-MIA-MCO2012-01-03","DepartureGate"," E5"
"AA-404-MIA-MCO2012-01-03","ExpectedArrivalTime","January 3, 2012               07:45 AM    "
"AA-404-MIA-MCO2012-01-03","ActualArrivalTime","January 3, 2012               07:41 AM    "
"AA-404-MIA-MCO2012-01-03","ArrivalGate"," 14    "
"AA-446-DFW-PHL2012-01-03","ExpectedDepartureTime","January 3, 2012               11:50 AM    "
"AA-446-DFW-PHL2012-01-03","ActualDepartureTime","January 3, 2012               11:47 AM    "
"AA-446-DFW-PHL2012-01-03","DepartureGate"," A24"
"AA-446-DFW-PHL2012-01-03","ExpectedArrivalTime","January 3, 2012               03:50 PM    "
"AA-446-DFW-PHL2012-01-03","ActualArrivalTime","January 3, 2012               03:54 PM    "
"AA-446-DFW-PHL2012-01-03","ArrivalGate"," A9    "
"AA-2268-PHX-ORD2012-01-03","ExpectedDepartureTime","January 3, 2012               07:15 AM    "
"AA-2268-PHX-ORD2012-01-03","ActualDepartureTime","January 3, 2012               07:09 AM    "
"AA-2268-PHX-ORD2012-01-03","DepartureGate"," 6"
"AA-2268-PHX-ORD2012-01-03","ExpectedArrivalTime","January 3, 2012               11:35 AM    "
"AA-2268-PHX-ORD2012-01-03","ActualArrivalTime","January 3, 2012               11:24 AM    "
"AA-2268-PHX-ORD2012-01-03","ArrivalGate"," H11A    "
"AA-4344-ORD-DTW2012-01-03","ExpectedDepartureTime","January 3, 2012               11:45 AM    "
"AA-4344-ORD-DTW2012-01-03","ActualDepartureTime","January 3, 2012               11:41 AM    "
"AA-4344-ORD-DTW2012-01-03","DepartureGate"," G3"
"AA-4344-ORD-DTW2012-01-03","ExpectedArrivalTime","January 3, 2012               02:00 PM    "
"AA-4344-ORD-DTW2012-01-03","ActualArrivalTime","January 3, 2012               01:50 PM    "
"AA-4344-ORD-DTW2012-01-03","ArrivalGate"," D30    "
"AA-484-DFW-MIA2012-01-03","ExpectedDepartureTime","January 3, 2012               04:15 PM    "
"AA-484-DFW-MIA2012-01-03","ActualDepartureTime","January 3, 2012               04:22 PM    "
"AA-484-DFW-MIA2012-01-03","DepartureGate"," A28"
"AA-484-DFW-MIA2012-01-03","ExpectedArrivalTime","January 3, 2012               07:55 PM    "
"AA-484-DFW-MIA2012-01-03","ActualArrivalTime","January 3, 2012               08:00 PM    "
"AA-484-DFW-MIA2012-01-03","ArrivalGate"," D6    "
"AA-3979-CVG-ORD2012-01-03","ExpectedDepartureTime","January 3, 2012               07:30 AM    "
"AA-3979-CVG-ORD2012-01-03","ActualDepartureTime","January 3, 2012               07:33 AM    "
"AA-3979-CVG-ORD2012-01-03","DepartureGate"," 5"
"AA-3979-CVG-ORD2012-01-03","ExpectedArrivalTime","January 3, 2012               08:00 AM    "
"AA-3979-CVG-ORD2012-01-03","ActualArrivalTime","January 3, 2012               08:20 AM    "
"AA-3979-CVG-ORD2012-01-03","ArrivalGate"," H2    "
"AA-3063-SLC-LAX2012-01-03","ExpectedDepartureTime","January 3, 2012               08:20 PM    "
"AA-3063-SLC-LAX2012-01-03","ActualDepartureTime","January 3, 2012               08:21 PM    "
"AA-3063-SLC-LAX2012-01-03","DepartureGate"," A3"
"AA-3063-SLC-LAX2012-01-03","ExpectedArrivalTime","January 3, 2012               09:20 PM    "
"AA-3063-SLC-LAX2012-01-03","ActualArrivalTime","January 3, 2012     "
"AA-3063-SLC-LAX2012-01-03","ArrivalGate"," 44D    "
"AA-3859-IAH-ORD2012-01-03","ExpectedDepartureTime","January 3, 2012               07:10 AM    "
"AA-3859-IAH-ORD2012-01-03","ActualDepartureTime","January 3, 2012               07:31 AM    "
"AA-3859-IAH-ORD2012-01-03","DepartureGate"," A29"
"AA-3859-IAH-ORD2012-01-03","ExpectedArrivalTime","January 3, 2012               09:40 AM    "
"AA-3859-IAH-ORD2012-01-03","ActualArrivalTime","January 3, 2012               10:10 AM    "
"AA-3859-IAH-ORD2012-01-03","ArrivalGate"," H4    "
"AA-3842-MSP-ORD2012-01-03","ExpectedDepartureTime","January 3, 2012               06:00 AM    "
"AA-3842-MSP-ORD2012-01-03","ActualDepartureTime","January 3, 2012               05:58 AM    "
"AA-3842-MSP-ORD2012-01-03","DepartureGate"," E14"
"AA-3842-MSP-ORD2012-01-03","ExpectedArrivalTime","January 3, 2012               07:30 AM    "
"AA-3842-MSP-ORD2012-01-03","ActualArrivalTime","January 3, 2012               07:31 AM    "
"AA-3842-MSP-ORD2012-01-03","ArrivalGate"," G7    "
"AA-1544-SAN-ORD2012-01-03","ExpectedDepartureTime","January 3, 2012               11:25 AM    "
"AA-1544-SAN-ORD2012-01-03","ActualDepartureTime","January 3, 2012               11:23 AM    "
"AA-1544-SAN-ORD2012-01-03","DepartureGate"," 27"
"AA-1544-SAN-ORD2012-01-03","ExpectedArrivalTime","January 3, 2012               05:25 PM    "
"AA-1544-SAN-ORD2012-01-03","ActualArrivalTime","January 3, 2012               05:26 PM    "
"AA-1544-SAN-ORD2012-01-03","ArrivalGate"," H6    "
"AA-649-ORD-SNA2012-01-03","ExpectedDepartureTime","January 3, 2012               01:30 PM    "
"AA-649-ORD-SNA2012-01-03","ActualDepartureTime","January 3, 2012     "
"AA-649-ORD-SNA2012-01-03","DepartureGate"," K15"
"AA-649-ORD-SNA2012-01-03","ExpectedArrivalTime","January 3, 2012               03:50 PM    "
"AA-649-ORD-SNA2012-01-03","ActualArrivalTime","January 3, 2012     "
"AA-649-ORD-SNA2012-01-03","ArrivalGate"," 7    "
"AA-1640-MIA-MCO2012-01-03","ExpectedDepartureTime","January 3, 2012               06:30 PM    "
"AA-1640-MIA-MCO2012-01-03","ActualDepartureTime","January 3, 2012     "
"AA-1640-MIA-MCO2012-01-03","DepartureGate"," D34"
"AA-1640-MIA-MCO2012-01-03","ExpectedArrivalTime","January 3, 2012               07:25 PM    "
"AA-1640-MIA-MCO2012-01-03","ActualArrivalTime","January 3, 2012     "
"AA-1640-MIA-MCO2012-01-03","ArrivalGate"," 14    "
"AA-518-MIA-JFK2012-01-03","ExpectedDepartureTime","January 3, 2012               06:30 AM    "
"AA-518-MIA-JFK2012-01-03","ActualDepartureTime","January 3, 2012               07:06 AM    "
"AA-518-MIA-JFK2012-01-03","DepartureGate"," D1"
"AA-518-MIA-JFK2012-01-03","ExpectedArrivalTime","January 3, 2012               09:15 AM    "
"AA-518-MIA-JFK2012-01-03","ActualArrivalTime","January 3, 2012               09:48 AM    "
"AA-518-MIA-JFK2012-01-03","ArrivalGate"," 46    "
"AA-2525-DFW-MIA2012-01-03","ExpectedDepartureTime","January 3, 2012               07:25 AM    "
"AA-2525-DFW-MIA2012-01-03","ActualDepartureTime","January 3, 2012               07:21 AM    "
"AA-2525-DFW-MIA2012-01-03","DepartureGate"," D30"
"AA-2525-DFW-MIA2012-01-03","ExpectedArrivalTime","January 3, 2012               11:10 AM    "
"AA-2525-DFW-MIA2012-01-03","ActualArrivalTime","January 3, 2012               11:00 AM    "
"AA-2525-DFW-MIA2012-01-03","ArrivalGate"," D24    "
"AA-1279-DFW-PHX2012-01-03","ExpectedDepartureTime","January 3, 2012               01:00 PM    "
"AA-1279-DFW-PHX2012-01-03","ActualDepartureTime","January 3, 2012               12:55 PM    "
"AA-1279-DFW-PHX2012-01-03","DepartureGate"," A39"
"AA-1279-DFW-PHX2012-01-03","ExpectedArrivalTime","January 3, 2012               02:35 PM    "
"AA-1279-DFW-PHX2012-01-03","ActualArrivalTime","January 3, 2012               02:24 PM    "
"AA-1279-DFW-PHX2012-01-03","ArrivalGate"," 4    "
"AA-1522-SFO-ORD2012-01-03","ExpectedDepartureTime","January 3, 2012               11:55 PM    "
"AA-1522-SFO-ORD2012-01-03","ActualDepartureTime","January 3, 2012     "
"AA-1522-SFO-ORD2012-01-03","DepartureGate"," 57"
"AA-1522-SFO-ORD2012-01-03","ExpectedArrivalTime","January 4, 2012               05:50 AM    "
"AA-1522-SFO-ORD2012-01-03","ActualArrivalTime","January 4, 2012     "
"AA-1522-SFO-ORD2012-01-03","ArrivalGate"," H10    "
"AA-1434-DFW-MCO2012-01-03","ExpectedDepartureTime","January 3, 2012               07:15 AM    "
"AA-1434-DFW-MCO2012-01-03","ActualDepartureTime","January 3, 2012               07:11 AM    "
"AA-1434-DFW-MCO2012-01-03","DepartureGate"," C19"
"AA-1434-DFW-MCO2012-01-03","ExpectedArrivalTime","January 3, 2012               10:35 AM    "
"AA-1434-DFW-MCO2012-01-03","ActualArrivalTime","January 3, 2012               10:34 AM    "
"AA-1434-DFW-MCO2012-01-03","ArrivalGate"," 17    "
"AA-59-JFK-SFO2012-01-03","ExpectedDepartureTime","January 3, 2012               07:10 AM    "
"AA-59-JFK-SFO2012-01-03","ActualDepartureTime","January 3, 2012               07:06 AM    "
"AA-59-JFK-SFO2012-01-03","DepartureGate"," 40"
"AA-59-JFK-SFO2012-01-03","ExpectedArrivalTime","January 3, 2012               10:45 AM    "
"AA-59-JFK-SFO2012-01-03","ActualArrivalTime","January 3, 2012               10:30 AM    "
"AA-59-JFK-SFO2012-01-03","ArrivalGate"," 58B    "
"AA-415-BOS-ORD2012-01-03","ExpectedDepartureTime","January 3, 2012               08:35 AM    "
"AA-415-BOS-ORD2012-01-03","ActualDepartureTime","January 3, 2012               08:34 AM    "
"AA-415-BOS-ORD2012-01-03","DepartureGate"," B33"
"AA-415-BOS-ORD2012-01-03","ExpectedArrivalTime","January 3, 2012               10:40 AM    "
"AA-415-BOS-ORD2012-01-03","ActualArrivalTime","January 3, 2012               09:56 AM    "
"AA-415-BOS-ORD2012-01-03","ArrivalGate"," K18    "
"AA-222-LAX-BOS2012-01-03","ExpectedDepartureTime","January 3, 2012               07:10 AM    "
"AA-222-LAX-BOS2012-01-03","ActualDepartureTime","January 3, 2012               07:09 AM    "
"AA-222-LAX-BOS2012-01-03","DepartureGate"," 41"
"AA-222-LAX-BOS2012-01-03","ExpectedArrivalTime","January 3, 2012               03:30 PM    "
"AA-222-LAX-BOS2012-01-03","ActualArrivalTime","January 3, 2012               03:32 PM    "
"AA-222-LAX-BOS2012-01-03","ArrivalGate"," B28    "
"AA-3823-LAX-DEN2012-01-03","ExpectedDepartureTime","January 3, 2012               09:00 PM    "
"AA-3823-LAX-DEN2012-01-03","ActualDepartureTime","January 3, 2012     "
"AA-3823-LAX-DEN2012-01-03","DepartureGate"," 44J"
"AA-3823-LAX-DEN2012-01-03","ExpectedArrivalTime","January 4, 2012               12:15 AM    "
"AA-3823-LAX-DEN2012-01-03","ActualArrivalTime","January 4, 2012     "
"AA-3823-LAX-DEN2012-01-03","ArrivalGate"," A49    "
"AA-1165-JFK-MIA2012-01-03","ExpectedDepartureTime","January 3, 2012               06:59 AM    "
"AA-1165-JFK-MIA2012-01-03","ActualDepartureTime","January 3, 2012               06:57 AM    "
"AA-1165-JFK-MIA2012-01-03","DepartureGate"," 43"
"AA-1165-JFK-MIA2012-01-03","ExpectedArrivalTime","January 3, 2012               10:34 AM    "
"AA-1165-JFK-MIA2012-01-03","ActualArrivalTime","January 3, 2012               10:01 AM    "
"AA-1165-JFK-MIA2012-01-03","ArrivalGate"," D2    "
"AA-3786-IAH-ORD2012-01-03","ExpectedDepartureTime","January 3, 2012               04:00 PM    "
"AA-3786-IAH-ORD2012-01-03","ActualDepartureTime","January 3, 2012               04:02 PM    "
"AA-3786-IAH-ORD2012-01-03","DepartureGate"," A29"
"AA-3786-IAH-ORD2012-01-03","ExpectedArrivalTime","January 3, 2012               06:40 PM    "
"AA-3786-IAH-ORD2012-01-03","ActualArrivalTime","January 3, 2012               06:35 PM    "
"AA-3786-IAH-ORD2012-01-03","ArrivalGate"," G19    "
"AA-3468-CVG-MIA2012-01-03","ExpectedDepartureTime","January 3, 2012               07:00 AM    "
"AA-3468-CVG-MIA2012-01-03","ActualDepartureTime","January 3, 2012               06:52 AM    "
"AA-3468-CVG-MIA2012-01-03","DepartureGate"," 3"
"AA-3468-CVG-MIA2012-01-03","ExpectedArrivalTime","January 3, 2012               09:55 AM    "
"AA-3468-CVG-MIA2012-01-03","ActualArrivalTime","January 3, 2012               09:04 AM    "
"AA-3468-CVG-MIA2012-01-03","ArrivalGate"," D60H    "
"AA-204-LAX-MCO2012-01-03","ExpectedDepartureTime","January 3, 2012               11:25 PM    "
"AA-204-LAX-MCO2012-01-03","ActualDepartureTime","January 3, 2012     "
"AA-204-LAX-MCO2012-01-03","DepartureGate"," 43"
"AA-204-LAX-MCO2012-01-03","ExpectedArrivalTime","January 4, 2012               06:55 AM    "
"AA-204-LAX-MCO2012-01-03","ActualArrivalTime","January 4, 2012     "
"AA-204-LAX-MCO2012-01-03","ArrivalGate"," TBA    "
"AA-466-IAH-MIA2012-01-03","ExpectedDepartureTime","January 3, 2012               06:00 AM    "
"AA-466-IAH-MIA2012-01-03","ActualDepartureTime","January 3, 2012               06:02 AM    "
"AA-466-IAH-MIA2012-01-03","DepartureGate"," A27"
"AA-466-IAH-MIA2012-01-03","ExpectedArrivalTime","January 3, 2012               09:20 AM    "
"AA-466-IAH-MIA2012-01-03","ActualArrivalTime","January 3, 2012               09:31 AM    "
"AA-466-IAH-MIA2012-01-03","ArrivalGate"," D19    "
"AA-3-JFK-LAX2012-01-03","ExpectedDepartureTime","January 3, 2012               12:00 PM    "
"AA-3-JFK-LAX2012-01-03","ActualDepartureTime","January 3, 2012               11:53 AM    "
"AA-3-JFK-LAX2012-01-03","DepartureGate"," 6"
"AA-3-JFK-LAX2012-01-03","ExpectedArrivalTime","January 3, 2012               03:15 PM    "
"AA-3-JFK-LAX2012-01-03","ActualArrivalTime","January 3, 2012               02:52 PM    "
"AA-3-JFK-LAX2012-01-03","ArrivalGate"," 49A    "
"AA-1007-MIA-PHX2012-01-03","ExpectedDepartureTime","January 3, 2012               04:55 PM    "
"AA-1007-MIA-PHX2012-01-03","ActualDepartureTime","January 3, 2012               05:19 PM    "
"AA-1007-MIA-PHX2012-01-03","DepartureGate"," D19"
"AA-1007-MIA-PHX2012-01-03","ExpectedArrivalTime","January 3, 2012               08:05 PM    "
"AA-1007-MIA-PHX2012-01-03","ActualArrivalTime","January 3, 2012               08:00 PM    "
"AA-1007-MIA-PHX2012-01-03","ArrivalGate"," 6    "
"AA-271-MIA-LAX2012-01-03","ExpectedDepartureTime","January 3, 2012               11:35 AM    "
"AA-271-MIA-LAX2012-01-03","ActualDepartureTime","January 3, 2012               11:35 AM    "
"AA-271-MIA-LAX2012-01-03","DepartureGate"," D50"
"AA-271-MIA-LAX2012-01-03","ExpectedArrivalTime","January 3, 2012               02:25 PM    "
"AA-271-MIA-LAX2012-01-03","ActualArrivalTime","January 3, 2012               02:06 PM    "
"AA-271-MIA-LAX2012-01-03","ArrivalGate"," 46B    "
"AA-643-MIA-ORD2012-01-03","ExpectedDepartureTime","January 3, 2012               07:10 AM    "
"AA-643-MIA-ORD2012-01-03","ActualDepartureTime","January 3, 2012               08:18 AM    "
"AA-643-MIA-ORD2012-01-03","DepartureGate"," D3"
"AA-643-MIA-ORD2012-01-03","ExpectedArrivalTime","January 3, 2012               09:35 AM    "
"AA-643-MIA-ORD2012-01-03","ActualArrivalTime","January 3, 2012               10:48 AM    "
"AA-643-MIA-ORD2012-01-03","ArrivalGate"," K13    "
"AA-4198-ORD-CLE2012-01-03","ExpectedDepartureTime","January 3, 2012               10:40 AM    "
"AA-4198-ORD-CLE2012-01-03","ActualDepartureTime","January 3, 2012               10:36 AM    "
"AA-4198-ORD-CLE2012-01-03","DepartureGate"," G9"
"AA-4198-ORD-CLE2012-01-03","ExpectedArrivalTime","January 3, 2012               12:55 PM    "
"AA-4198-ORD-CLE2012-01-03","ActualArrivalTime","January 3, 2012               12:51 PM    "
"AA-4198-ORD-CLE2012-01-03","ArrivalGate"," A1    "
"AA-400-DFW-JFK2012-01-03","ExpectedDepartureTime","January 3, 2012               10:40 AM    "
"AA-400-DFW-JFK2012-01-03","ActualDepartureTime","January 3, 2012               10:43 AM    "
"AA-400-DFW-JFK2012-01-03","DepartureGate"," C36"
"AA-400-DFW-JFK2012-01-03","ExpectedArrivalTime","January 3, 2012               02:59 PM    "
"AA-400-DFW-JFK2012-01-03","ActualArrivalTime","January 3, 2012               03:06 PM    "
"AA-400-DFW-JFK2012-01-03","ArrivalGate"," 33    "
"AA-1886-BOS-MIA2012-01-03","ExpectedDepartureTime","January 3, 2012               10:45 AM    "
"AA-1886-BOS-MIA2012-01-03","ActualDepartureTime","January 3, 2012               11:08 AM    "
"AA-1886-BOS-MIA2012-01-03","DepartureGate"," B33"
"AA-1886-BOS-MIA2012-01-03","ExpectedArrivalTime","January 3, 2012               02:20 PM    "
"AA-1886-BOS-MIA2012-01-03","ActualArrivalTime","January 3, 2012               02:20 PM    "
"AA-1886-BOS-MIA2012-01-03","ArrivalGate"," D1    "
"AA-1917-JFK-MCO2012-01-03","ExpectedDepartureTime","January 3, 2012               02:55 PM    "
"AA-1917-JFK-MCO2012-01-03","ActualDepartureTime","January 3, 2012               04:06 PM    "
"AA-1917-JFK-MCO2012-01-03","DepartureGate"," 43"
"AA-1917-JFK-MCO2012-01-03","ExpectedArrivalTime","January 3, 2012               05:55 PM    "
"AA-1917-JFK-MCO2012-01-03","ActualArrivalTime","January 3, 2012               06:58 PM    "
"AA-1917-JFK-MCO2012-01-03","ArrivalGate"," 16    "
"AA-3809-PHX-LAX2012-01-03","ExpectedDepartureTime","January 3, 2012               06:00 AM    "
"AA-3809-PHX-LAX2012-01-03","ActualDepartureTime","January 3, 2012               06:12 AM    "
"AA-3809-PHX-LAX2012-01-03","DepartureGate"," 2"
"AA-3809-PHX-LAX2012-01-03","ExpectedArrivalTime","January 3, 2012               06:40 AM    "
"AA-3809-PHX-LAX2012-01-03","ActualArrivalTime","January 3, 2012               06:25 AM    "
"AA-3809-PHX-LAX2012-01-03","ArrivalGate"," 44J    "
"AA-2957-DFW-CVG2012-01-03","ExpectedDepartureTime","January 3, 2012               07:55 AM    "
"AA-2957-DFW-CVG2012-01-03","ActualDepartureTime","January 3, 2012               07:56 AM    "
"AA-2957-DFW-CVG2012-01-03","DepartureGate"," B25"
"AA-2957-DFW-CVG2012-01-03","ExpectedArrivalTime","January 3, 2012               11:05 AM    "
"AA-2957-DFW-CVG2012-01-03","ActualArrivalTime","January 3, 2012               11:20 AM    "
"AA-2957-DFW-CVG2012-01-03","ArrivalGate"," 3    "
"UA-1500-IAH-GUA2012-01-03","ExpectedDepartureTime","Tue, Jan 3 9:30 AM"
"UA-1500-IAH-GUA2012-01-03","ActualDepartureTime","Tue, Jan 3 9:30 AM"
"UA-1500-IAH-GUA2012-01-03","DepartureGate","E16"
"UA-1500-IAH-GUA2012-01-03","ExpectedArrivalTime","Tue, Jan 3 12:21 PM"
"UA-1500-IAH-GUA2012-01-03","ActualArrivalTime","Tue, Jan 3 12:21 PM"
"UA-1500-IAH-GUA2012-01-03","ArrivalGate","15"
"UA-3515-IAD-MSP2012-01-03","ExpectedDepartureTime","Tue, Jan 3 8:28 AM"
"UA-3515-IAD-MSP2012-01-03","ActualDepartureTime","Tue, Jan 3 8:23 AM"
"UA-3515-IAD-MSP2012-01-03","DepartureGate","D20"
"UA-3515-IAD-MSP2012-01-03","ExpectedArrivalTime","Tue, Jan 3 10:23 AM"
"UA-3515-IAD-MSP2012-01-03","ActualArrivalTime","Tue, Jan 3 10:17 AM"
"UA-3515-IAD-MSP2012-01-03","ArrivalGate","E6"
"UA-664-ORD-PHL2012-01-03","ExpectedDepartureTime","Tue, Jan 3 1:33 PM"
"UA-664-ORD-PHL2012-01-03","ActualDepartureTime","Tue, Jan 3 1:33 PM"
"UA-664-ORD-PHL2012-01-03","DepartureGate","C17"
"UA-664-ORD-PHL2012-01-03","ExpectedArrivalTime","Tue, Jan 3 4:32 PM"
"UA-664-ORD-PHL2012-01-03","ActualArrivalTime","Tue, Jan 3 4:37 PM"
"UA-664-ORD-PHL2012-01-03","ArrivalGate","D13"
"UA-414-LAX-SFO2012-01-03","ExpectedDepartureTime","Tue, Jan 3 6:00 AM"
"UA-414-LAX-SFO2012-01-03","ActualDepartureTime","Tue, Jan 3 5:58 AM"
"UA-414-LAX-SFO2012-01-03","DepartureGate","86"
"UA-414-LAX-SFO2012-01-03","ExpectedArrivalTime","Tue, Jan 3 7:21 AM"
"UA-414-LAX-SFO2012-01-03","ActualArrivalTime","Tue, Jan 3 7:13 AM"
"UA-414-LAX-SFO2012-01-03","ArrivalGate","74"
"UA-257-JFK-SFO2012-01-03","ExpectedDepartureTime","Tue, Jan 3 2:30 PM"
"UA-257-JFK-SFO2012-01-03","ActualDepartureTime","Tue, Jan 3 2:31 PM"
"UA-257-JFK-SFO2012-01-03","DepartureGate","8"
"UA-257-JFK-SFO2012-01-03","ExpectedArrivalTime","Tue, Jan 3 6:00 PM"
"UA-257-JFK-SFO2012-01-03","ActualArrivalTime","Tue, Jan 3 5:55 PM"
"UA-257-JFK-SFO2012-01-03","ArrivalGate","87"
"UA-62-IAH-EWR2012-01-03","ExpectedDepartureTime","Tue, Jan 3 2:30 PM"
"UA-62-IAH-EWR2012-01-03","ActualDepartureTime","Tue, Jan 3 3:18 PM"
"UA-62-IAH-EWR2012-01-03","DepartureGate","C-39"
"UA-62-IAH-EWR2012-01-03","ExpectedArrivalTime","Tue, Jan 3 7:03 PM"
"UA-62-IAH-EWR2012-01-03","ActualArrivalTime","Tue, Jan 3 8:09 PM"
"UA-62-IAH-EWR2012-01-03","ArrivalGate","C92"
"UA-843-LAX-ORD2012-01-03","ExpectedDepartureTime","Tue, Jan 3 2:00 PM"
"UA-843-LAX-ORD2012-01-03","ActualDepartureTime","Tue, Jan 3 1:55 PM"
"UA-843-LAX-ORD2012-01-03","DepartureGate","75A"
"UA-843-LAX-ORD2012-01-03","ExpectedArrivalTime","Tue, Jan 3 8:07 PM"
"UA-843-LAX-ORD2012-01-03","ActualArrivalTime","Tue, Jan 3 7:46 PM"
"UA-843-LAX-ORD2012-01-03","ArrivalGate","B10"
"UA-248-PHX-ORD2012-01-03","ExpectedDepartureTime","Tue, Jan 3 12:59 PM"
"UA-248-PHX-ORD2012-01-03","ActualDepartureTime","Tue, Jan 3 12:59 PM"
"UA-248-PHX-ORD2012-01-03","DepartureGate","5"
"UA-248-PHX-ORD2012-01-03","ExpectedArrivalTime","Tue, Jan 3 5:14 PM"
"UA-248-PHX-ORD2012-01-03","ActualArrivalTime","Tue, Jan 3 5:14 PM"
"UA-248-PHX-ORD2012-01-03","ArrivalGate","C22"
"UA-248-PHX-ORD2012-01-03","ExpectedDepartureTime","Tue, Jan 3 12:59 PM"
"UA-248-PHX-ORD2012-01-03","ActualDepartureTime","Tue, Jan 3 12:57 PM"
"UA-248-PHX-ORD2012-01-03","DepartureGate","5"
"UA-248-PHX-ORD2012-01-03","ExpectedArrivalTime","Tue, Jan 3 5:14 PM"
"UA-248-PHX-ORD2012-01-03","ActualArrivalTime","Tue, Jan 3 5:10 PM"
"UA-248-PHX-ORD2012-01-03","ArrivalGate","B8"
"UA-397-JFK-SFO2012-01-03","ExpectedDepartureTime","Tue, Jan 3 8:00 AM"
"UA-397-JFK-SFO2012-01-03","ActualDepartureTime","Tue, Jan 3 7:57 AM"
"UA-397-JFK-SFO2012-01-03","DepartureGate","12"
"UA-397-JFK-SFO2012-01-03","ExpectedArrivalTime","Tue, Jan 3 11:45 AM"
"UA-397-JFK-SFO2012-01-03","ActualArrivalTime","Tue, Jan 3 11:08 AM"
"UA-397-JFK-SFO2012-01-03","ArrivalGate","98"
"UA-2704-DTW-PHX2012-01-03","ExpectedDepartureTime","Tue, Jan 3 11:15 AM"
"UA-2704-DTW-PHX2012-01-03","ActualDepartureTime","Tue, Jan 3 11:15 AM"
"UA-2704-DTW-PHX2012-01-03","DepartureGate","D14"
"UA-2704-DTW-PHX2012-01-03","ExpectedArrivalTime","Tue, Jan 3 1:40 PM"
"UA-2704-DTW-PHX2012-01-03","ActualArrivalTime","Tue, Jan 3 1:05 PM"
"UA-2704-DTW-PHX2012-01-03","ArrivalGate","A8"
"UA-2515-DFW-CLT2012-01-03","ExpectedDepartureTime","Tue, Jan 3 7:00 AM"
"UA-2515-DFW-CLT2012-01-03","DepartureGate","E35"
"UA-2515-DFW-CLT2012-01-03","ExpectedArrivalTime","Tue, Jan 3 10:26 AM"
"UA-2515-DFW-CLT2012-01-03","ArrivalGate","B10"
"UA-3373-IAD-PHL2012-01-03","ExpectedDepartureTime","Tue, Jan 3 8:23 AM"
"UA-3373-IAD-PHL2012-01-03","ActualDepartureTime","Tue, Jan 3 8:59 AM"
"UA-3373-IAD-PHL2012-01-03","DepartureGate","C20"
"UA-3373-IAD-PHL2012-01-03","ExpectedArrivalTime","Tue, Jan 3 9:20 AM"
"UA-3373-IAD-PHL2012-01-03","ActualArrivalTime","Tue, Jan 3 9:49 AM"
"UA-3373-IAD-PHL2012-01-03","ArrivalGate","D7"
"UA-2906-PHL-MCO2012-01-03","ExpectedDepartureTime","Tue, Jan 3 3:50 PM"
"UA-2906-PHL-MCO2012-01-03","ActualDepartureTime","Tue, Jan 3 4:01 PM            Delayed"
"UA-2906-PHL-MCO2012-01-03","DepartureGate","B13"
"UA-2906-PHL-MCO2012-01-03","ExpectedArrivalTime","Tue, Jan 3 6:23 PM"
"UA-2906-PHL-MCO2012-01-03","ActualArrivalTime","Tue, Jan 3 6:14 PM"
"UA-2906-PHL-MCO2012-01-03","ArrivalGate","58"
"UA-938-DEN-ORD2012-01-03","ExpectedDepartureTime","Tue, Jan 3 4:04 PM"
"UA-938-DEN-ORD2012-01-03","ActualDepartureTime","Tue, Jan 3 4:04 PM"
"UA-938-DEN-ORD2012-01-03","DepartureGate","B42"
"UA-938-DEN-ORD2012-01-03","ExpectedArrivalTime","Tue, Jan 3 7:38 PM"
"UA-938-DEN-ORD2012-01-03","ActualArrivalTime","Tue, Jan 3 7:11 PM"
"UA-938-DEN-ORD2012-01-03","ArrivalGate","C9"
"UA-3099-PHX-PHL2012-01-03","ExpectedDepartureTime","Tue, Jan 3 11:55 AM"
"UA-3099-PHX-PHL2012-01-03","ActualDepartureTime","Tue, Jan 3 12:12 PM"
"UA-3099-PHX-PHL2012-01-03","DepartureGate","A3"
"UA-3099-PHX-PHL2012-01-03","ExpectedArrivalTime","Tue, Jan 3 6:17 PM"
"UA-3099-PHX-PHL2012-01-03","ActualArrivalTime","Tue, Jan 3 6:34 PM"
"UA-3099-PHX-PHL2012-01-03","ArrivalGate","C27"
"UA-3925-IAD-ORF2012-01-03","ExpectedDepartureTime","Tue, Jan 3 8:42 AM"
"UA-3925-IAD-ORF2012-01-03","ActualDepartureTime","Tue, Jan 3 8:42 AM"
"UA-3925-IAD-ORF2012-01-03","DepartureGate","A2A"
"UA-3925-IAD-ORF2012-01-03","ExpectedArrivalTime","Tue, Jan 3 9:55 AM"
"UA-3925-IAD-ORF2012-01-03","ActualArrivalTime","Tue, Jan 3 9:40 AM"
"UA-5487-SFO-MRY2012-01-03","ExpectedDepartureTime","Tue, Jan 3 10:28 AM"
"UA-5487-SFO-MRY2012-01-03","ActualDepartureTime","Tue, Jan 3 10:22 AM"
"UA-5487-SFO-MRY2012-01-03","DepartureGate","78A"
"UA-5487-SFO-MRY2012-01-03","ExpectedArrivalTime","Tue, Jan 3 11:17 AM"
"UA-5487-SFO-MRY2012-01-03","ActualArrivalTime","Tue, Jan 3 11:13 AM"
"UA-3050-PHX-CLT2012-01-03","ExpectedDepartureTime","Tue, Jan 3 11:05 AM"
"UA-3050-PHX-CLT2012-01-03","ActualDepartureTime","Tue, Jan 3 11:05 AM"
"UA-3050-PHX-CLT2012-01-03","DepartureGate","A23"
"UA-3050-PHX-CLT2012-01-03","ExpectedArrivalTime","Tue, Jan 3 4:57 PM"
"UA-3050-PHX-CLT2012-01-03","ActualArrivalTime","Tue, Jan 3 5:10 PM"
"UA-3050-PHX-CLT2012-01-03","ArrivalGate","B6"
"UA-828-SFO-ORD2012-01-03","ExpectedDepartureTime","Tue, Jan 3 11:10 PM"
"UA-828-SFO-ORD2012-01-03","ActualDepartureTime","Tue, Jan 3 11:10 PM            On Time"
"UA-828-SFO-ORD2012-01-03","DepartureGate","86"
"UA-828-SFO-ORD2012-01-03","ExpectedArrivalTime","Wed, Jan 4 5:20 AM"
"UA-828-SFO-ORD2012-01-03","ActualArrivalTime","Wed, Jan 4 5:20 AM"
"UA-828-SFO-ORD2012-01-03","ArrivalGate","C26"
"UA-2830-MCO-CLT2012-01-03","ExpectedDepartureTime","Tue, Jan 3 3:27 PM"
"UA-2830-MCO-CLT2012-01-03","ActualDepartureTime","Tue, Jan 3 3:27 PM"
"UA-2830-MCO-CLT2012-01-03","DepartureGate","58"
"UA-2830-MCO-CLT2012-01-03","ExpectedArrivalTime","Tue, Jan 3 5:05 PM"
"UA-2830-MCO-CLT2012-01-03","ActualArrivalTime","Tue, Jan 3 5:04 PM"
"UA-2830-MCO-CLT2012-01-03","ArrivalGate","C15"
"UA-37-EWR-MCO2012-01-03","ExpectedDepartureTime","Tue, Jan 3 1:29 PM"
"UA-37-EWR-MCO2012-01-03","ActualDepartureTime","Tue, Jan 3 1:29 PM            On Time"
"UA-37-EWR-MCO2012-01-03","DepartureGate","C112"
"UA-37-EWR-MCO2012-01-03","ExpectedArrivalTime","Tue, Jan 3 4:22 PM"
"UA-37-EWR-MCO2012-01-03","ActualArrivalTime","Tue, Jan 3 3:55 PM"
"UA-37-EWR-MCO2012-01-03","ArrivalGate","39"
"UA-37-EDI-EWR2012-01-03","ExpectedDepartureTime","Tue, Jan 3 9:05 AM"
"UA-37-EDI-EWR2012-01-03","ActualDepartureTime","Tue, Jan 3 8:49 PM"
"UA-37-EDI-EWR2012-01-03","ExpectedArrivalTime","Tue, Jan 3 11:53 AM"
"UA-37-EDI-EWR2012-01-03","ActualArrivalTime","Tue, Jan 3 11:59 PM"
"UA-37-EDI-EWR2012-01-03","ArrivalGate","B56"
"UA-2708-EWR-CLT2012-01-03","ExpectedDepartureTime","Tue, Jan 3 2:55 PM"
"UA-2708-EWR-CLT2012-01-03","ActualDepartureTime","Tue, Jan 3 2:55 PM"
"UA-2708-EWR-CLT2012-01-03","DepartureGate","A37"
"UA-2708-EWR-CLT2012-01-03","ExpectedArrivalTime","Tue, Jan 3 4:53 PM"
"UA-2708-EWR-CLT2012-01-03","ActualArrivalTime","Tue, Jan 3 4:33 PM"
"UA-2708-EWR-CLT2012-01-03","ArrivalGate","B4"
"UA-233-LAX-JFK2012-01-03","ExpectedDepartureTime","Tue, Jan 3 4:40 PM"
"UA-233-LAX-JFK2012-01-03","ActualDepartureTime","Tue, Jan 3 4:40 PM"
"UA-233-LAX-JFK2012-01-03","DepartureGate","76"
"UA-233-LAX-JFK2012-01-03","ExpectedArrivalTime","Wed, Jan 4 12:59 AM"
"UA-233-LAX-JFK2012-01-03","ActualArrivalTime","Wed, Jan 4 12:59 AM"
"UA-233-LAX-JFK2012-01-03","ArrivalGate","7"
"UA-2726-FLL-PHL2012-01-03","ExpectedDepartureTime","Tue, Jan 3 4:00 PM"
"UA-2726-FLL-PHL2012-01-03","ActualDepartureTime","Tue, Jan 3 4:00 PM"
"UA-2726-FLL-PHL2012-01-03","DepartureGate","E3"
"UA-2726-FLL-PHL2012-01-03","ExpectedArrivalTime","Tue, Jan 3 6:46 PM"
"UA-2726-FLL-PHL2012-01-03","ActualArrivalTime","Tue, Jan 3 6:37 PM"
"UA-2726-FLL-PHL2012-01-03","ArrivalGate","A8"
"UA-2945-PHL-CLT2012-01-03","ExpectedDepartureTime","Tue, Jan 3 12:00 AM"
"UA-2945-PHL-CLT2012-01-03","ActualDepartureTime","Tue, Jan 3 2:12 AM"
"UA-2945-PHL-CLT2012-01-03","DepartureGate","C26"
"UA-2945-PHL-CLT2012-01-03","ExpectedArrivalTime","Tue, Jan 3 1:45 PM"
"UA-2945-PHL-CLT2012-01-03","ActualArrivalTime","Tue, Jan 3 1:23 PM"
"UA-2945-PHL-CLT2012-01-03","ArrivalGate","C17"
"UA-6273-YYC-SFO2012-01-03","ExpectedDepartureTime","Tue, Jan 3 7:35 AM"
"UA-6273-YYC-SFO2012-01-03","ActualDepartureTime","Tue, Jan 3 8:19 AM"
"UA-6273-YYC-SFO2012-01-03","ExpectedArrivalTime","Tue, Jan 3 9:43 AM"
"UA-6273-YYC-SFO2012-01-03","ActualArrivalTime","Tue, Jan 3 10:39 AM"
"UA-6273-YYC-SFO2012-01-03","ArrivalGate","70"
"UA-2314-ATL-PHL2012-01-03","ExpectedDepartureTime","Tue, Jan 3 2:55 PM"
"UA-2314-ATL-PHL2012-01-03","ActualDepartureTime","Tue, Jan 3 2:55 PM"
"UA-2314-ATL-PHL2012-01-03","DepartureGate","D23"
"UA-2314-ATL-PHL2012-01-03","ExpectedArrivalTime","Tue, Jan 3 5:00 PM"
"UA-2314-ATL-PHL2012-01-03","ActualArrivalTime","Tue, Jan 3 5:03 PM"
"UA-2314-ATL-PHL2012-01-03","ArrivalGate","A8"
"UA-382-IAD-LAX2012-01-03","ExpectedDepartureTime","Tue, Jan 3 12:34 PM"
"UA-382-IAD-LAX2012-01-03","ActualDepartureTime","Tue, Jan 3 12:31 PM            On Time"
"UA-382-IAD-LAX2012-01-03","DepartureGate","C19"
"UA-382-IAD-LAX2012-01-03","ExpectedArrivalTime","Tue, Jan 3 3:19 PM"
"UA-382-IAD-LAX2012-01-03","ActualArrivalTime","Tue, Jan 3 2:52 PM"
"UA-382-IAD-LAX2012-01-03","ArrivalGate","70B"
"UA-382-IAD-LAX2012-01-03","ExpectedDepartureTime","Tue, Jan 3 12:34 PM"
"UA-382-IAD-LAX2012-01-03","ActualDepartureTime","Tue, Jan 3 12:31 PM            On Time"
"UA-382-IAD-LAX2012-01-03","DepartureGate","C19"
"UA-382-IAD-LAX2012-01-03","ExpectedArrivalTime","Tue, Jan 3 3:19 PM"
"UA-382-IAD-LAX2012-01-03","ActualArrivalTime","Tue, Jan 3 2:50 PM"
"UA-382-IAD-LAX2012-01-03","ArrivalGate","70B"
"UA-858-PVG-SFO2012-01-03","ExpectedDepartureTime","Tue, Jan 3 1:45 PM"
"UA-858-PVG-SFO2012-01-03","ActualDepartureTime","Tue, Jan 3 1:32 PM"
"UA-858-PVG-SFO2012-01-03","DepartureGate","77"
"UA-858-PVG-SFO2012-01-03","ExpectedArrivalTime","Tue, Jan 3 8:35 AM"
"UA-858-PVG-SFO2012-01-03","ActualArrivalTime","Tue, Jan 3 8:08 AM"
"UA-858-PVG-SFO2012-01-03","ArrivalGate","100"
"UA-854-SFO-IAH2012-01-03","ExpectedDepartureTime","Tue, Jan 3 7:42 AM"
"UA-854-SFO-IAH2012-01-03","ActualDepartureTime","Tue, Jan 3 7:41 AM"
"UA-854-SFO-IAH2012-01-03","DepartureGate","100"
"UA-854-SFO-IAH2012-01-03","ExpectedArrivalTime","Tue, Jan 3 1:33 PM"
"UA-854-SFO-IAH2012-01-03","ActualArrivalTime","Tue, Jan 3 1:17 PM"
"UA-854-SFO-IAH2012-01-03","ArrivalGate","C16"
"CO-1586-IAH-MCO2012-01-03","ExpectedDepartureTime","Tue., Jan.03, 2012 7:15 p.m."
"CO-1586-IAH-MCO2012-01-03","ActualDepartureTime","Tue., Jan.03, 2012 7:23 p.m."
"CO-1586-IAH-MCO2012-01-03","ExpectedArrivalTime","Tue., Jan.03, 2012 10:27 p.m."
"CO-1586-IAH-MCO2012-01-03","ActualArrivalTime","Tue., Jan.03, 2012 10:54 p.m."
"CO-1694-LAX-IAH2012-01-03","ExpectedDepartureTime","Tue., Jan.03, 2012 6:18 p.m."
"CO-1694-LAX-IAH2012-01-03","ActualDepartureTime","Tue., Jan.03, 2012 6:18 p.m."
"CO-1694-LAX-IAH2012-01-03","ExpectedArrivalTime","Tue., Jan.03, 2012 11:21 p.m."
"CO-1694-LAX-IAH2012-01-03","ActualArrivalTime","Tue., Jan.03, 2012 11:21 p.m."
"CO-4888-IAH-DAL2012-01-03","ExpectedDepartureTime","Tue., Jan.03, 2012 9:00 a.m."
"CO-4888-IAH-DAL2012-01-03","ActualDepartureTime","Tue., Jan.03, 2012 9:06 a.m."
"CO-4888-IAH-DAL2012-01-03","ExpectedArrivalTime","Tue., Jan.03, 2012 10:10 a.m."
"CO-4888-IAH-DAL2012-01-03","ActualArrivalTime","Tue., Jan.03, 2012 10:09 a.m."
"CO-16-LAX-EWR2012-01-03","ExpectedDepartureTime","Tue., Jan.03, 2012 10:25 a.m."
"CO-16-LAX-EWR2012-01-03","ActualDepartureTime","Tue., Jan.03, 2012 10:34 a.m."
"CO-16-LAX-EWR2012-01-03","ExpectedArrivalTime","Tue., Jan.03, 2012 6:39 p.m."
"CO-16-LAX-EWR2012-01-03","ActualArrivalTime","Tue., Jan.03, 2012 6:52 p.m."
"CO-62-IAH-EWR2012-01-03","ExpectedDepartureTime","Tue., Jan.03, 2012 2:30 p.m."
"CO-62-IAH-EWR2012-01-03","ActualDepartureTime","Tue., Jan.03, 2012 3:18 p.m."
"CO-62-IAH-EWR2012-01-03","ExpectedArrivalTime","Tue., Jan.03, 2012 7:03 p.m."
"CO-62-IAH-EWR2012-01-03","ActualArrivalTime","Tue., Jan.03, 2012 8:09 p.m."
"CO-52-IAH-LAX2012-01-03","ExpectedDepartureTime","Tue., Jan.03, 2012 7:35 a.m."
"CO-52-IAH-LAX2012-01-03","ActualDepartureTime","Tue., Jan.03, 2012 7:44 a.m."
"CO-52-IAH-LAX2012-01-03","ExpectedArrivalTime","Tue., Jan.03, 2012 9:30 a.m."
"CO-52-IAH-LAX2012-01-03","ActualArrivalTime","Tue., Jan.03, 2012 9:26 a.m."
"CO-89-IAH-EWR2012-01-03","ExpectedDepartureTime","Tue., Jan.03, 2012 6:00 a.m."
"CO-89-IAH-EWR2012-01-03","ActualDepartureTime","Tue., Jan.03, 2012 6:00 a.m."
"CO-89-IAH-EWR2012-01-03","ExpectedArrivalTime","Tue., Jan.03, 2012 10:20 a.m."
"CO-89-IAH-EWR2012-01-03","ActualArrivalTime","Tue., Jan.03, 2012 10:28 a.m."
"CO-45-EWR-MIA2012-01-03","ExpectedDepartureTime","Tue., Jan.03, 2012 3:35 p.m."
"CO-45-EWR-MIA2012-01-03","ActualDepartureTime","Tue., Jan.03, 2012 4:03 p.m."
"CO-45-EWR-MIA2012-01-03","ExpectedArrivalTime","Tue., Jan.03, 2012 6:52 p.m."
"CO-45-EWR-MIA2012-01-03","ActualArrivalTime","Tue., Jan.03, 2012 6:41 p.m."
"CO-63-EWR-IAH2012-01-03","ExpectedDepartureTime","Tue., Jan.03, 2012 5:25 p.m."
"CO-63-EWR-IAH2012-01-03","ActualDepartureTime","Tue., Jan.03, 2012 5:30 p.m."
"CO-63-EWR-IAH2012-01-03","ExpectedArrivalTime","Tue., Jan.03, 2012 8:30 p.m."
"CO-63-EWR-IAH2012-01-03","ActualArrivalTime","Tue., Jan.03, 2012 7:56 p.m."
"CO-50-CLE-EWR2012-01-03","ExpectedDepartureTime","Tue., Jan.03, 2012 2:50 p.m."
"CO-50-CLE-EWR2012-01-03","ActualDepartureTime","Tue., Jan.03, 2012 2:48 p.m."
"CO-50-CLE-EWR2012-01-03","ExpectedArrivalTime","Tue., Jan.03, 2012 4:48 p.m."
"CO-50-CLE-EWR2012-01-03","ActualArrivalTime","Tue., Jan.03, 2012 4:47 p.m."
"CO-1561-PHX-IAH2012-01-03","ExpectedDepartureTime","Tue., Jan.03, 2012 8:30 a.m."
"CO-1561-PHX-IAH2012-01-03","ActualDepartureTime","Tue., Jan.03, 2012 8:31 a.m."
"CO-1561-PHX-IAH2012-01-03","ExpectedArrivalTime","Tue., Jan.03, 2012 12:02 p.m."
"CO-1561-PHX-IAH2012-01-03","ActualArrivalTime","Tue., Jan.03, 2012 11:59 a.m."
"CO-47-IAH-LAX2012-01-03","ExpectedDepartureTime","Tue., Jan.03, 2012 7:14 p.m."
"CO-47-IAH-LAX2012-01-03","ActualDepartureTime","Tue., Jan.03, 2012 7:22 p.m."
"CO-47-IAH-LAX2012-01-03","ExpectedArrivalTime","Tue., Jan.03, 2012 9:10 p.m."
"CO-47-IAH-LAX2012-01-03","ActualArrivalTime","Tue., Jan.03, 2012 8:55 p.m."
