"ObjectID","PropertyID","PropertyValue"
"AA-1221-MCO-ORD2011-12-28","ExpectedDepartureTime","December 28, 2011               08:00 PM    "
"AA-1221-MCO-ORD2011-12-28","ActualDepartureTime","December 28, 2011               07:54 PM    "
"AA-1221-MCO-ORD2011-12-28","DepartureGate"," 15"
"AA-1221-MCO-ORD2011-12-28","ExpectedArrivalTime","December 28, 2011               09:50 PM    "
"AA-1221-MCO-ORD2011-12-28","ActualArrivalTime","December 28, 2011               09:49 PM    "
"AA-1221-MCO-ORD2011-12-28","ArrivalGate"," K4    "
"AA-4307-ORD-DTW2011-12-28","ExpectedDepartureTime","December 28, 2011               06:45 PM    "
"AA-4307-ORD-DTW2011-12-28","ActualDepartureTime","December 28, 2011               06:56 PM    "
"AA-4307-ORD-DTW2011-12-28","DepartureGate"," G11"
"AA-4307-ORD-DTW2011-12-28","ExpectedArrivalTime","December 28, 2011               09:10 PM    "
"AA-4307-ORD-DTW2011-12-28","ActualArrivalTime","December 28, 2011               09:05 PM    "
"AA-4307-ORD-DTW2011-12-28","ArrivalGate"," D28    "
"AA-616-DFW-DTW2011-12-28","ExpectedDepartureTime","December 28, 2011               09:05 AM    "
"AA-616-DFW-DTW2011-12-28","ActualDepartureTime","December 28, 2011               09:14 AM    "
"AA-616-DFW-DTW2011-12-28","DepartureGate"," C16"
"AA-616-DFW-DTW2011-12-28","ExpectedArrivalTime","December 28, 2011               12:35 PM    "
"AA-616-DFW-DTW2011-12-28","ActualArrivalTime","December 28, 2011               12:47 PM    "
"AA-616-DFW-DTW2011-12-28","ArrivalGate"," D32    "
"AA-431-MIA-SFO2011-12-28","ExpectedDepartureTime","December 28, 2011               08:35 AM    "
"AA-431-MIA-SFO2011-12-28","ActualDepartureTime","December 28, 2011               08:35 AM    "
"AA-431-MIA-SFO2011-12-28","DepartureGate"," D1"
"AA-431-MIA-SFO2011-12-28","ExpectedArrivalTime","December 28, 2011               11:50 AM    "
"AA-431-MIA-SFO2011-12-28","ActualArrivalTime","December 28, 2011               11:36 AM    "
"AA-431-MIA-SFO2011-12-28","ArrivalGate"," 57    "
"AA-3756-ORD-SLC2011-12-28","ExpectedDepartureTime","December 28, 2011               12:15 PM    "
"AA-3756-ORD-SLC2011-12-28","ActualDepartureTime","December 28, 2011               12:10 PM    "
"AA-3756-ORD-SLC2011-12-28","DepartureGate"," G19"
"AA-3756-ORD-SLC2011-12-28","ExpectedArrivalTime","December 28, 2011               02:45 PM    "
"AA-3756-ORD-SLC2011-12-28","ActualArrivalTime","December 28, 2011               02:26 PM    "
"AA-3756-ORD-SLC2011-12-28","ArrivalGate"," A3    "
"AA-2050-ORD-MIA2011-12-28","ExpectedDepartureTime","December 28, 2011               10:40 AM    "
"AA-2050-ORD-MIA2011-12-28","ActualDepartureTime","December 28, 2011               10:40 AM    "
"AA-2050-ORD-MIA2011-12-28","DepartureGate"," L8"
"AA-2050-ORD-MIA2011-12-28","ExpectedArrivalTime","December 28, 2011               02:45 PM    "
"AA-2050-ORD-MIA2011-12-28","ActualArrivalTime","December 28, 2011               02:27 PM    "
"AA-2050-ORD-MIA2011-12-28","ArrivalGate"," D16    "
"AA-3804-PHL-ORD2011-12-28","ExpectedDepartureTime","December 28, 2011               02:35 PM    "
"AA-3804-PHL-ORD2011-12-28","ActualDepartureTime","December 28, 2011               02:31 PM    "
"AA-3804-PHL-ORD2011-12-28","DepartureGate"," A7"
"AA-3804-PHL-ORD2011-12-28","ExpectedArrivalTime","December 28, 2011               04:05 PM    "
"AA-3804-PHL-ORD2011-12-28","ActualArrivalTime","December 28, 2011               03:46 PM    "
"AA-3804-PHL-ORD2011-12-28","ArrivalGate"," G19    "
"AA-1664-MIA-ATL2011-12-28","ExpectedDepartureTime","December 28, 2011               10:15 AM    "
"AA-1664-MIA-ATL2011-12-28","ActualDepartureTime","December 28, 2011               10:32 AM    "
"AA-1664-MIA-ATL2011-12-28","DepartureGate"," D16"
"AA-1664-MIA-ATL2011-12-28","ExpectedArrivalTime","December 28, 2011               12:10 PM    "
"AA-1664-MIA-ATL2011-12-28","ActualArrivalTime","December 28, 2011               12:17 PM    "
"AA-1664-MIA-ATL2011-12-28","ArrivalGate"," T11    "
"AA-789-ORD-DEN2011-12-28","ExpectedDepartureTime","December 28, 2011               01:05 PM    "
"AA-789-ORD-DEN2011-12-28","ActualDepartureTime","December 28, 2011               01:04 PM    "
"AA-789-ORD-DEN2011-12-28","DepartureGate"," K9"
"AA-789-ORD-DEN2011-12-28","ExpectedArrivalTime","December 28, 2011               02:35 PM    "
"AA-789-ORD-DEN2011-12-28","ActualArrivalTime","December 28, 2011               02:30 PM    "
"AA-789-ORD-DEN2011-12-28","ArrivalGate"," A49    "
"AA-1733-ORD-PHX2011-12-28","ExpectedDepartureTime","December 28, 2011               07:45 PM    "
"AA-1733-ORD-PHX2011-12-28","ActualDepartureTime","December 28, 2011               07:43 PM    "
"AA-1733-ORD-PHX2011-12-28","DepartureGate"," H6"
"AA-1733-ORD-PHX2011-12-28","ExpectedArrivalTime","December 28, 2011               10:30 PM    "
"AA-1733-ORD-PHX2011-12-28","ActualArrivalTime","December 28, 2011     "
"AA-1733-ORD-PHX2011-12-28","ArrivalGate"," 6    "
"AA-1733-ORD-PHX2011-12-28","ExpectedDepartureTime","December 28, 2011               07:45 PM    "
"AA-1733-ORD-PHX2011-12-28","ActualDepartureTime","December 28, 2011               07:43 PM    "
"AA-1733-ORD-PHX2011-12-28","DepartureGate"," H6"
"AA-1733-ORD-PHX2011-12-28","ExpectedArrivalTime","December 28, 2011               10:30 PM    "
"AA-1733-ORD-PHX2011-12-28","ActualArrivalTime","December 28, 2011     "
"AA-1733-ORD-PHX2011-12-28","ArrivalGate"," 6    "
"AA-4277-CVG-JFK2011-12-28","ExpectedDepartureTime","December 28, 2011               12:10 PM    "
"AA-4277-CVG-JFK2011-12-28","ActualDepartureTime","December 28, 2011               12:03 PM    "
"AA-4277-CVG-JFK2011-12-28","DepartureGate"," 1"
"AA-4277-CVG-JFK2011-12-28","ExpectedArrivalTime","December 28, 2011               02:15 PM    "
"AA-4277-CVG-JFK2011-12-28","ActualArrivalTime","December 28, 2011               01:57 PM    "
"AA-4277-CVG-JFK2011-12-28","ArrivalGate"," 32H    "
"AA-2312-DFW-DTW2011-12-28","ExpectedDepartureTime","December 28, 2011               08:25 PM    "
"AA-2312-DFW-DTW2011-12-28","ActualDepartureTime","December 28, 2011     "
"AA-2312-DFW-DTW2011-12-28","DepartureGate"," A29"
"AA-2312-DFW-DTW2011-12-28","ExpectedArrivalTime","December 28, 2011               11:50 PM    "
"AA-2312-DFW-DTW2011-12-28","ActualArrivalTime","December 28, 2011     "
"AA-2312-DFW-DTW2011-12-28","ArrivalGate"," D32    "
"AA-85-JFK-SFO2011-12-28","ExpectedDepartureTime","December 28, 2011               03:05 PM    "
"AA-85-JFK-SFO2011-12-28","ActualDepartureTime","December 28, 2011               03:05 PM    "
"AA-85-JFK-SFO2011-12-28","DepartureGate"," 38"
"AA-85-JFK-SFO2011-12-28","ExpectedArrivalTime","December 28, 2011               06:30 PM    "
"AA-85-JFK-SFO2011-12-28","ActualArrivalTime","December 28, 2011               06:36 PM    "
"AA-85-JFK-SFO2011-12-28","ArrivalGate"," 58B    "
"AA-404-MIA-MCO2011-12-28","ExpectedDepartureTime","December 28, 2011               06:45 AM    "
"AA-404-MIA-MCO2011-12-28","ActualDepartureTime","December 28, 2011               06:40 AM    "
"AA-404-MIA-MCO2011-12-28","DepartureGate"," E5"
"AA-404-MIA-MCO2011-12-28","ExpectedArrivalTime","December 28, 2011               07:45 AM    "
"AA-404-MIA-MCO2011-12-28","ActualArrivalTime","December 28, 2011               07:39 AM    "
"AA-404-MIA-MCO2011-12-28","ArrivalGate"," 14    "
"AA-446-DFW-PHL2011-12-28","ExpectedDepartureTime","December 28, 2011               11:50 AM    "
"AA-446-DFW-PHL2011-12-28","ActualDepartureTime","December 28, 2011               11:49 AM    "
"AA-446-DFW-PHL2011-12-28","DepartureGate"," C29"
"AA-446-DFW-PHL2011-12-28","ExpectedArrivalTime","December 28, 2011               03:50 PM    "
"AA-446-DFW-PHL2011-12-28","ActualArrivalTime","December 28, 2011               03:42 PM    "
"AA-446-DFW-PHL2011-12-28","ArrivalGate"," A3    "
"AA-2268-PHX-ORD2011-12-28","ExpectedDepartureTime","December 28, 2011               07:15 AM    "
"AA-2268-PHX-ORD2011-12-28","ActualDepartureTime","December 28, 2011               07:12 AM    "
"AA-2268-PHX-ORD2011-12-28","DepartureGate"," 6"
"AA-2268-PHX-ORD2011-12-28","ExpectedArrivalTime","December 28, 2011               11:35 AM    "
"AA-2268-PHX-ORD2011-12-28","ActualArrivalTime","December 28, 2011               11:27 AM    "
"AA-2268-PHX-ORD2011-12-28","ArrivalGate"," H10    "
"AA-4344-ORD-DTW2011-12-28","ExpectedDepartureTime","December 28, 2011               11:45 AM    "
"AA-4344-ORD-DTW2011-12-28","ActualDepartureTime","December 28, 2011               11:44 AM    "
"AA-4344-ORD-DTW2011-12-28","DepartureGate"," H4"
"AA-4344-ORD-DTW2011-12-28","ExpectedArrivalTime","December 28, 2011               02:00 PM    "
"AA-4344-ORD-DTW2011-12-28","ActualArrivalTime","December 28, 2011               01:57 PM    "
"AA-4344-ORD-DTW2011-12-28","ArrivalGate"," D28    "
"AA-484-DFW-MIA2011-12-28","ExpectedDepartureTime","December 28, 2011               04:15 PM    "
"AA-484-DFW-MIA2011-12-28","ActualDepartureTime","December 28, 2011               04:34 PM    "
"AA-484-DFW-MIA2011-12-28","DepartureGate"," D29"
"AA-484-DFW-MIA2011-12-28","ExpectedArrivalTime","December 28, 2011               07:55 PM    "
"AA-484-DFW-MIA2011-12-28","ActualArrivalTime","December 28, 2011               08:09 PM    "
"AA-484-DFW-MIA2011-12-28","ArrivalGate"," D2    "
"AA-3979-CVG-ORD2011-12-28","ExpectedDepartureTime","December 28, 2011               07:30 AM    "
"AA-3979-CVG-ORD2011-12-28","ActualDepartureTime","December 28, 2011               07:22 AM    "
"AA-3979-CVG-ORD2011-12-28","DepartureGate"," 3"
"AA-3979-CVG-ORD2011-12-28","ExpectedArrivalTime","December 28, 2011               08:00 AM    "
"AA-3979-CVG-ORD2011-12-28","ActualArrivalTime","December 28, 2011               07:37 AM    "
"AA-3979-CVG-ORD2011-12-28","ArrivalGate"," G19    "
"AA-3063-SLC-LAX2011-12-28","ExpectedDepartureTime","December 28, 2011               08:20 PM    "
"AA-3063-SLC-LAX2011-12-28","ActualDepartureTime","December 28, 2011               08:09 PM    "
"AA-3063-SLC-LAX2011-12-28","DepartureGate"," A3"
"AA-3063-SLC-LAX2011-12-28","ExpectedArrivalTime","December 28, 2011               09:20 PM    "
"AA-3063-SLC-LAX2011-12-28","ActualArrivalTime","December 28, 2011     "
"AA-3063-SLC-LAX2011-12-28","ArrivalGate"," 44H    "
"AA-3859-IAH-ORD2011-12-28","ExpectedDepartureTime","December 28, 2011               07:10 AM    "
"AA-3859-IAH-ORD2011-12-28","ActualDepartureTime","December 28, 2011               07:27 AM    "
"AA-3859-IAH-ORD2011-12-28","DepartureGate"," A29"
"AA-3859-IAH-ORD2011-12-28","ExpectedArrivalTime","December 28, 2011               09:40 AM    "
"AA-3859-IAH-ORD2011-12-28","ActualArrivalTime","December 28, 2011               10:01 AM    "
"AA-3859-IAH-ORD2011-12-28","ArrivalGate"," H5    "
"AA-3842-MSP-ORD2011-12-28","ExpectedDepartureTime","December 28, 2011               06:00 AM    "
"AA-3842-MSP-ORD2011-12-28","ActualDepartureTime","December 28, 2011               06:05 AM    "
"AA-3842-MSP-ORD2011-12-28","DepartureGate"," E14"
"AA-3842-MSP-ORD2011-12-28","ExpectedArrivalTime","December 28, 2011               07:30 AM    "
"AA-3842-MSP-ORD2011-12-28","ActualArrivalTime","December 28, 2011               07:22 AM    "
"AA-3842-MSP-ORD2011-12-28","ArrivalGate"," H5    "
"AA-1544-SAN-ORD2011-12-28","ExpectedDepartureTime","December 28, 2011               11:25 AM    "
"AA-1544-SAN-ORD2011-12-28","ActualDepartureTime","December 28, 2011               11:20 AM    "
"AA-1544-SAN-ORD2011-12-28","DepartureGate"," 27"
"AA-1544-SAN-ORD2011-12-28","ExpectedArrivalTime","December 28, 2011               05:25 PM    "
"AA-1544-SAN-ORD2011-12-28","ActualArrivalTime","December 28, 2011               05:32 PM    "
"AA-1544-SAN-ORD2011-12-28","ArrivalGate"," H6    "
"AA-649-ORD-SNA2011-12-28","ExpectedDepartureTime","December 28, 2011               01:30 PM    "
"AA-649-ORD-SNA2011-12-28","ActualDepartureTime","December 28, 2011     "
"AA-649-ORD-SNA2011-12-28","DepartureGate"," K8"
"AA-649-ORD-SNA2011-12-28","ExpectedArrivalTime","December 28, 2011               03:50 PM    "
"AA-649-ORD-SNA2011-12-28","ActualArrivalTime","December 28, 2011     "
"AA-649-ORD-SNA2011-12-28","ArrivalGate"," 7    "
"AA-1640-MIA-MCO2011-12-28","ExpectedDepartureTime","December 28, 2011               06:30 PM    "
"AA-1640-MIA-MCO2011-12-28","ActualDepartureTime","December 28, 2011     "
"AA-1640-MIA-MCO2011-12-28","DepartureGate"," D2"
"AA-1640-MIA-MCO2011-12-28","ExpectedArrivalTime","December 28, 2011               07:25 PM    "
"AA-1640-MIA-MCO2011-12-28","ActualArrivalTime","December 28, 2011     "
"AA-1640-MIA-MCO2011-12-28","ArrivalGate"," 14    "
"AA-2525-DFW-MIA2011-12-28","ExpectedDepartureTime","December 28, 2011               07:25 AM    "
"AA-2525-DFW-MIA2011-12-28","ActualDepartureTime","December 28, 2011               07:25 AM    "
"AA-2525-DFW-MIA2011-12-28","DepartureGate"," D30"
"AA-2525-DFW-MIA2011-12-28","ExpectedArrivalTime","December 28, 2011               11:10 AM    "
"AA-2525-DFW-MIA2011-12-28","ActualArrivalTime","December 28, 2011               10:51 AM    "
"AA-2525-DFW-MIA2011-12-28","ArrivalGate"," D1    "
"AA-1279-DFW-PHX2011-12-28","ExpectedDepartureTime","December 28, 2011               01:00 PM    "
"AA-1279-DFW-PHX2011-12-28","ActualDepartureTime","December 28, 2011               01:04 PM    "
"AA-1279-DFW-PHX2011-12-28","DepartureGate"," C17"
"AA-1279-DFW-PHX2011-12-28","ExpectedArrivalTime","December 28, 2011               02:35 PM    "
"AA-1279-DFW-PHX2011-12-28","ActualArrivalTime","December 28, 2011               02:28 PM    "
"AA-1279-DFW-PHX2011-12-28","ArrivalGate"," 4    "
"AA-1522-SFO-ORD2011-12-28","ExpectedDepartureTime","December 28, 2011               11:55 PM    "
"AA-1522-SFO-ORD2011-12-28","ActualDepartureTime","December 28, 2011     "
"AA-1522-SFO-ORD2011-12-28","DepartureGate"," 57"
"AA-1522-SFO-ORD2011-12-28","ExpectedArrivalTime","December 29, 2011               05:50 AM    "
"AA-1522-SFO-ORD2011-12-28","ActualArrivalTime","December 29, 2011     "
"AA-1522-SFO-ORD2011-12-28","ArrivalGate"," H10    "
"AA-1434-DFW-MCO2011-12-28","ExpectedDepartureTime","December 28, 2011               07:15 AM    "
"AA-1434-DFW-MCO2011-12-28","ActualDepartureTime","December 28, 2011               07:40 AM    "
"AA-1434-DFW-MCO2011-12-28","DepartureGate"," C15"
"AA-1434-DFW-MCO2011-12-28","ExpectedArrivalTime","December 28, 2011               10:35 AM    "
"AA-1434-DFW-MCO2011-12-28","ActualArrivalTime","December 28, 2011               10:55 AM    "
"AA-1434-DFW-MCO2011-12-28","ArrivalGate"," 17    "
"AA-59-JFK-SFO2011-12-28","ExpectedDepartureTime","December 28, 2011               07:10 AM    "
"AA-59-JFK-SFO2011-12-28","ActualDepartureTime","December 28, 2011               07:07 AM    "
"AA-59-JFK-SFO2011-12-28","DepartureGate"," 47"
"AA-59-JFK-SFO2011-12-28","ExpectedArrivalTime","December 28, 2011               10:45 AM    "
"AA-59-JFK-SFO2011-12-28","ActualArrivalTime","December 28, 2011               10:25 AM    "
"AA-59-JFK-SFO2011-12-28","ArrivalGate"," 58B    "
"AA-415-BOS-ORD2011-12-28","ExpectedDepartureTime","December 28, 2011               08:35 AM    "
"AA-415-BOS-ORD2011-12-28","ActualDepartureTime","December 28, 2011               08:35 AM    "
"AA-415-BOS-ORD2011-12-28","DepartureGate"," B29"
"AA-415-BOS-ORD2011-12-28","ExpectedArrivalTime","December 28, 2011               10:40 AM    "
"AA-415-BOS-ORD2011-12-28","ActualArrivalTime","December 28, 2011               10:10 AM    "
"AA-415-BOS-ORD2011-12-28","ArrivalGate"," H15    "
"AA-222-LAX-BOS2011-12-28","ExpectedDepartureTime","December 28, 2011               07:10 AM    "
"AA-222-LAX-BOS2011-12-28","ActualDepartureTime","December 28, 2011               07:05 AM    "
"AA-222-LAX-BOS2011-12-28","DepartureGate"," 45"
"AA-222-LAX-BOS2011-12-28","ExpectedArrivalTime","December 28, 2011               03:30 PM    "
"AA-222-LAX-BOS2011-12-28","ActualArrivalTime","December 28, 2011               03:33 PM    "
"AA-222-LAX-BOS2011-12-28","ArrivalGate"," B28    "
"AA-3823-LAX-DEN2011-12-28","ExpectedDepartureTime","December 28, 2011               09:00 PM    "
"AA-3823-LAX-DEN2011-12-28","ActualDepartureTime","December 28, 2011     "
"AA-3823-LAX-DEN2011-12-28","DepartureGate"," 44J"
"AA-3823-LAX-DEN2011-12-28","ExpectedArrivalTime","December 29, 2011               12:15 AM    "
"AA-3823-LAX-DEN2011-12-28","ActualArrivalTime","December 29, 2011     "
"AA-3823-LAX-DEN2011-12-28","ArrivalGate"," A49    "
"AA-1165-JFK-MIA2011-12-28","ExpectedDepartureTime","December 28, 2011               06:59 AM    "
"AA-1165-JFK-MIA2011-12-28","ActualDepartureTime","December 28, 2011               06:55 AM    "
"AA-1165-JFK-MIA2011-12-28","DepartureGate"," 5"
"AA-1165-JFK-MIA2011-12-28","ExpectedArrivalTime","December 28, 2011               10:34 AM    "
"AA-1165-JFK-MIA2011-12-28","ActualArrivalTime","December 28, 2011               10:08 AM    "
"AA-1165-JFK-MIA2011-12-28","ArrivalGate"," D24    "
"AA-3786-IAH-ORD2011-12-28","ExpectedDepartureTime","December 28, 2011               04:00 PM    "
"AA-3786-IAH-ORD2011-12-28","ActualDepartureTime","December 28, 2011               03:54 PM    "
"AA-3786-IAH-ORD2011-12-28","DepartureGate"," A29"
"AA-3786-IAH-ORD2011-12-28","ExpectedArrivalTime","December 28, 2011               06:40 PM    "
"AA-3786-IAH-ORD2011-12-28","ActualArrivalTime","December 28, 2011               06:21 PM    "
"AA-3786-IAH-ORD2011-12-28","ArrivalGate"," G17    "
"AA-4330-CVG-ORD2011-12-28","ExpectedDepartureTime","December 28, 2011               03:35 PM    "
"AA-4330-CVG-ORD2011-12-28","ActualDepartureTime","December 28, 2011               03:28 PM    "
"AA-4330-CVG-ORD2011-12-28","DepartureGate"," 5"
"AA-4330-CVG-ORD2011-12-28","ExpectedArrivalTime","December 28, 2011               04:00 PM    "
"AA-4330-CVG-ORD2011-12-28","ActualArrivalTime","December 28, 2011               03:34 PM    "
"AA-4330-CVG-ORD2011-12-28","ArrivalGate"," G14    "
"AA-3468-CVG-MIA2011-12-28","ExpectedDepartureTime","December 28, 2011               07:00 AM    "
"AA-3468-CVG-MIA2011-12-28","ActualDepartureTime","December 28, 2011               06:59 AM    "
"AA-3468-CVG-MIA2011-12-28","DepartureGate"," 1"
"AA-3468-CVG-MIA2011-12-28","ExpectedArrivalTime","December 28, 2011               09:55 AM    "
"AA-3468-CVG-MIA2011-12-28","ActualArrivalTime","December 28, 2011               09:37 AM    "
"AA-3468-CVG-MIA2011-12-28","ArrivalGate"," D60D    "
"AA-204-LAX-MCO2011-12-28","ExpectedDepartureTime","December 28, 2011               11:25 PM    "
"AA-204-LAX-MCO2011-12-28","ActualDepartureTime","December 28, 2011     "
"AA-204-LAX-MCO2011-12-28","DepartureGate"," 40"
"AA-204-LAX-MCO2011-12-28","ExpectedArrivalTime","December 29, 2011               06:55 AM    "
"AA-204-LAX-MCO2011-12-28","ActualArrivalTime","December 29, 2011     "
"AA-204-LAX-MCO2011-12-28","ArrivalGate"," TBA    "
"AA-466-IAH-MIA2011-12-28","ExpectedDepartureTime","December 28, 2011               06:00 AM    "
"AA-466-IAH-MIA2011-12-28","ActualDepartureTime","December 28, 2011               06:15 AM    "
"AA-466-IAH-MIA2011-12-28","DepartureGate"," A27"
"AA-466-IAH-MIA2011-12-28","ExpectedArrivalTime","December 28, 2011               09:20 AM    "
"AA-466-IAH-MIA2011-12-28","ActualArrivalTime","December 28, 2011               09:27 AM    "
"AA-466-IAH-MIA2011-12-28","ArrivalGate"," D16    "
"AA-3-JFK-LAX2011-12-28","ExpectedDepartureTime","December 28, 2011               12:00 PM    "
"AA-3-JFK-LAX2011-12-28","ActualDepartureTime","December 28, 2011               11:55 AM    "
"AA-3-JFK-LAX2011-12-28","DepartureGate"," 44"
"AA-3-JFK-LAX2011-12-28","ExpectedArrivalTime","December 28, 2011               03:15 PM    "
"AA-3-JFK-LAX2011-12-28","ActualArrivalTime","December 28, 2011               02:34 PM    "
"AA-3-JFK-LAX2011-12-28","ArrivalGate"," 46A    "
"AA-1007-MIA-PHX2011-12-28","ExpectedDepartureTime","December 28, 2011               04:55 PM    "
"AA-1007-MIA-PHX2011-12-28","ActualDepartureTime","December 28, 2011               04:53 PM    "
"AA-1007-MIA-PHX2011-12-28","DepartureGate"," D20"
"AA-1007-MIA-PHX2011-12-28","ExpectedArrivalTime","December 28, 2011               08:05 PM    "
"AA-1007-MIA-PHX2011-12-28","ActualArrivalTime","December 28, 2011               07:42 PM    "
"AA-1007-MIA-PHX2011-12-28","ArrivalGate"," 6    "
"AA-271-MIA-LAX2011-12-28","ExpectedDepartureTime","December 28, 2011               11:35 AM    "
"AA-271-MIA-LAX2011-12-28","ActualDepartureTime","December 28, 2011               11:33 AM    "
"AA-271-MIA-LAX2011-12-28","DepartureGate"," D41"
"AA-271-MIA-LAX2011-12-28","ExpectedArrivalTime","December 28, 2011               02:25 PM    "
"AA-271-MIA-LAX2011-12-28","ActualArrivalTime","December 28, 2011               02:09 PM    "
"AA-271-MIA-LAX2011-12-28","ArrivalGate"," 46B    "
"AA-643-MIA-ORD2011-12-28","ExpectedDepartureTime","December 28, 2011               07:10 AM    "
"AA-643-MIA-ORD2011-12-28","ActualDepartureTime","December 28, 2011               07:16 AM    "
"AA-643-MIA-ORD2011-12-28","DepartureGate"," D16"
"AA-643-MIA-ORD2011-12-28","ExpectedArrivalTime","December 28, 2011               09:35 AM    "
"AA-643-MIA-ORD2011-12-28","ActualArrivalTime","December 28, 2011               09:17 AM    "
"AA-643-MIA-ORD2011-12-28","ArrivalGate"," L8    "
"AA-4198-ORD-CLE2011-12-28","ExpectedDepartureTime","December 28, 2011               10:40 AM    "
"AA-4198-ORD-CLE2011-12-28","ActualDepartureTime","December 28, 2011               10:40 AM    "
"AA-4198-ORD-CLE2011-12-28","DepartureGate"," H4"
"AA-4198-ORD-CLE2011-12-28","ExpectedArrivalTime","December 28, 2011               12:55 PM    "
"AA-4198-ORD-CLE2011-12-28","ActualArrivalTime","December 28, 2011               12:48 PM    "
"AA-4198-ORD-CLE2011-12-28","ArrivalGate"," A1    "
"AA-400-DFW-JFK2011-12-28","ExpectedDepartureTime","December 28, 2011               10:40 AM    "
"AA-400-DFW-JFK2011-12-28","ActualDepartureTime","December 28, 2011               10:42 AM    "
"AA-400-DFW-JFK2011-12-28","DepartureGate"," D29"
"AA-400-DFW-JFK2011-12-28","ExpectedArrivalTime","December 28, 2011               02:59 PM    "
"AA-400-DFW-JFK2011-12-28","ActualArrivalTime","December 28, 2011               03:07 PM    "
"AA-400-DFW-JFK2011-12-28","ArrivalGate"," 1    "
"AA-1886-BOS-MIA2011-12-28","ExpectedDepartureTime","December 28, 2011               10:45 AM    "
"AA-1886-BOS-MIA2011-12-28","ActualDepartureTime","December 28, 2011               10:42 AM    "
"AA-1886-BOS-MIA2011-12-28","DepartureGate"," B32"
"AA-1886-BOS-MIA2011-12-28","ExpectedArrivalTime","December 28, 2011               02:20 PM    "
"AA-1886-BOS-MIA2011-12-28","ActualArrivalTime","December 28, 2011               02:01 PM    "
"AA-1886-BOS-MIA2011-12-28","ArrivalGate"," D11    "
"AA-1917-JFK-MCO2011-12-28","ExpectedDepartureTime","December 28, 2011               02:55 PM    "
"AA-1917-JFK-MCO2011-12-28","ActualDepartureTime","December 28, 2011               02:58 PM    "
"AA-1917-JFK-MCO2011-12-28","DepartureGate"," 8"
"AA-1917-JFK-MCO2011-12-28","ExpectedArrivalTime","December 28, 2011               05:55 PM    "
"AA-1917-JFK-MCO2011-12-28","ActualArrivalTime","December 28, 2011               06:07 PM    "
"AA-1917-JFK-MCO2011-12-28","ArrivalGate"," 16    "
"AA-3809-PHX-LAX2011-12-28","ExpectedDepartureTime","December 28, 2011               06:00 AM    "
"AA-3809-PHX-LAX2011-12-28","ActualDepartureTime","December 28, 2011               06:01 AM    "
"AA-3809-PHX-LAX2011-12-28","DepartureGate"," 2"
"AA-3809-PHX-LAX2011-12-28","ExpectedArrivalTime","December 28, 2011               06:40 AM    "
"AA-3809-PHX-LAX2011-12-28","ActualArrivalTime","December 28, 2011               06:27 AM    "
"AA-3809-PHX-LAX2011-12-28","ArrivalGate"," 44J    "
"AA-2957-DFW-CVG2011-12-28","ExpectedDepartureTime","December 28, 2011               07:55 AM    "
"AA-2957-DFW-CVG2011-12-28","ActualDepartureTime","December 28, 2011               07:51 AM    "
"AA-2957-DFW-CVG2011-12-28","DepartureGate"," B10B"
"AA-2957-DFW-CVG2011-12-28","ExpectedArrivalTime","December 28, 2011               11:05 AM    "
"AA-2957-DFW-CVG2011-12-28","ActualArrivalTime","December 28, 2011               10:55 AM    "
"AA-2957-DFW-CVG2011-12-28","ArrivalGate"," 3    "
"UA-1500-IAH-GUA2011-12-28","ExpectedDepartureTime","Wed, Dec 28 8:50 AM"
"UA-1500-IAH-GUA2011-12-28","ActualDepartureTime","Wed, Dec 28 8:50 AM            On Time"
"UA-1500-IAH-GUA2011-12-28","DepartureGate","E16"
"UA-1500-IAH-GUA2011-12-28","ExpectedArrivalTime","Wed, Dec 28 11:43 AM"
"UA-1500-IAH-GUA2011-12-28","ActualArrivalTime","Wed, Dec 28 11:20 AM"
"UA-3515-IAD-MSP2011-12-28","ExpectedDepartureTime","Wed, Dec 28 8:19 AM"
"UA-3515-IAD-MSP2011-12-28","ActualDepartureTime","Wed, Dec 28 8:18 AM"
"UA-3515-IAD-MSP2011-12-28","DepartureGate","D16"
"UA-3515-IAD-MSP2011-12-28","ExpectedArrivalTime","Wed, Dec 28 10:09 AM"
"UA-3515-IAD-MSP2011-12-28","ActualArrivalTime","Wed, Dec 28 10:04 AM"
"UA-3515-IAD-MSP2011-12-28","ArrivalGate","E8"
"UA-664-ORD-PHL2011-12-28","ExpectedDepartureTime","Wed, Dec 28 1:35 PM"
"UA-664-ORD-PHL2011-12-28","ActualDepartureTime","Wed, Dec 28 1:31 PM            On Time"
"UA-664-ORD-PHL2011-12-28","DepartureGate","B6"
"UA-664-ORD-PHL2011-12-28","ExpectedArrivalTime","Wed, Dec 28 4:38 PM"
"UA-664-ORD-PHL2011-12-28","ActualArrivalTime","Wed, Dec 28 4:21 PM"
"UA-664-ORD-PHL2011-12-28","ArrivalGate","D9"
"UA-414-LAX-SFO2011-12-28","ExpectedDepartureTime","Wed, Dec 28 6:00 AM"
"UA-414-LAX-SFO2011-12-28","ActualDepartureTime","Wed, Dec 28 5:54 AM"
"UA-414-LAX-SFO2011-12-28","DepartureGate","83"
"UA-414-LAX-SFO2011-12-28","ExpectedArrivalTime","Wed, Dec 28 7:26 AM"
"UA-414-LAX-SFO2011-12-28","ActualArrivalTime","Wed, Dec 28 7:09 AM"
"UA-414-LAX-SFO2011-12-28","ArrivalGate","75"
"UA-257-JFK-SFO2011-12-28","ExpectedDepartureTime","Wed, Dec 28 2:30 PM"
"UA-257-JFK-SFO2011-12-28","ActualDepartureTime","Wed, Dec 28 2:24 PM"
"UA-257-JFK-SFO2011-12-28","DepartureGate","10"
"UA-257-JFK-SFO2011-12-28","ExpectedArrivalTime","Wed, Dec 28 6:14 PM"
"UA-257-JFK-SFO2011-12-28","ActualArrivalTime","Wed, Dec 28 5:49 PM"
"UA-257-JFK-SFO2011-12-28","ArrivalGate","80"
"UA-62-IAH-EWR2011-12-28","ExpectedDepartureTime","Wed, Dec 28 2:30 PM"
"UA-62-IAH-EWR2011-12-28","ActualDepartureTime","Wed, Dec 28 2:26 PM"
"UA-62-IAH-EWR2011-12-28","DepartureGate","C-37"
"UA-62-IAH-EWR2011-12-28","ExpectedArrivalTime","Wed, Dec 28 7:03 PM"
"UA-62-IAH-EWR2011-12-28","ActualArrivalTime","Wed, Dec 28 7:05 PM"
"UA-62-IAH-EWR2011-12-28","ArrivalGate","C104"
"UA-843-LAX-ORD2011-12-28","ExpectedDepartureTime","Wed, Dec 28 2:10 PM"
"UA-843-LAX-ORD2011-12-28","ActualDepartureTime","Wed, Dec 28 2:22 PM"
"UA-843-LAX-ORD2011-12-28","DepartureGate","75B"
"UA-843-LAX-ORD2011-12-28","ExpectedArrivalTime","Wed, Dec 28 8:12 PM"
"UA-843-LAX-ORD2011-12-28","ActualArrivalTime","Wed, Dec 28 8:22 PM"
"UA-843-LAX-ORD2011-12-28","ArrivalGate","C20"
"UA-248-PHX-ORD2011-12-28","ExpectedDepartureTime","Wed, Dec 28 12:52 PM"
"UA-248-PHX-ORD2011-12-28","ActualDepartureTime","Wed, Dec 28 12:52 PM            On Time"
"UA-248-PHX-ORD2011-12-28","DepartureGate","3"
"UA-248-PHX-ORD2011-12-28","ExpectedArrivalTime","Wed, Dec 28 5:13 PM"
"UA-248-PHX-ORD2011-12-28","ActualArrivalTime","Wed, Dec 28 5:13 PM"
"UA-248-PHX-ORD2011-12-28","ArrivalGate","B14"
"UA-248-PHX-ORD2011-12-28","ExpectedDepartureTime","Wed, Dec 28 12:52 PM"
"UA-248-PHX-ORD2011-12-28","ActualDepartureTime","Wed, Dec 28 3:20 PM            Delayed"
"UA-248-PHX-ORD2011-12-28","DepartureGate","3"
"UA-248-PHX-ORD2011-12-28","ExpectedArrivalTime","Wed, Dec 28 5:13 PM"
"UA-248-PHX-ORD2011-12-28","ActualArrivalTime","Wed, Dec 28 7:43 PM"
"UA-248-PHX-ORD2011-12-28","ArrivalGate","C31"
"UA-397-JFK-SFO2011-12-28","ExpectedDepartureTime","Wed, Dec 28 8:25 AM"
"UA-397-JFK-SFO2011-12-28","ActualDepartureTime","Wed, Dec 28 8:20 AM"
"UA-397-JFK-SFO2011-12-28","DepartureGate","8"
"UA-397-JFK-SFO2011-12-28","ExpectedArrivalTime","Wed, Dec 28 12:14 PM"
"UA-397-JFK-SFO2011-12-28","ActualArrivalTime","Wed, Dec 28 11:19 AM"
"UA-397-JFK-SFO2011-12-28","ArrivalGate","85"
"UA-2704-DTW-PHX2011-12-28","ExpectedDepartureTime","Wed, Dec 28 11:15 AM"
"UA-2704-DTW-PHX2011-12-28","ActualDepartureTime","Wed, Dec 28 11:15 AM"
"UA-2704-DTW-PHX2011-12-28","DepartureGate","D14"
"UA-2704-DTW-PHX2011-12-28","ExpectedArrivalTime","Wed, Dec 28 1:40 PM"
"UA-2704-DTW-PHX2011-12-28","ActualArrivalTime","Wed, Dec 28 1:11 PM"
"UA-2704-DTW-PHX2011-12-28","ArrivalGate","A8"
"UA-2515-DFW-CLT2011-12-28","ExpectedDepartureTime","Wed, Dec 28 7:00 AM"
"UA-2515-DFW-CLT2011-12-28","ActualDepartureTime","Wed, Dec 28 7:00 AM"
"UA-2515-DFW-CLT2011-12-28","DepartureGate","E36"
"UA-2515-DFW-CLT2011-12-28","ExpectedArrivalTime","Wed, Dec 28 10:26 AM"
"UA-2515-DFW-CLT2011-12-28","ActualArrivalTime","Wed, Dec 28 10:56 AM"
"UA-2515-DFW-CLT2011-12-28","ArrivalGate","B10"
"UA-3373-IAD-PHL2011-12-28","ExpectedDepartureTime","Wed, Dec 28 8:30 AM"
"UA-3373-IAD-PHL2011-12-28","ActualDepartureTime","Wed, Dec 28 8:28 AM"
"UA-3373-IAD-PHL2011-12-28","DepartureGate","A5D"
"UA-3373-IAD-PHL2011-12-28","ExpectedArrivalTime","Wed, Dec 28 9:25 AM"
"UA-3373-IAD-PHL2011-12-28","ActualArrivalTime","Wed, Dec 28 9:46 AM"
"UA-3373-IAD-PHL2011-12-28","ArrivalGate","D7"
"UA-2906-PHL-MCO2011-12-28","ExpectedDepartureTime","Wed, Dec 28 3:50 PM"
"UA-2906-PHL-MCO2011-12-28","ActualDepartureTime","Wed, Dec 28 3:50 PM            Delayed"
"UA-2906-PHL-MCO2011-12-28","DepartureGate","B13"
"UA-2906-PHL-MCO2011-12-28","ExpectedArrivalTime","Wed, Dec 28 6:23 PM"
"UA-2906-PHL-MCO2011-12-28","ActualArrivalTime","Wed, Dec 28 6:16 PM"
"UA-2906-PHL-MCO2011-12-28","ArrivalGate","58"
"UA-938-DEN-ORD2011-12-28","ExpectedDepartureTime","Wed, Dec 28 3:54 PM"
"UA-938-DEN-ORD2011-12-28","ActualDepartureTime","Wed, Dec 28 3:50 PM"
"UA-938-DEN-ORD2011-12-28","DepartureGate","B45"
"UA-938-DEN-ORD2011-12-28","ExpectedArrivalTime","Wed, Dec 28 7:17 PM"
"UA-938-DEN-ORD2011-12-28","ActualArrivalTime","Wed, Dec 28 7:00 PM"
"UA-938-DEN-ORD2011-12-28","ArrivalGate","C18"
"UA-3099-PHX-PHL2011-12-28","ExpectedDepartureTime","Wed, Dec 28 11:55 AM"
"UA-3099-PHX-PHL2011-12-28","ActualDepartureTime","Wed, Dec 28 11:55 AM"
"UA-3099-PHX-PHL2011-12-28","DepartureGate","A11"
"UA-3099-PHX-PHL2011-12-28","ExpectedArrivalTime","Wed, Dec 28 6:17 PM"
"UA-3099-PHX-PHL2011-12-28","ActualArrivalTime","Wed, Dec 28 6:29 PM"
"UA-3099-PHX-PHL2011-12-28","ArrivalGate","C28"
"UA-3925-IAD-ORF2011-12-28","ExpectedDepartureTime","Wed, Dec 28 8:42 AM"
"UA-3925-IAD-ORF2011-12-28","ActualDepartureTime","Wed, Dec 28 8:36 AM"
"UA-3925-IAD-ORF2011-12-28","DepartureGate","A2A"
"UA-3925-IAD-ORF2011-12-28","ExpectedArrivalTime","Wed, Dec 28 9:55 AM"
"UA-3925-IAD-ORF2011-12-28","ActualArrivalTime","Wed, Dec 28 9:35 AM"
"UA-5487-SFO-MRY2011-12-28","ExpectedDepartureTime","Wed, Dec 28 10:37 AM"
"UA-5487-SFO-MRY2011-12-28","ActualDepartureTime","Wed, Dec 28 10:34 AM"
"UA-5487-SFO-MRY2011-12-28","DepartureGate","78B"
"UA-5487-SFO-MRY2011-12-28","ExpectedArrivalTime","Wed, Dec 28 11:24 AM"
"UA-5487-SFO-MRY2011-12-28","ActualArrivalTime","Wed, Dec 28 11:18 AM"
"UA-3050-PHX-CLT2011-12-28","ExpectedDepartureTime","Wed, Dec 28 11:05 AM"
"UA-3050-PHX-CLT2011-12-28","ActualDepartureTime","Wed, Dec 28 11:05 AM"
"UA-3050-PHX-CLT2011-12-28","DepartureGate","A18"
"UA-3050-PHX-CLT2011-12-28","ExpectedArrivalTime","Wed, Dec 28 4:57 PM"
"UA-3050-PHX-CLT2011-12-28","ActualArrivalTime","Wed, Dec 28 5:04 PM"
"UA-3050-PHX-CLT2011-12-28","ArrivalGate","B6"
"UA-828-SFO-ORD2011-12-28","ExpectedDepartureTime","Wed, Dec 28 11:13 PM"
"UA-828-SFO-ORD2011-12-28","ActualDepartureTime","Wed, Dec 28 11:13 PM            On Time"
"UA-828-SFO-ORD2011-12-28","DepartureGate","84"
"UA-828-SFO-ORD2011-12-28","ExpectedArrivalTime","Thu, Dec 29 5:15 AM"
"UA-828-SFO-ORD2011-12-28","ActualArrivalTime","Thu, Dec 29 5:15 AM"
"UA-828-SFO-ORD2011-12-28","ArrivalGate","C23"
"UA-2830-MCO-CLT2011-12-28","ExpectedDepartureTime","Wed, Dec 28 3:27 PM"
"UA-2830-MCO-CLT2011-12-28","ActualDepartureTime","Wed, Dec 28 3:27 PM"
"UA-2830-MCO-CLT2011-12-28","DepartureGate","58"
"UA-2830-MCO-CLT2011-12-28","ExpectedArrivalTime","Wed, Dec 28 5:05 PM"
"UA-2830-MCO-CLT2011-12-28","ActualArrivalTime","Wed, Dec 28 5:02 PM"
"UA-2830-MCO-CLT2011-12-28","ArrivalGate","B8"
"UA-37-EWR-MCO2011-12-28","ExpectedDepartureTime","Wed, Dec 28 1:29 PM"
"UA-37-EWR-MCO2011-12-28","ActualDepartureTime","Wed, Dec 28 1:30 PM            Delayed"
"UA-37-EWR-MCO2011-12-28","DepartureGate","C82"
"UA-37-EWR-MCO2011-12-28","ExpectedArrivalTime","Wed, Dec 28 4:22 PM"
"UA-37-EWR-MCO2011-12-28","ActualArrivalTime","Wed, Dec 28 4:18 PM"
"UA-37-EWR-MCO2011-12-28","ArrivalGate","39"
"UA-37-EDI-EWR2011-12-28","ExpectedDepartureTime","Wed, Dec 28 9:05 AM"
"UA-37-EDI-EWR2011-12-28","ActualDepartureTime","Wed, Dec 28 9:31 AM"
"UA-37-EDI-EWR2011-12-28","ExpectedArrivalTime","Wed, Dec 28 11:53 AM"
"UA-37-EDI-EWR2011-12-28","ActualArrivalTime","Wed, Dec 28 12:36 PM"
"UA-37-EDI-EWR2011-12-28","ArrivalGate","B61"
"UA-2708-EWR-CLT2011-12-28","ExpectedDepartureTime","Wed, Dec 28 2:55 PM"
"UA-2708-EWR-CLT2011-12-28","ActualDepartureTime","Wed, Dec 28 2:55 PM"
"UA-2708-EWR-CLT2011-12-28","DepartureGate","A37"
"UA-2708-EWR-CLT2011-12-28","ExpectedArrivalTime","Wed, Dec 28 4:53 PM"
"UA-2708-EWR-CLT2011-12-28","ActualArrivalTime","Wed, Dec 28 4:36 PM"
"UA-2708-EWR-CLT2011-12-28","ArrivalGate","C13"
"UA-233-LAX-JFK2011-12-28","ExpectedDepartureTime","Wed, Dec 28 4:25 PM"
"UA-233-LAX-JFK2011-12-28","ActualDepartureTime","Wed, Dec 28 4:25 PM"
"UA-233-LAX-JFK2011-12-28","DepartureGate","73"
"UA-233-LAX-JFK2011-12-28","ExpectedArrivalTime","Thu, Dec 29 12:44 AM"
"UA-233-LAX-JFK2011-12-28","ActualArrivalTime","Thu, Dec 29 12:44 AM"
"UA-233-LAX-JFK2011-12-28","ArrivalGate","8"
"UA-2726-FLL-PHL2011-12-28","ExpectedDepartureTime","Wed, Dec 28 4:00 PM"
"UA-2726-FLL-PHL2011-12-28","ActualDepartureTime","Wed, Dec 28 4:00 PM"
"UA-2726-FLL-PHL2011-12-28","DepartureGate","E3"
"UA-2726-FLL-PHL2011-12-28","ExpectedArrivalTime","Wed, Dec 28 6:46 PM"
"UA-2726-FLL-PHL2011-12-28","ActualArrivalTime","Wed, Dec 28 6:39 PM"
"UA-2726-FLL-PHL2011-12-28","ArrivalGate","C20"
"UA-2945-PHL-CLT2011-12-28","ExpectedDepartureTime","Wed, Dec 28 12:00 AM"
"UA-2945-PHL-CLT2011-12-28","ActualDepartureTime","Wed, Dec 28 10:11 AM"
"UA-2945-PHL-CLT2011-12-28","DepartureGate","C21"
"UA-2945-PHL-CLT2011-12-28","ExpectedArrivalTime","Wed, Dec 28 1:45 PM"
"UA-2945-PHL-CLT2011-12-28","ActualArrivalTime","Wed, Dec 28 1:31 PM"
"UA-2945-PHL-CLT2011-12-28","ArrivalGate","C17"
"UA-6273-YYC-SFO2011-12-28","ExpectedDepartureTime","Wed, Dec 28 7:45 AM"
"UA-6273-YYC-SFO2011-12-28","ActualDepartureTime","Wed, Dec 28 7:44 AM"
"UA-6273-YYC-SFO2011-12-28","ExpectedArrivalTime","Wed, Dec 28 9:53 AM"
"UA-6273-YYC-SFO2011-12-28","ActualArrivalTime","Wed, Dec 28 9:46 AM"
"UA-6273-YYC-SFO2011-12-28","ArrivalGate","77A"
"UA-2314-ATL-PHL2011-12-28","ExpectedDepartureTime","Wed, Dec 28 2:55 PM"
"UA-2314-ATL-PHL2011-12-28","ActualDepartureTime","Wed, Dec 28 2:55 PM"
"UA-2314-ATL-PHL2011-12-28","DepartureGate","D23"
"UA-2314-ATL-PHL2011-12-28","ExpectedArrivalTime","Wed, Dec 28 5:00 PM"
"UA-2314-ATL-PHL2011-12-28","ActualArrivalTime","Wed, Dec 28 4:50 PM"
"UA-2314-ATL-PHL2011-12-28","ArrivalGate","B16"
"UA-382-IAD-LAX2011-12-28","ExpectedDepartureTime","Wed, Dec 28 12:20 PM"
"UA-382-IAD-LAX2011-12-28","ActualDepartureTime","Wed, Dec 28 12:32 PM            Delayed"
"UA-382-IAD-LAX2011-12-28","DepartureGate","C27"
"UA-382-IAD-LAX2011-12-28","ExpectedArrivalTime","Wed, Dec 28 3:08 PM"
"UA-382-IAD-LAX2011-12-28","ActualArrivalTime","Wed, Dec 28 2:47 PM"
"UA-382-IAD-LAX2011-12-28","ArrivalGate","70A"
"UA-382-IAD-LAX2011-12-28","ExpectedDepartureTime","Wed, Dec 28 12:20 PM"
"UA-382-IAD-LAX2011-12-28","ActualDepartureTime","Wed, Dec 28 12:32 PM            Delayed"
"UA-382-IAD-LAX2011-12-28","DepartureGate","C27"
"UA-382-IAD-LAX2011-12-28","ExpectedArrivalTime","Wed, Dec 28 3:08 PM"
"UA-382-IAD-LAX2011-12-28","ActualArrivalTime","Wed, Dec 28 2:53 PM"
"UA-382-IAD-LAX2011-12-28","ArrivalGate","70A"
"UA-858-PVG-SFO2011-12-28","ExpectedDepartureTime","Wed, Dec 28 1:45 PM"
"UA-858-PVG-SFO2011-12-28","ActualDepartureTime","Wed, Dec 28 1:48 PM"
"UA-858-PVG-SFO2011-12-28","DepartureGate","73"
"UA-858-PVG-SFO2011-12-28","ExpectedArrivalTime","Wed, Dec 28 8:27 AM"
"UA-858-PVG-SFO2011-12-28","ActualArrivalTime","Wed, Dec 28 7:44 AM"
"UA-858-PVG-SFO2011-12-28","ArrivalGate","99"
"UA-854-SFO-IAH2011-12-28","ExpectedDepartureTime","Wed, Dec 28 7:35 AM"
"UA-854-SFO-IAH2011-12-28","ActualDepartureTime","Wed, Dec 28 7:33 AM"
"UA-854-SFO-IAH2011-12-28","DepartureGate","96"
"UA-854-SFO-IAH2011-12-28","ExpectedArrivalTime","Wed, Dec 28 1:30 PM"
"UA-854-SFO-IAH2011-12-28","ActualArrivalTime","Wed, Dec 28 1:13 PM"
"CO-1586-IAH-MCO2011-12-28","ExpectedDepartureTime","Wed., Dec.28, 2011 7:00 p.m."
"CO-1586-IAH-MCO2011-12-28","ActualDepartureTime","Wed., Dec.28, 2011 6:58 p.m."
"CO-1586-IAH-MCO2011-12-28","ExpectedArrivalTime","Wed., Dec.28, 2011 10:12 p.m."
"CO-1586-IAH-MCO2011-12-28","ActualArrivalTime","Wed., Dec.28, 2011 10:01 p.m."
"CO-1694-LAX-IAH2011-12-28","ExpectedDepartureTime","Wed., Dec.28, 2011 7:41 p.m."
"CO-1694-LAX-IAH2011-12-28","ActualDepartureTime","Wed., Dec.28, 2011 7:41 p.m."
"CO-1694-LAX-IAH2011-12-28","ExpectedArrivalTime","Wed., Dec.28, 2011 12:44 a.m."
"CO-1694-LAX-IAH2011-12-28","ActualArrivalTime","Wed., Dec.28, 2011 12:44 a.m."
"CO-1088-CLE-IAH2011-12-28","ExpectedDepartureTime","Wed., Dec.28, 2011 8:35 a.m."
"CO-1088-CLE-IAH2011-12-28","ActualDepartureTime","Wed., Dec.28, 2011 8:35 a.m."
"CO-1088-CLE-IAH2011-12-28","ExpectedArrivalTime","Wed., Dec.28, 2011 10:55 a.m."
"CO-1088-CLE-IAH2011-12-28","ActualArrivalTime","Wed., Dec.28, 2011 10:52 a.m."
"CO-16-LAX-EWR2011-12-28","ExpectedDepartureTime","Wed., Dec.28, 2011 10:25 a.m."
"CO-16-LAX-EWR2011-12-28","ActualDepartureTime","Wed., Dec.28, 2011 10:43 a.m."
"CO-16-LAX-EWR2011-12-28","ExpectedArrivalTime","Wed., Dec.28, 2011 6:39 p.m."
"CO-16-LAX-EWR2011-12-28","ActualArrivalTime","Wed., Dec.28, 2011 7:07 p.m."
"CO-58-DEN-IAH2011-12-28","ExpectedDepartureTime","Wed., Dec.28, 2011 11:30 a.m."
"CO-58-DEN-IAH2011-12-28","ActualDepartureTime","Wed., Dec.28, 2011 11:43 a.m."
"CO-58-DEN-IAH2011-12-28","ExpectedArrivalTime","Wed., Dec.28, 2011 2:56 p.m."
"CO-58-DEN-IAH2011-12-28","ActualArrivalTime","Wed., Dec.28, 2011 2:51 p.m."
"CO-1193-EWR-MCO2011-12-28","ExpectedDepartureTime","Wed., Dec.28, 2011 9:15 a.m."
"CO-1193-EWR-MCO2011-12-28","ActualDepartureTime","Wed., Dec.28, 2011 9:09 a.m."
"CO-1193-EWR-MCO2011-12-28","ExpectedArrivalTime","Wed., Dec.28, 2011 12:16 p.m."
"CO-1193-EWR-MCO2011-12-28","ActualArrivalTime","Wed., Dec.28, 2011 12:05 p.m."
"CO-1023-IAH-DEN2011-12-28","ExpectedDepartureTime","Wed., Dec.28, 2011 11:40 a.m."
"CO-1023-IAH-DEN2011-12-28","ActualDepartureTime","Wed., Dec.28, 2011 11:41 a.m."
"CO-1023-IAH-DEN2011-12-28","ExpectedArrivalTime","Wed., Dec.28, 2011 1:20 p.m."
"CO-1023-IAH-DEN2011-12-28","ActualArrivalTime","Wed., Dec.28, 2011 1:19 p.m."
"CO-1250-MIA-IAH2011-12-28","ExpectedDepartureTime","Wed., Dec.28, 2011 2:49 p.m."
"CO-1250-MIA-IAH2011-12-28","ActualDepartureTime","Wed., Dec.28, 2011 2:44 p.m."
"CO-1250-MIA-IAH2011-12-28","ExpectedArrivalTime","Wed., Dec.28, 2011 4:50 p.m."
"CO-1250-MIA-IAH2011-12-28","ActualArrivalTime","Wed., Dec.28, 2011 4:21 p.m."
"CO-62-IAH-EWR2011-12-28","ExpectedDepartureTime","Wed., Dec.28, 2011 2:30 p.m."
"CO-62-IAH-EWR2011-12-28","ActualDepartureTime","Wed., Dec.28, 2011 2:26 p.m."
"CO-62-IAH-EWR2011-12-28","ExpectedArrivalTime","Wed., Dec.28, 2011 7:03 p.m."
"CO-62-IAH-EWR2011-12-28","ActualArrivalTime","Wed., Dec.28, 2011 7:05 p.m."
"CO-52-IAH-LAX2011-12-28","ExpectedDepartureTime","Wed., Dec.28, 2011 7:35 a.m."
"CO-52-IAH-LAX2011-12-28","ActualDepartureTime","Wed., Dec.28, 2011 7:38 a.m."
"CO-52-IAH-LAX2011-12-28","ExpectedArrivalTime","Wed., Dec.28, 2011 9:30 a.m."
"CO-52-IAH-LAX2011-12-28","ActualArrivalTime","Wed., Dec.28, 2011 9:28 a.m."
"CO-1614-LAX-IAH2011-12-28","ExpectedDepartureTime","Wed., Dec.28, 2011 12:30 a.m."
"CO-1614-LAX-IAH2011-12-28","ActualDepartureTime","Wed., Dec.28, 2011 12:50 a.m."
"CO-1614-LAX-IAH2011-12-28","ExpectedArrivalTime","Wed., Dec.28, 2011 5:36 a.m."
"CO-1614-LAX-IAH2011-12-28","ActualArrivalTime","Wed., Dec.28, 2011 5:35 a.m."
"CO-89-IAH-EWR2011-12-28","ExpectedDepartureTime","Wed., Dec.28, 2011 6:00 a.m."
"CO-89-IAH-EWR2011-12-28","ActualDepartureTime","Wed., Dec.28, 2011 6:01 a.m."
"CO-89-IAH-EWR2011-12-28","ExpectedArrivalTime","Wed., Dec.28, 2011 10:20 a.m."
"CO-89-IAH-EWR2011-12-28","ActualArrivalTime","Wed., Dec.28, 2011 10:22 a.m."
"CO-1090-BOS-IAH2011-12-28","ExpectedDepartureTime","Wed., Dec.28, 2011 9:50 a.m."
"CO-1090-BOS-IAH2011-12-28","ActualDepartureTime","Wed., Dec.28, 2011 9:51 a.m."
"CO-1090-BOS-IAH2011-12-28","ExpectedArrivalTime","Wed., Dec.28, 2011 1:20 p.m."
"CO-1090-BOS-IAH2011-12-28","ActualArrivalTime","Wed., Dec.28, 2011 1:05 p.m."
"CO-45-EWR-MIA2011-12-28","ExpectedDepartureTime","Wed., Dec.28, 2011 3:50 p.m."
"CO-45-EWR-MIA2011-12-28","ActualDepartureTime","Wed., Dec.28, 2011 4:24 p.m."
"CO-45-EWR-MIA2011-12-28","ExpectedArrivalTime","Wed., Dec.28, 2011 7:05 p.m."
"CO-45-EWR-MIA2011-12-28","ActualArrivalTime","Wed., Dec.28, 2011 7:24 p.m."
"CO-63-EWR-IAH2011-12-28","ExpectedDepartureTime","Wed., Dec.28, 2011 5:25 p.m."
"CO-63-EWR-IAH2011-12-28","ActualDepartureTime","Wed., Dec.28, 2011 5:38 p.m."
"CO-63-EWR-IAH2011-12-28","ExpectedArrivalTime","Wed., Dec.28, 2011 8:30 p.m."
"CO-63-EWR-IAH2011-12-28","ActualArrivalTime","Wed., Dec.28, 2011 8:20 p.m."
"CO-50-CLE-EWR2011-12-28","ExpectedDepartureTime","Wed., Dec.28, 2011 2:55 p.m."
"CO-50-CLE-EWR2011-12-28","ActualDepartureTime","Wed., Dec.28, 2011 3:49 p.m."
"CO-50-CLE-EWR2011-12-28","ExpectedArrivalTime","Wed., Dec.28, 2011 4:53 p.m."
"CO-50-CLE-EWR2011-12-28","ActualArrivalTime","Wed., Dec.28, 2011 5:12 p.m."
"CO-1561-PHX-IAH2011-12-28","ExpectedDepartureTime","Wed., Dec.28, 2011 8:05 a.m."
"CO-1561-PHX-IAH2011-12-28","ActualDepartureTime","Wed., Dec.28, 2011 8:12 a.m."
"CO-1561-PHX-IAH2011-12-28","ExpectedArrivalTime","Wed., Dec.28, 2011 11:37 a.m."
"CO-1561-PHX-IAH2011-12-28","ActualArrivalTime","Wed., Dec.28, 2011 11:32 a.m."
"CO-47-IAH-LAX2011-12-28","ExpectedDepartureTime","Wed., Dec.28, 2011 7:10 p.m."
"CO-47-IAH-LAX2011-12-28","ActualDepartureTime","Wed., Dec.28, 2011 7:54 p.m."
"CO-47-IAH-LAX2011-12-28","ExpectedArrivalTime","Wed., Dec.28, 2011 9:06 p.m."
"CO-47-IAH-LAX2011-12-28","ActualArrivalTime","Wed., Dec.28, 2011 9:03 p.m."
