"ObjectID","PropertyID","PropertyValue"
"AA-1221-MCO-ORD2011-12-08","ExpectedDepartureTime","December 8, 2011               08:00 PM    "
"AA-1221-MCO-ORD2011-12-08","ActualDepartureTime","December 8, 2011               07:52 PM    "
"AA-1221-MCO-ORD2011-12-08","DepartureGate"," 16"
"AA-1221-MCO-ORD2011-12-08","ExpectedArrivalTime","December 8, 2011               09:50 PM    "
"AA-1221-MCO-ORD2011-12-08","ActualArrivalTime","December 8, 2011               09:24 PM    "
"AA-1221-MCO-ORD2011-12-08","ArrivalGate"," H11B    "
"AA-4307-ORD-DTW2011-12-08","ExpectedDepartureTime","December 8, 2011               06:45 PM    "
"AA-4307-ORD-DTW2011-12-08","ActualDepartureTime","December 8, 2011               06:37 PM    "
"AA-4307-ORD-DTW2011-12-08","DepartureGate"," H2"
"AA-4307-ORD-DTW2011-12-08","ExpectedArrivalTime","December 8, 2011               09:10 PM    "
"AA-4307-ORD-DTW2011-12-08","ActualArrivalTime","December 8, 2011               08:57 PM    "
"AA-4307-ORD-DTW2011-12-08","ArrivalGate"," D28    "
"AA-616-DFW-DTW2011-12-08","ExpectedDepartureTime","December 8, 2011               09:05 AM    "
"AA-616-DFW-DTW2011-12-08","ActualDepartureTime","December 8, 2011               09:00 AM    "
"AA-616-DFW-DTW2011-12-08","DepartureGate"," C24"
"AA-616-DFW-DTW2011-12-08","ExpectedArrivalTime","December 8, 2011               12:35 PM    "
"AA-616-DFW-DTW2011-12-08","ActualArrivalTime","December 8, 2011               12:20 PM    "
"AA-616-DFW-DTW2011-12-08","ArrivalGate"," D32    "
"AA-431-MIA-SFO2011-12-08","ExpectedDepartureTime","December 8, 2011               08:35 AM    "
"AA-431-MIA-SFO2011-12-08","ActualDepartureTime","December 8, 2011               08:31 AM    "
"AA-431-MIA-SFO2011-12-08","DepartureGate"," D22"
"AA-431-MIA-SFO2011-12-08","ExpectedArrivalTime","December 8, 2011               11:50 AM    "
"AA-431-MIA-SFO2011-12-08","ActualArrivalTime","December 8, 2011               11:31 AM    "
"AA-431-MIA-SFO2011-12-08","ArrivalGate"," 57    "
"AA-3756-ORD-SLC2011-12-08","ExpectedDepartureTime","December 8, 2011               12:15 PM    "
"AA-3756-ORD-SLC2011-12-08","ActualDepartureTime","December 8, 2011               12:12 PM    "
"AA-3756-ORD-SLC2011-12-08","DepartureGate"," H4"
"AA-3756-ORD-SLC2011-12-08","ExpectedArrivalTime","December 8, 2011               02:45 PM    "
"AA-3756-ORD-SLC2011-12-08","ActualArrivalTime","December 8, 2011               02:35 PM    "
"AA-3756-ORD-SLC2011-12-08","ArrivalGate"," A3    "
"AA-2050-ORD-MIA2011-12-08","ExpectedDepartureTime","December 8, 2011               10:40 AM    "
"AA-2050-ORD-MIA2011-12-08","ActualDepartureTime","December 8, 2011               10:39 AM    "
"AA-2050-ORD-MIA2011-12-08","DepartureGate"," H15"
"AA-2050-ORD-MIA2011-12-08","ExpectedArrivalTime","December 8, 2011               02:45 PM    "
"AA-2050-ORD-MIA2011-12-08","ActualArrivalTime","December 8, 2011               02:32 PM    "
"AA-2050-ORD-MIA2011-12-08","ArrivalGate"," D40    "
"AA-3804-PHL-ORD2011-12-08","ExpectedDepartureTime","December 8, 2011               02:35 PM    "
"AA-3804-PHL-ORD2011-12-08","ActualDepartureTime","December 8, 2011               02:31 PM    "
"AA-3804-PHL-ORD2011-12-08","DepartureGate"," A7"
"AA-3804-PHL-ORD2011-12-08","ExpectedArrivalTime","December 8, 2011               04:05 PM    "
"AA-3804-PHL-ORD2011-12-08","ActualArrivalTime","December 8, 2011               03:38 PM    "
"AA-3804-PHL-ORD2011-12-08","ArrivalGate"," G8    "
"AA-1664-MIA-ATL2011-12-08","ExpectedDepartureTime","December 8, 2011               10:15 AM    "
"AA-1664-MIA-ATL2011-12-08","ActualDepartureTime","December 8, 2011               10:09 AM    "
"AA-1664-MIA-ATL2011-12-08","DepartureGate"," D24"
"AA-1664-MIA-ATL2011-12-08","ExpectedArrivalTime","December 8, 2011               12:10 PM    "
"AA-1664-MIA-ATL2011-12-08","ActualArrivalTime","December 8, 2011               12:02 PM    "
"AA-1664-MIA-ATL2011-12-08","ArrivalGate"," T11    "
"AA-789-ORD-DEN2011-12-08","ExpectedDepartureTime","December 8, 2011               01:05 PM    "
"AA-789-ORD-DEN2011-12-08","ActualDepartureTime","December 8, 2011               01:00 PM    "
"AA-789-ORD-DEN2011-12-08","DepartureGate"," H8"
"AA-789-ORD-DEN2011-12-08","ExpectedArrivalTime","December 8, 2011               02:35 PM    "
"AA-789-ORD-DEN2011-12-08","ActualArrivalTime","December 8, 2011               02:48 PM    "
"AA-789-ORD-DEN2011-12-08","ArrivalGate"," A49    "
"AA-1733-ORD-PHX2011-12-08","ExpectedDepartureTime","December 8, 2011               07:45 PM    "
"AA-1733-ORD-PHX2011-12-08","ActualDepartureTime","December 8, 2011               07:42 PM    "
"AA-1733-ORD-PHX2011-12-08","DepartureGate"," H15"
"AA-1733-ORD-PHX2011-12-08","ExpectedArrivalTime","December 8, 2011               10:30 PM    "
"AA-1733-ORD-PHX2011-12-08","ArrivalGate"," 6    "
"AA-1733-ORD-PHX2011-12-08","ExpectedDepartureTime","December 8, 2011               07:45 PM    "
"AA-1733-ORD-PHX2011-12-08","ActualDepartureTime","December 8, 2011               07:42 PM    "
"AA-1733-ORD-PHX2011-12-08","DepartureGate"," H15"
"AA-1733-ORD-PHX2011-12-08","ExpectedArrivalTime","December 8, 2011               10:30 PM    "
"AA-1733-ORD-PHX2011-12-08","ArrivalGate"," 6    "
"AA-4277-CVG-JFK2011-12-08","ExpectedDepartureTime","December 8, 2011               12:10 PM    "
"AA-4277-CVG-JFK2011-12-08","ActualDepartureTime","December 8, 2011               12:02 PM    "
"AA-4277-CVG-JFK2011-12-08","DepartureGate"," 1"
"AA-4277-CVG-JFK2011-12-08","ExpectedArrivalTime","December 8, 2011               02:15 PM    "
"AA-4277-CVG-JFK2011-12-08","ActualArrivalTime","December 8, 2011               01:46 PM    "
"AA-4277-CVG-JFK2011-12-08","ArrivalGate"," 32H    "
"AA-2312-DFW-DTW2011-12-08","ExpectedDepartureTime","December 8, 2011               08:25 PM    "
"AA-2312-DFW-DTW2011-12-08","DepartureGate"," C24"
"AA-2312-DFW-DTW2011-12-08","ExpectedArrivalTime","December 8, 2011               11:50 PM    "
"AA-2312-DFW-DTW2011-12-08","ArrivalGate"," D32    "
"AA-85-JFK-SFO2011-12-08","ExpectedDepartureTime","December 8, 2011               03:05 PM    "
"AA-85-JFK-SFO2011-12-08","ActualDepartureTime","December 8, 2011               03:12 PM    "
"AA-85-JFK-SFO2011-12-08","DepartureGate"," 33"
"AA-85-JFK-SFO2011-12-08","ExpectedArrivalTime","December 8, 2011               06:30 PM    "
"AA-85-JFK-SFO2011-12-08","ActualArrivalTime","December 8, 2011               06:35 PM    "
"AA-85-JFK-SFO2011-12-08","ArrivalGate"," 56A    "
"AA-404-MIA-MCO2011-12-08","ExpectedDepartureTime","December 8, 2011               06:45 AM    "
"AA-404-MIA-MCO2011-12-08","ActualDepartureTime","December 8, 2011               06:40 AM    "
"AA-404-MIA-MCO2011-12-08","DepartureGate"," E5"
"AA-404-MIA-MCO2011-12-08","ExpectedArrivalTime","December 8, 2011               07:45 AM    "
"AA-404-MIA-MCO2011-12-08","ActualArrivalTime","December 8, 2011               07:35 AM    "
"AA-404-MIA-MCO2011-12-08","ArrivalGate"," 16    "
"AA-446-DFW-PHL2011-12-08","ExpectedDepartureTime","December 8, 2011               11:50 AM    "
"AA-446-DFW-PHL2011-12-08","ActualDepartureTime","December 8, 2011               11:47 AM    "
"AA-446-DFW-PHL2011-12-08","DepartureGate"," D40"
"AA-446-DFW-PHL2011-12-08","ExpectedArrivalTime","December 8, 2011               03:50 PM    "
"AA-446-DFW-PHL2011-12-08","ActualArrivalTime","December 8, 2011               03:51 PM    "
"AA-446-DFW-PHL2011-12-08","ArrivalGate"," A3    "
"AA-2268-PHX-ORD2011-12-08","ExpectedDepartureTime","December 8, 2011               07:15 AM    "
"AA-2268-PHX-ORD2011-12-08","ActualDepartureTime","December 8, 2011               07:12 AM    "
"AA-2268-PHX-ORD2011-12-08","DepartureGate"," 6"
"AA-2268-PHX-ORD2011-12-08","ExpectedArrivalTime","December 8, 2011               11:35 AM    "
"AA-2268-PHX-ORD2011-12-08","ActualArrivalTime","December 8, 2011               11:12 AM    "
"AA-2268-PHX-ORD2011-12-08","ArrivalGate"," K15    "
"AA-4344-ORD-DTW2011-12-08","ExpectedDepartureTime","December 8, 2011               11:45 AM    "
"AA-4344-ORD-DTW2011-12-08","ActualDepartureTime","December 8, 2011               11:43 AM    "
"AA-4344-ORD-DTW2011-12-08","DepartureGate"," G7"
"AA-4344-ORD-DTW2011-12-08","ExpectedArrivalTime","December 8, 2011               02:00 PM    "
"AA-4344-ORD-DTW2011-12-08","ActualArrivalTime","December 8, 2011               01:59 PM    "
"AA-4344-ORD-DTW2011-12-08","ArrivalGate"," D28    "
"AA-484-DFW-MIA2011-12-08","ExpectedDepartureTime","December 8, 2011               04:15 PM    "
"AA-484-DFW-MIA2011-12-08","ActualDepartureTime","December 8, 2011               04:12 PM    "
"AA-484-DFW-MIA2011-12-08","DepartureGate"," D21"
"AA-484-DFW-MIA2011-12-08","ExpectedArrivalTime","December 8, 2011               07:55 PM    "
"AA-484-DFW-MIA2011-12-08","ActualArrivalTime","December 8, 2011               07:57 PM    "
"AA-484-DFW-MIA2011-12-08","ArrivalGate"," D33    "
"AA-3979-CVG-ORD2011-12-08","ExpectedDepartureTime","December 8, 2011               07:30 AM    "
"AA-3979-CVG-ORD2011-12-08","ActualDepartureTime","December 8, 2011               07:35 AM    "
"AA-3979-CVG-ORD2011-12-08","DepartureGate"," 1"
"AA-3979-CVG-ORD2011-12-08","ExpectedArrivalTime","December 8, 2011               08:00 AM    "
"AA-3979-CVG-ORD2011-12-08","ActualArrivalTime","December 8, 2011               08:01 AM    "
"AA-3979-CVG-ORD2011-12-08","ArrivalGate"," G12    "
"AA-3063-SLC-LAX2011-12-08","ExpectedDepartureTime","December 8, 2011               08:20 PM    "
"AA-3063-SLC-LAX2011-12-08","ActualDepartureTime","December 8, 2011               08:10 PM    "
"AA-3063-SLC-LAX2011-12-08","DepartureGate"," A3"
"AA-3063-SLC-LAX2011-12-08","ExpectedArrivalTime","December 8, 2011               09:20 PM    "
"AA-3063-SLC-LAX2011-12-08","ArrivalGate"," 44F    "
"AA-3859-IAH-ORD2011-12-08","ExpectedDepartureTime","December 8, 2011               07:10 AM    "
"AA-3859-IAH-ORD2011-12-08","ActualDepartureTime","December 8, 2011               07:02 AM    "
"AA-3859-IAH-ORD2011-12-08","DepartureGate"," A29"
"AA-3859-IAH-ORD2011-12-08","ExpectedArrivalTime","December 8, 2011               09:40 AM    "
"AA-3859-IAH-ORD2011-12-08","ActualArrivalTime","December 8, 2011               09:16 AM    "
"AA-3859-IAH-ORD2011-12-08","ArrivalGate"," G9    "
"AA-3842-MSP-ORD2011-12-08","ExpectedDepartureTime","December 8, 2011               06:00 AM    "
"AA-3842-MSP-ORD2011-12-08","ActualDepartureTime","December 8, 2011               05:56 AM    "
"AA-3842-MSP-ORD2011-12-08","DepartureGate"," E14"
"AA-3842-MSP-ORD2011-12-08","ExpectedArrivalTime","December 8, 2011               07:30 AM    "
"AA-3842-MSP-ORD2011-12-08","ActualArrivalTime","December 8, 2011               07:08 AM    "
"AA-3842-MSP-ORD2011-12-08","ArrivalGate"," H3A    "
"AA-1544-SAN-ORD2011-12-08","ExpectedDepartureTime","December 8, 2011               11:25 AM    "
"AA-1544-SAN-ORD2011-12-08","ActualDepartureTime","December 8, 2011               11:18 AM    "
"AA-1544-SAN-ORD2011-12-08","DepartureGate"," 27"
"AA-1544-SAN-ORD2011-12-08","ExpectedArrivalTime","December 8, 2011               05:25 PM    "
"AA-1544-SAN-ORD2011-12-08","ActualArrivalTime","December 8, 2011               05:12 PM    "
"AA-1544-SAN-ORD2011-12-08","ArrivalGate"," K5    "
"AA-649-ORD-SNA2011-12-08","ExpectedDepartureTime","December 8, 2011               01:30 PM    "
"AA-649-ORD-SNA2011-12-08","DepartureGate"," K19"
"AA-649-ORD-SNA2011-12-08","ExpectedArrivalTime","December 8, 2011               03:50 PM    "
"AA-649-ORD-SNA2011-12-08","ArrivalGate"," 2    "
"AA-1640-MIA-MCO2011-12-08","ExpectedDepartureTime","December 8, 2011               06:30 PM    "
"AA-1640-MIA-MCO2011-12-08","DepartureGate"," D33"
"AA-1640-MIA-MCO2011-12-08","ExpectedArrivalTime","December 8, 2011               07:25 PM    "
"AA-1640-MIA-MCO2011-12-08","ArrivalGate"," 14    "
"AA-518-MIA-JFK2011-12-08","ExpectedDepartureTime","December 8, 2011               06:30 AM    "
"AA-518-MIA-JFK2011-12-08","ActualDepartureTime","December 8, 2011               06:26 AM    "
"AA-518-MIA-JFK2011-12-08","DepartureGate"," D1"
"AA-518-MIA-JFK2011-12-08","ExpectedArrivalTime","December 8, 2011               09:15 AM    "
"AA-518-MIA-JFK2011-12-08","ActualArrivalTime","December 8, 2011               08:56 AM    "
"AA-518-MIA-JFK2011-12-08","ArrivalGate"," 33    "
"AA-2525-DFW-MIA2011-12-08","ExpectedDepartureTime","December 8, 2011               07:25 AM    "
"AA-2525-DFW-MIA2011-12-08","ActualDepartureTime","December 8, 2011               07:26 AM    "
"AA-2525-DFW-MIA2011-12-08","DepartureGate"," C8"
"AA-2525-DFW-MIA2011-12-08","ExpectedArrivalTime","December 8, 2011               11:10 AM    "
"AA-2525-DFW-MIA2011-12-08","ActualArrivalTime","December 8, 2011               11:20 AM    "
"AA-2525-DFW-MIA2011-12-08","ArrivalGate"," D1    "
"AA-1279-DFW-PHX2011-12-08","ExpectedDepartureTime","December 8, 2011               01:00 PM    "
"AA-1279-DFW-PHX2011-12-08","ActualDepartureTime","December 8, 2011               12:57 PM    "
"AA-1279-DFW-PHX2011-12-08","DepartureGate"," A37"
"AA-1279-DFW-PHX2011-12-08","ExpectedArrivalTime","December 8, 2011               02:35 PM    "
"AA-1279-DFW-PHX2011-12-08","ActualArrivalTime","December 8, 2011               02:33 PM    "
"AA-1279-DFW-PHX2011-12-08","ArrivalGate"," 4    "
"AA-1522-SFO-ORD2011-12-08","ExpectedDepartureTime","December 8, 2011               11:55 PM    "
"AA-1522-SFO-ORD2011-12-08","DepartureGate"," 56A"
"AA-1522-SFO-ORD2011-12-08","ExpectedArrivalTime","December 9, 2011               05:50 AM    "
"AA-1522-SFO-ORD2011-12-08","ArrivalGate"," H9    "
"AA-1434-DFW-MCO2011-12-08","ExpectedDepartureTime","December 8, 2011               07:15 AM    "
"AA-1434-DFW-MCO2011-12-08","ActualDepartureTime","December 8, 2011               07:10 AM    "
"AA-1434-DFW-MCO2011-12-08","DepartureGate"," C35"
"AA-1434-DFW-MCO2011-12-08","ExpectedArrivalTime","December 8, 2011               10:35 AM    "
"AA-1434-DFW-MCO2011-12-08","ActualArrivalTime","December 8, 2011               10:40 AM    "
"AA-1434-DFW-MCO2011-12-08","ArrivalGate"," 17    "
"AA-59-JFK-SFO2011-12-08","ExpectedDepartureTime","December 8, 2011               07:10 AM    "
"AA-59-JFK-SFO2011-12-08","ActualDepartureTime","December 8, 2011               07:06 AM    "
"AA-59-JFK-SFO2011-12-08","DepartureGate"," 42"
"AA-59-JFK-SFO2011-12-08","ExpectedArrivalTime","December 8, 2011               10:45 AM    "
"AA-59-JFK-SFO2011-12-08","ActualArrivalTime","December 8, 2011               10:41 AM    "
"AA-59-JFK-SFO2011-12-08","ArrivalGate"," 58B    "
"AA-415-BOS-ORD2011-12-08","ExpectedDepartureTime","December 8, 2011               08:35 AM    "
"AA-415-BOS-ORD2011-12-08","ActualDepartureTime","December 8, 2011               08:30 AM    "
"AA-415-BOS-ORD2011-12-08","DepartureGate"," B31"
"AA-415-BOS-ORD2011-12-08","ExpectedArrivalTime","December 8, 2011               10:40 AM    "
"AA-415-BOS-ORD2011-12-08","ActualArrivalTime","December 8, 2011               10:57 AM    "
"AA-415-BOS-ORD2011-12-08","ArrivalGate"," H17    "
"AA-222-LAX-BOS2011-12-08","ExpectedDepartureTime","December 8, 2011               07:10 AM    "
"AA-222-LAX-BOS2011-12-08","ActualDepartureTime","December 8, 2011               07:07 AM    "
"AA-222-LAX-BOS2011-12-08","DepartureGate"," 48B"
"AA-222-LAX-BOS2011-12-08","ExpectedArrivalTime","December 8, 2011               03:30 PM    "
"AA-222-LAX-BOS2011-12-08","ActualArrivalTime","December 8, 2011               03:07 PM    "
"AA-222-LAX-BOS2011-12-08","ArrivalGate"," B28    "
"AA-3823-LAX-DEN2011-12-08","ExpectedDepartureTime","December 8, 2011               09:00 PM    "
"AA-3823-LAX-DEN2011-12-08","ActualDepartureTime","December 8, 2011     "
"AA-3823-LAX-DEN2011-12-08","DepartureGate"," 44J"
"AA-3823-LAX-DEN2011-12-08","ExpectedArrivalTime","December 9, 2011               12:15 AM    "
"AA-3823-LAX-DEN2011-12-08","ActualArrivalTime","December 9, 2011     "
"AA-3823-LAX-DEN2011-12-08","ArrivalGate"," A49    "
"AA-1165-JFK-MIA2011-12-08","ExpectedDepartureTime","December 8, 2011               06:59 AM    "
"AA-1165-JFK-MIA2011-12-08","ActualDepartureTime","December 8, 2011               07:11 AM    "
"AA-1165-JFK-MIA2011-12-08","DepartureGate"," 44"
"AA-1165-JFK-MIA2011-12-08","ExpectedArrivalTime","December 8, 2011               10:34 AM    "
"AA-1165-JFK-MIA2011-12-08","ActualArrivalTime","December 8, 2011               10:14 AM    "
"AA-1165-JFK-MIA2011-12-08","ArrivalGate"," D25    "
"AA-3786-IAH-ORD2011-12-08","ExpectedDepartureTime","December 8, 2011               04:00 PM    "
"AA-3786-IAH-ORD2011-12-08","ActualDepartureTime","December 8, 2011               03:54 PM    "
"AA-3786-IAH-ORD2011-12-08","DepartureGate"," A29"
"AA-3786-IAH-ORD2011-12-08","ExpectedArrivalTime","December 8, 2011               06:40 PM    "
"AA-3786-IAH-ORD2011-12-08","ActualArrivalTime","December 8, 2011               06:20 PM    "
"AA-3786-IAH-ORD2011-12-08","ArrivalGate"," G6B    "
"AA-4330-CVG-ORD2011-12-08","ExpectedDepartureTime","December 8, 2011               03:35 PM    "
"AA-4330-CVG-ORD2011-12-08","ActualDepartureTime","December 8, 2011               03:27 PM    "
"AA-4330-CVG-ORD2011-12-08","DepartureGate"," 1"
"AA-4330-CVG-ORD2011-12-08","ExpectedArrivalTime","December 8, 2011               04:00 PM    "
"AA-4330-CVG-ORD2011-12-08","ActualArrivalTime","December 8, 2011               03:35 PM    "
"AA-4330-CVG-ORD2011-12-08","ArrivalGate"," G10    "
"AA-3468-CVG-MIA2011-12-08","ExpectedDepartureTime","December 8, 2011               07:00 AM    "
"AA-3468-CVG-MIA2011-12-08","ActualDepartureTime","December 8, 2011               06:58 AM    "
"AA-3468-CVG-MIA2011-12-08","DepartureGate"," 5"
"AA-3468-CVG-MIA2011-12-08","ExpectedArrivalTime","December 8, 2011               09:55 AM    "
"AA-3468-CVG-MIA2011-12-08","ActualArrivalTime","December 8, 2011               09:51 AM    "
"AA-3468-CVG-MIA2011-12-08","ArrivalGate"," D53    "
"AA-204-LAX-MCO2011-12-08","ExpectedDepartureTime","December 8, 2011               11:25 PM    "
"AA-204-LAX-MCO2011-12-08","ActualDepartureTime","December 8, 2011     "
"AA-204-LAX-MCO2011-12-08","DepartureGate"," 47A"
"AA-204-LAX-MCO2011-12-08","ExpectedArrivalTime","December 9, 2011               06:55 AM    "
"AA-204-LAX-MCO2011-12-08","ActualArrivalTime","December 9, 2011     "
"AA-204-LAX-MCO2011-12-08","ArrivalGate"," TBA    "
"AA-466-IAH-MIA2011-12-08","ExpectedDepartureTime","December 8, 2011               06:00 AM    "
"AA-466-IAH-MIA2011-12-08","ActualDepartureTime","December 8, 2011               05:55 AM    "
"AA-466-IAH-MIA2011-12-08","DepartureGate"," A27"
"AA-466-IAH-MIA2011-12-08","ExpectedArrivalTime","December 8, 2011               09:20 AM    "
"AA-466-IAH-MIA2011-12-08","ActualArrivalTime","December 8, 2011               09:12 AM    "
"AA-466-IAH-MIA2011-12-08","ArrivalGate"," D24    "
"AA-3-JFK-LAX2011-12-08","ExpectedDepartureTime","December 8, 2011               12:00 PM    "
"AA-3-JFK-LAX2011-12-08","ActualDepartureTime","December 8, 2011               11:54 AM    "
"AA-3-JFK-LAX2011-12-08","DepartureGate"," 42"
"AA-3-JFK-LAX2011-12-08","ExpectedArrivalTime","December 8, 2011               03:15 PM    "
"AA-3-JFK-LAX2011-12-08","ActualArrivalTime","December 8, 2011               03:03 PM    "
"AA-3-JFK-LAX2011-12-08","ArrivalGate"," 47B    "
"AA-1007-MIA-PHX2011-12-08","ExpectedDepartureTime","December 8, 2011               04:55 PM    "
"AA-1007-MIA-PHX2011-12-08","ActualDepartureTime","December 8, 2011               05:05 PM    "
"AA-1007-MIA-PHX2011-12-08","DepartureGate"," D12"
"AA-1007-MIA-PHX2011-12-08","ExpectedArrivalTime","December 8, 2011               08:05 PM    "
"AA-1007-MIA-PHX2011-12-08","ActualArrivalTime","December 8, 2011               08:17 PM    "
"AA-1007-MIA-PHX2011-12-08","ArrivalGate"," 6    "
"AA-271-MIA-LAX2011-12-08","ExpectedDepartureTime","December 8, 2011               11:35 AM    "
"AA-271-MIA-LAX2011-12-08","ActualDepartureTime","December 8, 2011               11:34 AM    "
"AA-271-MIA-LAX2011-12-08","DepartureGate"," D24"
"AA-271-MIA-LAX2011-12-08","ExpectedArrivalTime","December 8, 2011               02:25 PM    "
"AA-271-MIA-LAX2011-12-08","ActualArrivalTime","December 8, 2011               02:13 PM    "
"AA-271-MIA-LAX2011-12-08","ArrivalGate"," 42B    "
"AA-643-MIA-ORD2011-12-08","ExpectedDepartureTime","December 8, 2011               07:10 AM    "
"AA-643-MIA-ORD2011-12-08","ActualDepartureTime","December 8, 2011               07:06 AM    "
"AA-643-MIA-ORD2011-12-08","DepartureGate"," D11"
"AA-643-MIA-ORD2011-12-08","ExpectedArrivalTime","December 8, 2011               09:35 AM    "
"AA-643-MIA-ORD2011-12-08","ActualArrivalTime","December 8, 2011               09:08 AM    "
"AA-643-MIA-ORD2011-12-08","ArrivalGate"," H15    "
"AA-4198-ORD-CLE2011-12-08","ExpectedDepartureTime","December 8, 2011               10:40 AM    "
"AA-4198-ORD-CLE2011-12-08","ActualDepartureTime","December 8, 2011               10:40 AM    "
"AA-4198-ORD-CLE2011-12-08","DepartureGate"," G20"
"AA-4198-ORD-CLE2011-12-08","ExpectedArrivalTime","December 8, 2011               12:55 PM    "
"AA-4198-ORD-CLE2011-12-08","ActualArrivalTime","December 8, 2011               12:39 PM    "
"AA-4198-ORD-CLE2011-12-08","ArrivalGate"," A1    "
"AA-400-DFW-JFK2011-12-08","ExpectedDepartureTime","December 8, 2011               10:40 AM    "
"AA-400-DFW-JFK2011-12-08","ActualDepartureTime","December 8, 2011               10:50 AM    "
"AA-400-DFW-JFK2011-12-08","DepartureGate"," D17"
"AA-400-DFW-JFK2011-12-08","ExpectedArrivalTime","December 8, 2011               02:59 PM    "
"AA-400-DFW-JFK2011-12-08","ActualArrivalTime","December 8, 2011               02:54 PM    "
"AA-400-DFW-JFK2011-12-08","ArrivalGate"," 38    "
"AA-1886-BOS-MIA2011-12-08","ExpectedDepartureTime","December 8, 2011               10:45 AM    "
"AA-1886-BOS-MIA2011-12-08","ActualDepartureTime","December 8, 2011               10:45 AM    "
"AA-1886-BOS-MIA2011-12-08","DepartureGate"," B31"
"AA-1886-BOS-MIA2011-12-08","ExpectedArrivalTime","December 8, 2011               02:20 PM    "
"AA-1886-BOS-MIA2011-12-08","ActualArrivalTime","December 8, 2011               02:19 PM    "
"AA-1886-BOS-MIA2011-12-08","ArrivalGate"," D23    "
"AA-1917-JFK-MCO2011-12-08","ExpectedDepartureTime","December 8, 2011               02:55 PM    "
"AA-1917-JFK-MCO2011-12-08","ActualDepartureTime","December 8, 2011               02:49 PM    "
"AA-1917-JFK-MCO2011-12-08","DepartureGate"," 34"
"AA-1917-JFK-MCO2011-12-08","ExpectedArrivalTime","December 8, 2011               05:55 PM    "
"AA-1917-JFK-MCO2011-12-08","ActualArrivalTime","December 8, 2011               05:46 PM    "
"AA-1917-JFK-MCO2011-12-08","ArrivalGate"," 14    "
"AA-3809-PHX-LAX2011-12-08","ExpectedDepartureTime","December 8, 2011               06:00 AM    "
"AA-3809-PHX-LAX2011-12-08","ActualDepartureTime","December 8, 2011               06:14 AM    "
"AA-3809-PHX-LAX2011-12-08","DepartureGate"," 2"
"AA-3809-PHX-LAX2011-12-08","ExpectedArrivalTime","December 8, 2011               06:40 AM    "
"AA-3809-PHX-LAX2011-12-08","ActualArrivalTime","December 8, 2011               06:45 AM    "
"AA-3809-PHX-LAX2011-12-08","ArrivalGate"," 44J    "
"AA-2957-DFW-CVG2011-12-08","ExpectedDepartureTime","December 8, 2011               07:55 AM    "
"AA-2957-DFW-CVG2011-12-08","ActualDepartureTime","December 8, 2011               07:51 AM    "
"AA-2957-DFW-CVG2011-12-08","DepartureGate"," B9A"
"AA-2957-DFW-CVG2011-12-08","ExpectedArrivalTime","December 8, 2011               11:05 AM    "
"AA-2957-DFW-CVG2011-12-08","ActualArrivalTime","December 8, 2011               10:51 AM    "
"AA-2957-DFW-CVG2011-12-08","ArrivalGate"," 3    "
"UA-1500-IAH-GUA2011-12-08","ExpectedDepartureTime","Thu, Dec 8 8:55 AM"
"UA-1500-IAH-GUA2011-12-08","ActualDepartureTime","Thu, Dec 8 8:58 AM            Delayed"
"UA-1500-IAH-GUA2011-12-08","DepartureGate","E10"
"UA-1500-IAH-GUA2011-12-08","ExpectedArrivalTime","Thu, Dec 8 11:45 AM"
"UA-1500-IAH-GUA2011-12-08","ActualArrivalTime","Thu, Dec 8 11:38 AM"
"UA-1500-IAH-GUA2011-12-08","ArrivalGate","15"
"UA-3515-IAD-MSP2011-12-08","ExpectedDepartureTime","Thu, Dec 8 8:15 AM"
"UA-3515-IAD-MSP2011-12-08","ActualDepartureTime","Thu, Dec 8 8:38 AM"
"UA-3515-IAD-MSP2011-12-08","DepartureGate","D18"
"UA-3515-IAD-MSP2011-12-08","ExpectedArrivalTime","Thu, Dec 8 10:06 AM"
"UA-3515-IAD-MSP2011-12-08","ActualArrivalTime","Thu, Dec 8 10:43 AM"
"UA-3515-IAD-MSP2011-12-08","ArrivalGate","E10"
"UA-664-ORD-PHL2011-12-08","ExpectedDepartureTime","Thu, Dec 8 1:33 PM"
"UA-664-ORD-PHL2011-12-08","ActualDepartureTime","Thu, Dec 8 1:31 PM"
"UA-664-ORD-PHL2011-12-08","DepartureGate","C23"
"UA-664-ORD-PHL2011-12-08","ExpectedArrivalTime","Thu, Dec 8 4:31 PM"
"UA-664-ORD-PHL2011-12-08","ActualArrivalTime","Thu, Dec 8 4:26 PM"
"UA-664-ORD-PHL2011-12-08","ArrivalGate","D11"
"UA-414-LAX-SFO2011-12-08","ExpectedDepartureTime","Thu, Dec 8 6:00 AM"
"UA-414-LAX-SFO2011-12-08","ActualDepartureTime","Thu, Dec 8 5:53 AM"
"UA-414-LAX-SFO2011-12-08","DepartureGate","76"
"UA-414-LAX-SFO2011-12-08","ExpectedArrivalTime","Thu, Dec 8 7:23 AM"
"UA-414-LAX-SFO2011-12-08","ActualArrivalTime","Thu, Dec 8 7:15 AM"
"UA-414-LAX-SFO2011-12-08","ArrivalGate","90"
"UA-257-JFK-SFO2011-12-08","ExpectedDepartureTime","Thu, Dec 8 2:30 PM"
"UA-257-JFK-SFO2011-12-08","ActualDepartureTime","Thu, Dec 8 2:23 PM"
"UA-257-JFK-SFO2011-12-08","DepartureGate","12"
"UA-257-JFK-SFO2011-12-08","ExpectedArrivalTime","Thu, Dec 8 6:15 PM"
"UA-257-JFK-SFO2011-12-08","ActualArrivalTime","Thu, Dec 8 5:51 PM"
"UA-257-JFK-SFO2011-12-08","ArrivalGate","80"
"UA-62-IAH-EWR2011-12-08","ExpectedDepartureTime","Thu, Dec 8 2:30 PM"
"UA-62-IAH-EWR2011-12-08","ActualDepartureTime","Thu, Dec 8 4:16 PM"
"UA-62-IAH-EWR2011-12-08","DepartureGate","C-40"
"UA-62-IAH-EWR2011-12-08","ExpectedArrivalTime","Thu, Dec 8 7:03 PM"
"UA-62-IAH-EWR2011-12-08","ActualArrivalTime","Thu, Dec 8 8:45 PM"
"UA-62-IAH-EWR2011-12-08","ArrivalGate","C75"
"UA-843-LAX-ORD2011-12-08","ExpectedDepartureTime","Thu, Dec 8 1:55 PM"
"UA-843-LAX-ORD2011-12-08","ActualDepartureTime","Thu, Dec 8 1:55 PM"
"UA-843-LAX-ORD2011-12-08","DepartureGate","76"
"UA-843-LAX-ORD2011-12-08","ExpectedArrivalTime","Thu, Dec 8 7:53 PM"
"UA-843-LAX-ORD2011-12-08","ActualArrivalTime","Thu, Dec 8 7:39 PM"
"UA-843-LAX-ORD2011-12-08","ArrivalGate","C26"
"UA-248-PHX-ORD2011-12-08","ExpectedDepartureTime","Thu, Dec 8 12:57 PM"
"UA-248-PHX-ORD2011-12-08","ActualDepartureTime","Thu, Dec 8 12:57 PM            On Time"
"UA-248-PHX-ORD2011-12-08","DepartureGate","3"
"UA-248-PHX-ORD2011-12-08","ExpectedArrivalTime","Thu, Dec 8 5:15 PM"
"UA-248-PHX-ORD2011-12-08","ActualArrivalTime","Thu, Dec 8 5:15 PM"
"UA-248-PHX-ORD2011-12-08","ArrivalGate","C20"
"UA-248-PHX-ORD2011-12-08","ExpectedDepartureTime","Thu, Dec 8 12:57 PM"
"UA-248-PHX-ORD2011-12-08","ActualDepartureTime","Thu, Dec 8 12:53 PM            On Time"
"UA-248-PHX-ORD2011-12-08","DepartureGate","3"
"UA-248-PHX-ORD2011-12-08","ExpectedArrivalTime","Thu, Dec 8 5:15 PM"
"UA-248-PHX-ORD2011-12-08","ActualArrivalTime","Thu, Dec 8 5:06 PM"
"UA-248-PHX-ORD2011-12-08","ArrivalGate","C21"
"UA-397-JFK-SFO2011-12-08","ExpectedDepartureTime","Thu, Dec 8 8:00 AM"
"UA-397-JFK-SFO2011-12-08","ActualDepartureTime","Thu, Dec 8 7:58 AM"
"UA-397-JFK-SFO2011-12-08","DepartureGate","10"
"UA-397-JFK-SFO2011-12-08","ExpectedArrivalTime","Thu, Dec 8 11:55 AM"
"UA-397-JFK-SFO2011-12-08","ActualArrivalTime","Thu, Dec 8 11:36 AM"
"UA-397-JFK-SFO2011-12-08","ArrivalGate","82"
"UA-2704-DTW-PHX2011-12-08","ExpectedDepartureTime","Thu, Dec 8 11:15 AM"
"UA-2704-DTW-PHX2011-12-08","ActualDepartureTime","Thu, Dec 8 11:15 AM"
"UA-2704-DTW-PHX2011-12-08","DepartureGate","D14"
"UA-2704-DTW-PHX2011-12-08","ExpectedArrivalTime","Thu, Dec 8 1:40 PM"
"UA-2704-DTW-PHX2011-12-08","ActualArrivalTime","Thu, Dec 8 1:42 PM"
"UA-2704-DTW-PHX2011-12-08","ArrivalGate","A6"
"UA-2515-DFW-CLT2011-12-08","ExpectedDepartureTime","Thu, Dec 8 7:05 AM"
"UA-2515-DFW-CLT2011-12-08","ActualDepartureTime","Thu, Dec 8 7:05 AM"
"UA-2515-DFW-CLT2011-12-08","DepartureGate","E36"
"UA-2515-DFW-CLT2011-12-08","ExpectedArrivalTime","Thu, Dec 8 10:31 AM"
"UA-2515-DFW-CLT2011-12-08","ActualArrivalTime","Thu, Dec 8 10:23 AM"
"UA-2515-DFW-CLT2011-12-08","ArrivalGate","B10"
"UA-3373-IAD-PHL2011-12-08","ExpectedDepartureTime","Thu, Dec 8 8:29 AM"
"UA-3373-IAD-PHL2011-12-08","ActualDepartureTime","Thu, Dec 8 8:35 AM"
"UA-3373-IAD-PHL2011-12-08","DepartureGate","A3C"
"UA-3373-IAD-PHL2011-12-08","ExpectedArrivalTime","Thu, Dec 8 9:24 AM"
"UA-3373-IAD-PHL2011-12-08","ActualArrivalTime","Thu, Dec 8 9:28 AM"
"UA-3373-IAD-PHL2011-12-08","ArrivalGate","D7"
"UA-2906-PHL-MCO2011-12-08","ExpectedDepartureTime","Thu, Dec 8 3:50 PM"
"UA-2906-PHL-MCO2011-12-08","ActualDepartureTime","Thu, Dec 8 3:50 PM            Delayed"
"UA-2906-PHL-MCO2011-12-08","DepartureGate","B13"
"UA-2906-PHL-MCO2011-12-08","ExpectedArrivalTime","Thu, Dec 8 6:23 PM"
"UA-2906-PHL-MCO2011-12-08","ActualArrivalTime","Thu, Dec 8 6:27 PM"
"UA-2906-PHL-MCO2011-12-08","ArrivalGate","58"
"UA-938-DEN-ORD2011-12-08","ExpectedDepartureTime","Thu, Dec 8 4:16 PM"
"UA-938-DEN-ORD2011-12-08","ActualDepartureTime","Thu, Dec 8 4:17 PM"
"UA-938-DEN-ORD2011-12-08","DepartureGate","B29"
"UA-938-DEN-ORD2011-12-08","ExpectedArrivalTime","Thu, Dec 8 7:35 PM"
"UA-938-DEN-ORD2011-12-08","ActualArrivalTime","Thu, Dec 8 7:37 PM"
"UA-938-DEN-ORD2011-12-08","ArrivalGate","B16"
"UA-3099-PHX-PHL2011-12-08","ExpectedDepartureTime","Thu, Dec 8 11:55 AM"
"UA-3099-PHX-PHL2011-12-08","ActualDepartureTime","Thu, Dec 8 11:55 AM"
"UA-3099-PHX-PHL2011-12-08","DepartureGate","B13"
"UA-3099-PHX-PHL2011-12-08","ExpectedArrivalTime","Thu, Dec 8 6:17 PM"
"UA-3099-PHX-PHL2011-12-08","ActualArrivalTime","Thu, Dec 8 5:50 PM"
"UA-3099-PHX-PHL2011-12-08","ArrivalGate","A13"
"UA-3925-IAD-ORF2011-12-08","ExpectedDepartureTime","Thu, Dec 8 8:42 AM"
"UA-3925-IAD-ORF2011-12-08","ActualDepartureTime","Thu, Dec 8 8:59 AM"
"UA-3925-IAD-ORF2011-12-08","DepartureGate","A1G"
"UA-3925-IAD-ORF2011-12-08","ExpectedArrivalTime","Thu, Dec 8 9:55 AM"
"UA-3925-IAD-ORF2011-12-08","ActualArrivalTime","Thu, Dec 8 9:53 AM"
"UA-3925-IAD-ORF2011-12-08","ArrivalGate","1C"
"UA-5487-SFO-MRY2011-12-08","ExpectedDepartureTime","Thu, Dec 8 10:39 AM"
"UA-5487-SFO-MRY2011-12-08","ActualDepartureTime","Thu, Dec 8 10:30 AM"
"UA-5487-SFO-MRY2011-12-08","DepartureGate","79"
"UA-5487-SFO-MRY2011-12-08","ExpectedArrivalTime","Thu, Dec 8 11:19 AM"
"UA-5487-SFO-MRY2011-12-08","ActualArrivalTime","Thu, Dec 8 11:12 AM"
"UA-3050-PHX-CLT2011-12-08","ExpectedDepartureTime","Thu, Dec 8 11:05 AM"
"UA-3050-PHX-CLT2011-12-08","ActualDepartureTime","Thu, Dec 8 11:05 AM"
"UA-3050-PHX-CLT2011-12-08","DepartureGate","A23"
"UA-3050-PHX-CLT2011-12-08","ExpectedArrivalTime","Thu, Dec 8 4:57 PM"
"UA-3050-PHX-CLT2011-12-08","ActualArrivalTime","Thu, Dec 8 4:43 PM"
"UA-3050-PHX-CLT2011-12-08","ArrivalGate","B5"
"UA-828-SFO-ORD2011-12-08","ExpectedDepartureTime","Thu, Dec 8 11:08 PM"
"UA-828-SFO-ORD2011-12-08","ActualDepartureTime","Thu, Dec 8 11:08 PM            On Time"
"UA-828-SFO-ORD2011-12-08","DepartureGate","85"
"UA-828-SFO-ORD2011-12-08","ExpectedArrivalTime","Fri, Dec 9 5:11 AM"
"UA-828-SFO-ORD2011-12-08","ActualArrivalTime","Fri, Dec 9 5:11 AM"
"UA-828-SFO-ORD2011-12-08","ArrivalGate","B14"
"UA-2830-MCO-CLT2011-12-08","ExpectedDepartureTime","Thu, Dec 8 3:27 PM"
"UA-2830-MCO-CLT2011-12-08","ActualDepartureTime","Thu, Dec 8 3:27 PM"
"UA-2830-MCO-CLT2011-12-08","DepartureGate","58"
"UA-2830-MCO-CLT2011-12-08","ExpectedArrivalTime","Thu, Dec 8 5:05 PM"
"UA-2830-MCO-CLT2011-12-08","ActualArrivalTime","Thu, Dec 8 5:10 PM"
"UA-2830-MCO-CLT2011-12-08","ArrivalGate","C12"
"UA-37-EWR-MCO2011-12-08","ExpectedDepartureTime","Thu, Dec 8 1:29 PM"
"UA-37-EWR-MCO2011-12-08","ActualDepartureTime","Thu, Dec 8 1:27 PM            On Time"
"UA-37-EWR-MCO2011-12-08","DepartureGate","C137"
"UA-37-EWR-MCO2011-12-08","ExpectedArrivalTime","Thu, Dec 8 4:17 PM"
"UA-37-EWR-MCO2011-12-08","ActualArrivalTime","Thu, Dec 8 4:18 PM"
"UA-37-EWR-MCO2011-12-08","ArrivalGate","39"
"UA-37-EDI-EWR2011-12-08","ExpectedDepartureTime","Thu, Dec 8 9:05 AM"
"UA-37-EDI-EWR2011-12-08","ActualDepartureTime","Thu, Dec 8 9:01 AM"
"UA-37-EDI-EWR2011-12-08","ExpectedArrivalTime","Thu, Dec 8 11:53 AM"
"UA-37-EDI-EWR2011-12-08","ActualArrivalTime","Thu, Dec 8 12:01 PM"
"UA-37-EDI-EWR2011-12-08","ArrivalGate","B60"
"UA-2708-EWR-CLT2011-12-08","ExpectedDepartureTime","Thu, Dec 8 2:55 PM"
"UA-2708-EWR-CLT2011-12-08","ActualDepartureTime","Thu, Dec 8 2:55 PM"
"UA-2708-EWR-CLT2011-12-08","DepartureGate","A37"
"UA-2708-EWR-CLT2011-12-08","ExpectedArrivalTime","Thu, Dec 8 4:53 PM"
"UA-2708-EWR-CLT2011-12-08","ActualArrivalTime","Thu, Dec 8 4:50 PM"
"UA-2708-EWR-CLT2011-12-08","ArrivalGate","C13"
"UA-233-LAX-JFK2011-12-08","ExpectedDepartureTime","Thu, Dec 8 4:25 PM"
"UA-233-LAX-JFK2011-12-08","ActualDepartureTime","Thu, Dec 8 4:25 PM"
"UA-233-LAX-JFK2011-12-08","DepartureGate","70B"
"UA-233-LAX-JFK2011-12-08","ExpectedArrivalTime","Fri, Dec 9 12:29 AM"
"UA-233-LAX-JFK2011-12-08","ActualArrivalTime","Fri, Dec 9 12:29 AM"
"UA-233-LAX-JFK2011-12-08","ArrivalGate","5"
"UA-2726-FLL-PHL2011-12-08","ExpectedDepartureTime","Thu, Dec 8 4:00 PM"
"UA-2726-FLL-PHL2011-12-08","ActualDepartureTime","Thu, Dec 8 4:00 PM"
"UA-2726-FLL-PHL2011-12-08","DepartureGate","E3"
"UA-2726-FLL-PHL2011-12-08","ExpectedArrivalTime","Thu, Dec 8 6:46 PM"
"UA-2726-FLL-PHL2011-12-08","ActualArrivalTime","Thu, Dec 8 6:13 PM"
"UA-2726-FLL-PHL2011-12-08","ArrivalGate","C25"
"UA-2945-PHL-CLT2011-12-08","ExpectedDepartureTime","Thu, Dec 8 12:00 AM"
"UA-2945-PHL-CLT2011-12-08","ActualDepartureTime","Thu, Dec 8 5:11 AM"
"UA-2945-PHL-CLT2011-12-08","DepartureGate","B9"
"UA-2945-PHL-CLT2011-12-08","ExpectedArrivalTime","Thu, Dec 8 1:45 PM"
"UA-2945-PHL-CLT2011-12-08","ActualArrivalTime","Thu, Dec 8 1:37 PM"
"UA-2945-PHL-CLT2011-12-08","ArrivalGate","C8"
"UA-6273-YYC-SFO2011-12-08","ExpectedDepartureTime","Thu, Dec 8 7:35 AM"
"UA-6273-YYC-SFO2011-12-08","ActualDepartureTime","Thu, Dec 8 7:24 AM"
"UA-6273-YYC-SFO2011-12-08","ExpectedArrivalTime","Thu, Dec 8 9:43 AM"
"UA-6273-YYC-SFO2011-12-08","ActualArrivalTime","Thu, Dec 8 9:03 AM"
"UA-6273-YYC-SFO2011-12-08","ArrivalGate","76B"
"UA-2314-ATL-PHL2011-12-08","ExpectedDepartureTime","Thu, Dec 8 2:55 PM"
"UA-2314-ATL-PHL2011-12-08","ActualDepartureTime","Thu, Dec 8 2:55 PM"
"UA-2314-ATL-PHL2011-12-08","DepartureGate","D23"
"UA-2314-ATL-PHL2011-12-08","ExpectedArrivalTime","Thu, Dec 8 5:00 PM"
"UA-2314-ATL-PHL2011-12-08","ActualArrivalTime","Thu, Dec 8 4:54 PM"
"UA-2314-ATL-PHL2011-12-08","ArrivalGate","C27"
"UA-382-IAD-LAX2011-12-08","ExpectedDepartureTime","Thu, Dec 8 12:30 PM"
"UA-382-IAD-LAX2011-12-08","ActualDepartureTime","Thu, Dec 8 12:25 PM            On Time"
"UA-382-IAD-LAX2011-12-08","DepartureGate","C11"
"UA-382-IAD-LAX2011-12-08","ExpectedArrivalTime","Thu, Dec 8 3:19 PM"
"UA-382-IAD-LAX2011-12-08","ActualArrivalTime","Thu, Dec 8 2:59 PM"
"UA-382-IAD-LAX2011-12-08","ArrivalGate","75B"
"UA-382-IAD-LAX2011-12-08","ExpectedDepartureTime","Thu, Dec 8 12:30 PM"
"UA-382-IAD-LAX2011-12-08","ActualDepartureTime","Thu, Dec 8 12:25 PM            On Time"
"UA-382-IAD-LAX2011-12-08","DepartureGate","C11"
"UA-382-IAD-LAX2011-12-08","ExpectedArrivalTime","Thu, Dec 8 3:19 PM"
"UA-382-IAD-LAX2011-12-08","ActualArrivalTime","Thu, Dec 8 3:13 PM"
"UA-382-IAD-LAX2011-12-08","ArrivalGate","75B"
"UA-858-PVG-SFO2011-12-08","ExpectedDepartureTime","Thu, Dec 8 1:45 PM"
"UA-858-PVG-SFO2011-12-08","ActualDepartureTime","Thu, Dec 8 1:44 PM"
"UA-858-PVG-SFO2011-12-08","DepartureGate","77"
"UA-858-PVG-SFO2011-12-08","ExpectedArrivalTime","Thu, Dec 8 8:27 AM"
"UA-858-PVG-SFO2011-12-08","ActualArrivalTime","Thu, Dec 8 8:13 AM"
"UA-858-PVG-SFO2011-12-08","ArrivalGate","92"
"UA-854-SFO-IAH2011-12-08","ExpectedDepartureTime","Thu, Dec 8 7:53 AM"
"UA-854-SFO-IAH2011-12-08","ActualDepartureTime","Thu, Dec 8 7:49 AM"
"UA-854-SFO-IAH2011-12-08","DepartureGate","86"
"UA-854-SFO-IAH2011-12-08","ExpectedArrivalTime","Thu, Dec 8 1:39 PM"
"UA-854-SFO-IAH2011-12-08","ActualArrivalTime","Thu, Dec 8 1:17 PM"
"UA-854-SFO-IAH2011-12-08","ArrivalGate","C16"
"CO-16-LAX-EWR2011-12-08","ExpectedDepartureTime","Thu., Dec.08, 2011 10:25 a.m."
"CO-16-LAX-EWR2011-12-08","ActualDepartureTime","Thu., Dec.08, 2011 10:36 a.m."
"CO-16-LAX-EWR2011-12-08","ExpectedArrivalTime","Thu., Dec.08, 2011 6:44 p.m."
"CO-16-LAX-EWR2011-12-08","ActualArrivalTime","Thu., Dec.08, 2011 7:14 p.m."
"CO-1193-EWR-MCO2011-12-08","ExpectedDepartureTime","Thu., Dec.08, 2011 9:15 a.m."
"CO-1193-EWR-MCO2011-12-08","ActualDepartureTime","Thu., Dec.08, 2011 9:14 a.m."
"CO-1193-EWR-MCO2011-12-08","ExpectedArrivalTime","Thu., Dec.08, 2011 12:18 p.m."
"CO-1193-EWR-MCO2011-12-08","ActualArrivalTime","Thu., Dec.08, 2011 12:36 p.m."
"CO-1614-LAX-IAH2011-12-08","ExpectedDepartureTime","Thu., Dec.08, 2011 12:30 a.m."
"CO-1614-LAX-IAH2011-12-08","ActualDepartureTime","Thu., Dec.08, 2011 12:25 a.m."
"CO-1614-LAX-IAH2011-12-08","ExpectedArrivalTime","Thu., Dec.08, 2011 5:35 a.m."
"CO-1614-LAX-IAH2011-12-08","ActualArrivalTime","Thu., Dec.08, 2011 5:09 a.m."
"CO-45-EWR-MIA2011-12-08","ExpectedDepartureTime","Thu., Dec.08, 2011 4:00 p.m."
"CO-45-EWR-MIA2011-12-08","ActualDepartureTime","Thu., Dec.08, 2011 4:01 p.m."
"CO-45-EWR-MIA2011-12-08","ExpectedArrivalTime","Thu., Dec.08, 2011 7:05 p.m."
"CO-45-EWR-MIA2011-12-08","ActualArrivalTime","Thu., Dec.08, 2011 7:08 p.m."
"CO-63-EWR-IAH2011-12-08","ExpectedDepartureTime","Thu., Dec.08, 2011 5:25 p.m."
"CO-63-EWR-IAH2011-12-08","ActualDepartureTime","Thu., Dec.08, 2011 5:41 p.m."
"CO-63-EWR-IAH2011-12-08","ExpectedArrivalTime","Thu., Dec.08, 2011 8:22 p.m."
"CO-63-EWR-IAH2011-12-08","ActualArrivalTime","Thu., Dec.08, 2011 8:26 p.m."
"CO-50-CLE-EWR2011-12-08","ExpectedDepartureTime","Thu., Dec.08, 2011 2:55 p.m."
"CO-50-CLE-EWR2011-12-08","ActualDepartureTime","Thu., Dec.08, 2011 2:56 p.m."
"CO-50-CLE-EWR2011-12-08","ExpectedArrivalTime","Thu., Dec.08, 2011 4:49 p.m."
"CO-50-CLE-EWR2011-12-08","ActualArrivalTime","Thu., Dec.08, 2011 4:36 p.m."
"CO-1561-PHX-IAH2011-12-08","ExpectedDepartureTime","Thu., Dec.08, 2011 8:05 a.m."
"CO-1561-PHX-IAH2011-12-08","ActualDepartureTime","Thu., Dec.08, 2011 8:00 a.m."
"CO-1561-PHX-IAH2011-12-08","ExpectedArrivalTime","Thu., Dec.08, 2011 11:35 a.m."
"CO-1561-PHX-IAH2011-12-08","ActualArrivalTime","Thu., Dec.08, 2011 11:09 a.m."
"CO-47-IAH-LAX2011-12-08","ExpectedDepartureTime","Thu., Dec.08, 2011 7:10 p.m."
"CO-47-IAH-LAX2011-12-08","ActualDepartureTime","Thu., Dec.08, 2011 7:12 p.m."
"CO-47-IAH-LAX2011-12-08","ExpectedArrivalTime","Thu., Dec.08, 2011 8:56 p.m."
"CO-47-IAH-LAX2011-12-08","ActualArrivalTime","Thu., Dec.08, 2011 8:51 p.m."
"CO-1586-IAH-MCO2011-12-08","ExpectedDepartureTime","Thu., Dec.08, 2011 7:00 p.m."
"CO-1586-IAH-MCO2011-12-08","ActualDepartureTime","Thu., Dec.08, 2011 7:34 p.m."
"CO-1586-IAH-MCO2011-12-08","ExpectedArrivalTime","Thu., Dec.08, 2011 10:15 p.m."
"CO-1586-IAH-MCO2011-12-08","ActualArrivalTime","Thu., Dec.08, 2011 10:50 p.m."
"CO-1694-LAX-IAH2011-12-08","ExpectedDepartureTime","Thu., Dec.08, 2011 7:15 p.m."
"CO-1694-LAX-IAH2011-12-08","ActualDepartureTime","Thu., Dec.08, 2011 7:15 p.m."
"CO-1694-LAX-IAH2011-12-08","ExpectedArrivalTime","Thu., Dec.08, 2011 12:21 a.m."
"CO-1694-LAX-IAH2011-12-08","ActualArrivalTime","Thu., Dec.08, 2011 12:21 a.m."
"CO-4888-IAH-DAL2011-12-08","ExpectedDepartureTime","Thu., Dec.08, 2011 5:30 p.m."
"CO-4888-IAH-DAL2011-12-08","ActualDepartureTime","Thu., Dec.08, 2011 5:30 p.m."
"CO-4888-IAH-DAL2011-12-08","ExpectedArrivalTime","Thu., Dec.08, 2011 6:40 p.m."
"CO-4888-IAH-DAL2011-12-08","ActualArrivalTime","Thu., Dec.08, 2011 6:40 p.m."
"CO-1088-CLE-IAH2011-12-08","ExpectedDepartureTime","Thu., Dec.08, 2011 8:40 a.m."
"CO-1088-CLE-IAH2011-12-08","ActualDepartureTime","Thu., Dec.08, 2011 8:39 a.m."
"CO-1088-CLE-IAH2011-12-08","ExpectedArrivalTime","Thu., Dec.08, 2011 10:54 a.m."
"CO-1088-CLE-IAH2011-12-08","ActualArrivalTime","Thu., Dec.08, 2011 10:54 a.m."
"CO-58-DEN-IAH2011-12-08","ExpectedDepartureTime","Thu., Dec.08, 2011 11:25 a.m."
"CO-58-DEN-IAH2011-12-08","ActualDepartureTime","Thu., Dec.08, 2011 11:24 a.m."
"CO-58-DEN-IAH2011-12-08","ExpectedArrivalTime","Thu., Dec.08, 2011 2:50 p.m."
"CO-58-DEN-IAH2011-12-08","ActualArrivalTime","Thu., Dec.08, 2011 2:40 p.m."
"CO-1023-IAH-DEN2011-12-08","ExpectedDepartureTime","Thu., Dec.08, 2011 11:40 a.m."
"CO-1023-IAH-DEN2011-12-08","ActualDepartureTime","Thu., Dec.08, 2011 11:50 a.m."
"CO-1023-IAH-DEN2011-12-08","ExpectedArrivalTime","Thu., Dec.08, 2011 1:17 p.m."
"CO-1023-IAH-DEN2011-12-08","ActualArrivalTime","Thu., Dec.08, 2011 1:16 p.m."
"CO-1250-MIA-IAH2011-12-08","ExpectedDepartureTime","Thu., Dec.08, 2011 2:53 p.m."
"CO-1250-MIA-IAH2011-12-08","ActualDepartureTime","Thu., Dec.08, 2011 2:54 p.m."
"CO-1250-MIA-IAH2011-12-08","ExpectedArrivalTime","Thu., Dec.08, 2011 4:48 p.m."
"CO-1250-MIA-IAH2011-12-08","ActualArrivalTime","Thu., Dec.08, 2011 4:38 p.m."
"CO-62-IAH-EWR2011-12-08","ExpectedDepartureTime","Thu., Dec.08, 2011 2:30 p.m."
"CO-62-IAH-EWR2011-12-08","ActualDepartureTime","Thu., Dec.08, 2011 4:16 p.m."
"CO-62-IAH-EWR2011-12-08","ExpectedArrivalTime","Thu., Dec.08, 2011 7:03 p.m."
"CO-62-IAH-EWR2011-12-08","ActualArrivalTime","Thu., Dec.08, 2011 8:45 p.m."
"CO-52-IAH-LAX2011-12-08","ExpectedDepartureTime","Thu., Dec.08, 2011 7:35 a.m."
"CO-52-IAH-LAX2011-12-08","ActualDepartureTime","Thu., Dec.08, 2011 7:37 a.m."
"CO-52-IAH-LAX2011-12-08","ExpectedArrivalTime","Thu., Dec.08, 2011 9:21 a.m."
"CO-52-IAH-LAX2011-12-08","ActualArrivalTime","Thu., Dec.08, 2011 9:33 a.m."
"CO-89-IAH-EWR2011-12-08","ExpectedDepartureTime","Thu., Dec.08, 2011 6:00 a.m."
"CO-89-IAH-EWR2011-12-08","ActualDepartureTime","Thu., Dec.08, 2011 6:02 a.m."
"CO-89-IAH-EWR2011-12-08","ExpectedArrivalTime","Thu., Dec.08, 2011 10:20 a.m."
"CO-89-IAH-EWR2011-12-08","ActualArrivalTime","Thu., Dec.08, 2011 10:16 a.m."
"CO-1090-BOS-IAH2011-12-08","ExpectedDepartureTime","Thu., Dec.08, 2011 9:45 a.m."
"CO-1090-BOS-IAH2011-12-08","ActualDepartureTime","Thu., Dec.08, 2011 10:11 a.m."
"CO-1090-BOS-IAH2011-12-08","ExpectedArrivalTime","Thu., Dec.08, 2011 1:16 p.m."
"CO-1090-BOS-IAH2011-12-08","ActualArrivalTime","Thu., Dec.08, 2011 1:53 p.m."
