"ObjectID","PropertyID","PropertyValue"
"AA-1221-MCO-ORD2011-12-20","ExpectedDepartureTime","December 20, 2011               08:00 PM    "
"AA-1221-MCO-ORD2011-12-20","ActualDepartureTime","December 20, 2011               07:57 PM    "
"AA-1221-MCO-ORD2011-12-20","DepartureGate"," 15"
"AA-1221-MCO-ORD2011-12-20","ExpectedArrivalTime","December 20, 2011               09:50 PM    "
"AA-1221-MCO-ORD2011-12-20","ActualArrivalTime","December 20, 2011               09:27 PM    "
"AA-1221-MCO-ORD2011-12-20","ArrivalGate"," H14    "
"AA-4307-ORD-DTW2011-12-20","ExpectedDepartureTime","December 20, 2011               06:45 PM    "
"AA-4307-ORD-DTW2011-12-20","ActualDepartureTime","December 20, 2011               06:38 PM    "
"AA-4307-ORD-DTW2011-12-20","DepartureGate"," H3A"
"AA-4307-ORD-DTW2011-12-20","ExpectedArrivalTime","December 20, 2011               09:10 PM    "
"AA-4307-ORD-DTW2011-12-20","ActualArrivalTime","December 20, 2011               09:04 PM    "
"AA-4307-ORD-DTW2011-12-20","ArrivalGate"," D28    "
"AA-616-DFW-DTW2011-12-20","ExpectedDepartureTime","December 20, 2011               09:05 AM    "
"AA-616-DFW-DTW2011-12-20","ActualDepartureTime","December 20, 2011               09:02 AM    "
"AA-616-DFW-DTW2011-12-20","DepartureGate"," D34"
"AA-616-DFW-DTW2011-12-20","ExpectedArrivalTime","December 20, 2011               12:35 PM    "
"AA-616-DFW-DTW2011-12-20","ActualArrivalTime","December 20, 2011               12:40 PM    "
"AA-616-DFW-DTW2011-12-20","ArrivalGate"," D32    "
"AA-431-MIA-SFO2011-12-20","ExpectedDepartureTime","December 20, 2011               08:35 AM    "
"AA-431-MIA-SFO2011-12-20","ActualDepartureTime","December 20, 2011               08:43 AM    "
"AA-431-MIA-SFO2011-12-20","DepartureGate"," D1"
"AA-431-MIA-SFO2011-12-20","ExpectedArrivalTime","December 20, 2011               11:50 AM    "
"AA-431-MIA-SFO2011-12-20","ActualArrivalTime","December 20, 2011               11:30 AM    "
"AA-431-MIA-SFO2011-12-20","ArrivalGate"," 57    "
"AA-3756-ORD-SLC2011-12-20","ExpectedDepartureTime","December 20, 2011               12:15 PM    "
"AA-3756-ORD-SLC2011-12-20","ActualDepartureTime","December 20, 2011               12:15 PM    "
"AA-3756-ORD-SLC2011-12-20","DepartureGate"," G5"
"AA-3756-ORD-SLC2011-12-20","ExpectedArrivalTime","December 20, 2011               02:45 PM    "
"AA-3756-ORD-SLC2011-12-20","ActualArrivalTime","December 20, 2011               02:36 PM    "
"AA-3756-ORD-SLC2011-12-20","ArrivalGate"," A3    "
"AA-2050-ORD-MIA2011-12-20","ExpectedDepartureTime","December 20, 2011               10:40 AM    "
"AA-2050-ORD-MIA2011-12-20","ActualDepartureTime","December 20, 2011               10:58 AM    "
"AA-2050-ORD-MIA2011-12-20","DepartureGate"," H15"
"AA-2050-ORD-MIA2011-12-20","ExpectedArrivalTime","December 20, 2011               02:45 PM    "
"AA-2050-ORD-MIA2011-12-20","ActualArrivalTime","December 20, 2011               02:54 PM    "
"AA-2050-ORD-MIA2011-12-20","ArrivalGate"," D40    "
"AA-3804-PHL-ORD2011-12-20","ExpectedDepartureTime","December 20, 2011               02:35 PM    "
"AA-3804-PHL-ORD2011-12-20","ActualDepartureTime","December 20, 2011               02:28 PM    "
"AA-3804-PHL-ORD2011-12-20","DepartureGate"," A7"
"AA-3804-PHL-ORD2011-12-20","ExpectedArrivalTime","December 20, 2011               04:05 PM    "
"AA-3804-PHL-ORD2011-12-20","ActualArrivalTime","December 20, 2011               03:45 PM    "
"AA-3804-PHL-ORD2011-12-20","ArrivalGate"," H5    "
"AA-1664-MIA-ATL2011-12-20","ExpectedDepartureTime","December 20, 2011               10:15 AM    "
"AA-1664-MIA-ATL2011-12-20","ActualDepartureTime","December 20, 2011               10:22 AM    "
"AA-1664-MIA-ATL2011-12-20","DepartureGate"," D32"
"AA-1664-MIA-ATL2011-12-20","ExpectedArrivalTime","December 20, 2011               12:10 PM    "
"AA-1664-MIA-ATL2011-12-20","ActualArrivalTime","December 20, 2011               12:19 PM    "
"AA-1664-MIA-ATL2011-12-20","ArrivalGate"," T11    "
"AA-789-ORD-DEN2011-12-20","ExpectedDepartureTime","December 20, 2011               01:05 PM    "
"AA-789-ORD-DEN2011-12-20","ActualDepartureTime","December 20, 2011               01:02 PM    "
"AA-789-ORD-DEN2011-12-20","DepartureGate"," K8"
"AA-789-ORD-DEN2011-12-20","ExpectedArrivalTime","December 20, 2011               02:35 PM    "
"AA-789-ORD-DEN2011-12-20","ActualArrivalTime","December 20, 2011               02:16 PM    "
"AA-789-ORD-DEN2011-12-20","ArrivalGate"," A49    "
"AA-1733-ORD-PHX2011-12-20","ExpectedDepartureTime","December 20, 2011               07:45 PM    "
"AA-1733-ORD-PHX2011-12-20","ActualDepartureTime","December 20, 2011               07:55 PM    "
"AA-1733-ORD-PHX2011-12-20","DepartureGate"," K8"
"AA-1733-ORD-PHX2011-12-20","ExpectedArrivalTime","December 20, 2011               10:30 PM    "
"AA-1733-ORD-PHX2011-12-20","ActualArrivalTime","December 20, 2011     "
"AA-1733-ORD-PHX2011-12-20","ArrivalGate"," 2    "
"AA-1733-ORD-PHX2011-12-20","ExpectedDepartureTime","December 20, 2011               07:45 PM    "
"AA-1733-ORD-PHX2011-12-20","ActualDepartureTime","December 20, 2011               07:55 PM    "
"AA-1733-ORD-PHX2011-12-20","DepartureGate"," K8"
"AA-1733-ORD-PHX2011-12-20","ExpectedArrivalTime","December 20, 2011               10:30 PM    "
"AA-1733-ORD-PHX2011-12-20","ActualArrivalTime","December 20, 2011     "
"AA-1733-ORD-PHX2011-12-20","ArrivalGate"," 2    "
"AA-4277-CVG-JFK2011-12-20","ExpectedDepartureTime","December 20, 2011               12:10 PM    "
"AA-4277-CVG-JFK2011-12-20","ActualDepartureTime","December 20, 2011               12:05 PM    "
"AA-4277-CVG-JFK2011-12-20","DepartureGate"," 1"
"AA-4277-CVG-JFK2011-12-20","ExpectedArrivalTime","December 20, 2011               02:15 PM    "
"AA-4277-CVG-JFK2011-12-20","ActualArrivalTime","December 20, 2011               01:49 PM    "
"AA-4277-CVG-JFK2011-12-20","ArrivalGate"," 31B    "
"AA-2312-DFW-DTW2011-12-20","ExpectedDepartureTime","December 20, 2011               08:25 PM    "
"AA-2312-DFW-DTW2011-12-20","ActualDepartureTime","December 20, 2011     "
"AA-2312-DFW-DTW2011-12-20","DepartureGate"," C31"
"AA-2312-DFW-DTW2011-12-20","ExpectedArrivalTime","December 20, 2011               11:50 PM    "
"AA-2312-DFW-DTW2011-12-20","ActualArrivalTime","December 20, 2011     "
"AA-2312-DFW-DTW2011-12-20","ArrivalGate"," D32    "
"AA-85-JFK-SFO2011-12-20","ExpectedDepartureTime","December 20, 2011               03:05 PM    "
"AA-85-JFK-SFO2011-12-20","ActualDepartureTime","December 20, 2011               03:28 PM    "
"AA-85-JFK-SFO2011-12-20","DepartureGate"," 6"
"AA-85-JFK-SFO2011-12-20","ExpectedArrivalTime","December 20, 2011               06:30 PM    "
"AA-85-JFK-SFO2011-12-20","ActualArrivalTime","December 20, 2011               06:34 PM    "
"AA-85-JFK-SFO2011-12-20","ArrivalGate"," 58B    "
"AA-404-MIA-MCO2011-12-20","ExpectedDepartureTime","December 20, 2011               06:45 AM    "
"AA-404-MIA-MCO2011-12-20","ActualDepartureTime","December 20, 2011               06:51 AM    "
"AA-404-MIA-MCO2011-12-20","DepartureGate"," E7"
"AA-404-MIA-MCO2011-12-20","ExpectedArrivalTime","December 20, 2011               07:45 AM    "
"AA-404-MIA-MCO2011-12-20","ActualArrivalTime","December 20, 2011               07:54 AM    "
"AA-404-MIA-MCO2011-12-20","ArrivalGate"," 15    "
"AA-446-DFW-PHL2011-12-20","ExpectedDepartureTime","December 20, 2011               11:50 AM    "
"AA-446-DFW-PHL2011-12-20","ActualDepartureTime","December 20, 2011               11:53 AM    "
"AA-446-DFW-PHL2011-12-20","DepartureGate"," D38"
"AA-446-DFW-PHL2011-12-20","ExpectedArrivalTime","December 20, 2011               03:50 PM    "
"AA-446-DFW-PHL2011-12-20","ActualArrivalTime","December 20, 2011               03:47 PM    "
"AA-446-DFW-PHL2011-12-20","ArrivalGate"," A9    "
"AA-2268-PHX-ORD2011-12-20","ExpectedDepartureTime","December 20, 2011               07:15 AM    "
"AA-2268-PHX-ORD2011-12-20","ActualDepartureTime","December 20, 2011               07:11 AM    "
"AA-2268-PHX-ORD2011-12-20","DepartureGate"," 6"
"AA-2268-PHX-ORD2011-12-20","ExpectedArrivalTime","December 20, 2011               11:35 AM    "
"AA-2268-PHX-ORD2011-12-20","ActualArrivalTime","December 20, 2011               11:14 AM    "
"AA-2268-PHX-ORD2011-12-20","ArrivalGate"," H15    "
"AA-4344-ORD-DTW2011-12-20","ExpectedDepartureTime","December 20, 2011               11:45 AM    "
"AA-4344-ORD-DTW2011-12-20","ActualDepartureTime","December 20, 2011               11:42 AM    "
"AA-4344-ORD-DTW2011-12-20","DepartureGate"," G1B"
"AA-4344-ORD-DTW2011-12-20","ExpectedArrivalTime","December 20, 2011               02:00 PM    "
"AA-4344-ORD-DTW2011-12-20","ActualArrivalTime","December 20, 2011               01:50 PM    "
"AA-4344-ORD-DTW2011-12-20","ArrivalGate"," D28    "
"AA-484-DFW-MIA2011-12-20","ExpectedDepartureTime","December 20, 2011               04:15 PM    "
"AA-484-DFW-MIA2011-12-20","ActualDepartureTime","December 20, 2011               04:55 PM    "
"AA-484-DFW-MIA2011-12-20","DepartureGate"," A19"
"AA-484-DFW-MIA2011-12-20","ExpectedArrivalTime","December 20, 2011               07:55 PM    "
"AA-484-DFW-MIA2011-12-20","ActualArrivalTime","December 20, 2011               08:56 PM    "
"AA-484-DFW-MIA2011-12-20","ArrivalGate"," D45    "
"AA-3979-CVG-ORD2011-12-20","ExpectedDepartureTime","December 20, 2011               07:30 AM    "
"AA-3979-CVG-ORD2011-12-20","ActualDepartureTime","December 20, 2011               07:25 AM    "
"AA-3979-CVG-ORD2011-12-20","DepartureGate"," 3"
"AA-3979-CVG-ORD2011-12-20","ExpectedArrivalTime","December 20, 2011               08:00 AM    "
"AA-3979-CVG-ORD2011-12-20","ActualArrivalTime","December 20, 2011               07:32 AM    "
"AA-3979-CVG-ORD2011-12-20","ArrivalGate"," H3B    "
"AA-3063-SLC-LAX2011-12-20","ExpectedDepartureTime","December 20, 2011               08:20 PM    "
"AA-3063-SLC-LAX2011-12-20","ActualDepartureTime","December 20, 2011               08:26 PM    "
"AA-3063-SLC-LAX2011-12-20","DepartureGate"," A3"
"AA-3063-SLC-LAX2011-12-20","ExpectedArrivalTime","December 20, 2011               09:20 PM    "
"AA-3063-SLC-LAX2011-12-20","ActualArrivalTime","December 20, 2011     "
"AA-3063-SLC-LAX2011-12-20","ArrivalGate"," 44G    "
"AA-3859-IAH-ORD2011-12-20","ExpectedDepartureTime","December 20, 2011               07:10 AM    "
"AA-3859-IAH-ORD2011-12-20","ActualDepartureTime","December 20, 2011               07:03 AM    "
"AA-3859-IAH-ORD2011-12-20","DepartureGate"," A29"
"AA-3859-IAH-ORD2011-12-20","ExpectedArrivalTime","December 20, 2011               09:40 AM    "
"AA-3859-IAH-ORD2011-12-20","ActualArrivalTime","December 20, 2011               09:15 AM    "
"AA-3859-IAH-ORD2011-12-20","ArrivalGate"," H2    "
"AA-3842-MSP-ORD2011-12-20","ExpectedDepartureTime","December 20, 2011               06:00 AM    "
"AA-3842-MSP-ORD2011-12-20","ActualDepartureTime","December 20, 2011               06:00 AM    "
"AA-3842-MSP-ORD2011-12-20","DepartureGate"," E14"
"AA-3842-MSP-ORD2011-12-20","ExpectedArrivalTime","December 20, 2011               07:30 AM    "
"AA-3842-MSP-ORD2011-12-20","ActualArrivalTime","December 20, 2011               07:13 AM    "
"AA-3842-MSP-ORD2011-12-20","ArrivalGate"," H1B    "
"AA-1544-SAN-ORD2011-12-20","ExpectedDepartureTime","December 20, 2011               11:25 AM    "
"AA-1544-SAN-ORD2011-12-20","ActualDepartureTime","December 20, 2011               11:37 AM    "
"AA-1544-SAN-ORD2011-12-20","DepartureGate"," 27"
"AA-1544-SAN-ORD2011-12-20","ExpectedArrivalTime","December 20, 2011               05:25 PM    "
"AA-1544-SAN-ORD2011-12-20","ActualArrivalTime","December 20, 2011               05:55 PM    "
"AA-1544-SAN-ORD2011-12-20","ArrivalGate"," H6    "
"AA-649-ORD-SNA2011-12-20","ExpectedDepartureTime","December 20, 2011               01:30 PM    "
"AA-649-ORD-SNA2011-12-20","ActualDepartureTime","December 20, 2011     "
"AA-649-ORD-SNA2011-12-20","DepartureGate"," H10"
"AA-649-ORD-SNA2011-12-20","ExpectedArrivalTime","December 20, 2011               03:50 PM    "
"AA-649-ORD-SNA2011-12-20","ActualArrivalTime","December 20, 2011     "
"AA-649-ORD-SNA2011-12-20","ArrivalGate"," 7    "
"AA-1640-MIA-MCO2011-12-20","ExpectedDepartureTime","December 20, 2011               06:30 PM    "
"AA-1640-MIA-MCO2011-12-20","ActualDepartureTime","December 20, 2011     "
"AA-1640-MIA-MCO2011-12-20","DepartureGate"," D42"
"AA-1640-MIA-MCO2011-12-20","ExpectedArrivalTime","December 20, 2011               07:25 PM    "
"AA-1640-MIA-MCO2011-12-20","ActualArrivalTime","December 20, 2011     "
"AA-1640-MIA-MCO2011-12-20","ArrivalGate"," 14    "
"AA-518-MIA-JFK2011-12-20","ExpectedDepartureTime","December 20, 2011               06:30 AM    "
"AA-518-MIA-JFK2011-12-20","ActualDepartureTime","December 20, 2011               06:27 AM    "
"AA-518-MIA-JFK2011-12-20","DepartureGate"," D11"
"AA-518-MIA-JFK2011-12-20","ExpectedArrivalTime","December 20, 2011               09:15 AM    "
"AA-518-MIA-JFK2011-12-20","ActualArrivalTime","December 20, 2011               09:13 AM    "
"AA-518-MIA-JFK2011-12-20","ArrivalGate"," 12    "
"AA-2525-DFW-MIA2011-12-20","ExpectedDepartureTime","December 20, 2011               07:25 AM    "
"AA-2525-DFW-MIA2011-12-20","ActualDepartureTime","December 20, 2011               07:27 AM    "
"AA-2525-DFW-MIA2011-12-20","DepartureGate"," D36"
"AA-2525-DFW-MIA2011-12-20","ExpectedArrivalTime","December 20, 2011               11:10 AM    "
"AA-2525-DFW-MIA2011-12-20","ActualArrivalTime","December 20, 2011               11:11 AM    "
"AA-2525-DFW-MIA2011-12-20","ArrivalGate"," D16    "
"AA-1279-DFW-PHX2011-12-20","ExpectedDepartureTime","December 20, 2011               01:00 PM    "
"AA-1279-DFW-PHX2011-12-20","ActualDepartureTime","December 20, 2011               01:05 PM    "
"AA-1279-DFW-PHX2011-12-20","DepartureGate"," C2"
"AA-1279-DFW-PHX2011-12-20","ExpectedArrivalTime","December 20, 2011               02:35 PM    "
"AA-1279-DFW-PHX2011-12-20","ActualArrivalTime","December 20, 2011               02:32 PM    "
"AA-1279-DFW-PHX2011-12-20","ArrivalGate"," 4    "
"AA-1522-SFO-ORD2011-12-20","ExpectedDepartureTime","December 20, 2011               11:55 PM    "
"AA-1522-SFO-ORD2011-12-20","ActualDepartureTime","December 20, 2011     "
"AA-1522-SFO-ORD2011-12-20","DepartureGate"," 57"
"AA-1522-SFO-ORD2011-12-20","ExpectedArrivalTime","December 21, 2011               05:50 AM    "
"AA-1522-SFO-ORD2011-12-20","ActualArrivalTime","December 21, 2011     "
"AA-1522-SFO-ORD2011-12-20","ArrivalGate"," H10    "
"AA-1434-DFW-MCO2011-12-20","ExpectedDepartureTime","December 20, 2011               07:15 AM    "
"AA-1434-DFW-MCO2011-12-20","ActualDepartureTime","December 20, 2011               07:14 AM    "
"AA-1434-DFW-MCO2011-12-20","DepartureGate"," D21"
"AA-1434-DFW-MCO2011-12-20","ExpectedArrivalTime","December 20, 2011               10:35 AM    "
"AA-1434-DFW-MCO2011-12-20","ActualArrivalTime","December 20, 2011               10:37 AM    "
"AA-1434-DFW-MCO2011-12-20","ArrivalGate"," 16    "
"AA-59-JFK-SFO2011-12-20","ExpectedDepartureTime","December 20, 2011               07:10 AM    "
"AA-59-JFK-SFO2011-12-20","ActualDepartureTime","December 20, 2011               07:03 AM    "
"AA-59-JFK-SFO2011-12-20","DepartureGate"," 45"
"AA-59-JFK-SFO2011-12-20","ExpectedArrivalTime","December 20, 2011               10:45 AM    "
"AA-59-JFK-SFO2011-12-20","ActualArrivalTime","December 20, 2011               10:07 AM    "
"AA-59-JFK-SFO2011-12-20","ArrivalGate"," 58B    "
"AA-415-BOS-ORD2011-12-20","ExpectedDepartureTime","December 20, 2011               08:35 AM    "
"AA-415-BOS-ORD2011-12-20","ActualDepartureTime","December 20, 2011               08:33 AM    "
"AA-415-BOS-ORD2011-12-20","DepartureGate"," B36"
"AA-415-BOS-ORD2011-12-20","ExpectedArrivalTime","December 20, 2011               10:40 AM    "
"AA-415-BOS-ORD2011-12-20","ActualArrivalTime","December 20, 2011               10:29 AM    "
"AA-415-BOS-ORD2011-12-20","ArrivalGate"," K5    "
"AA-222-LAX-BOS2011-12-20","ExpectedDepartureTime","December 20, 2011               07:10 AM    "
"AA-222-LAX-BOS2011-12-20","ActualDepartureTime","December 20, 2011               10:46 AM    "
"AA-222-LAX-BOS2011-12-20","DepartureGate"," 46A"
"AA-222-LAX-BOS2011-12-20","ExpectedArrivalTime","December 20, 2011               03:30 PM    "
"AA-222-LAX-BOS2011-12-20","ActualArrivalTime","December 20, 2011               07:16 PM    "
"AA-222-LAX-BOS2011-12-20","ArrivalGate"," B28    "
"AA-3823-LAX-DEN2011-12-20","ExpectedDepartureTime","December 20, 2011               09:00 PM    "
"AA-3823-LAX-DEN2011-12-20","ActualDepartureTime","December 20, 2011     "
"AA-3823-LAX-DEN2011-12-20","DepartureGate"," 44E"
"AA-3823-LAX-DEN2011-12-20","ExpectedArrivalTime","December 21, 2011               12:15 AM    "
"AA-3823-LAX-DEN2011-12-20","ActualArrivalTime","December 21, 2011     "
"AA-3823-LAX-DEN2011-12-20","ArrivalGate"," A49    "
"AA-1165-JFK-MIA2011-12-20","ExpectedDepartureTime","December 20, 2011               06:59 AM    "
"AA-1165-JFK-MIA2011-12-20","ActualDepartureTime","December 20, 2011               07:05 AM    "
"AA-1165-JFK-MIA2011-12-20","DepartureGate"," 6"
"AA-1165-JFK-MIA2011-12-20","ExpectedArrivalTime","December 20, 2011               10:34 AM    "
"AA-1165-JFK-MIA2011-12-20","ActualArrivalTime","December 20, 2011               10:13 AM    "
"AA-1165-JFK-MIA2011-12-20","ArrivalGate"," D25    "
"AA-3786-IAH-ORD2011-12-20","ExpectedDepartureTime","December 20, 2011               04:00 PM    "
"AA-3786-IAH-ORD2011-12-20","ActualDepartureTime","December 20, 2011               03:55 PM    "
"AA-3786-IAH-ORD2011-12-20","DepartureGate"," A29"
"AA-3786-IAH-ORD2011-12-20","ExpectedArrivalTime","December 20, 2011               06:40 PM    "
"AA-3786-IAH-ORD2011-12-20","ActualArrivalTime","December 20, 2011               06:28 PM    "
"AA-3786-IAH-ORD2011-12-20","ArrivalGate"," G9    "
"AA-3468-CVG-MIA2011-12-20","ExpectedDepartureTime","December 20, 2011               07:00 AM    "
"AA-3468-CVG-MIA2011-12-20","ActualDepartureTime","December 20, 2011               06:59 AM    "
"AA-3468-CVG-MIA2011-12-20","DepartureGate"," 5"
"AA-3468-CVG-MIA2011-12-20","ExpectedArrivalTime","December 20, 2011               09:55 AM    "
"AA-3468-CVG-MIA2011-12-20","ActualArrivalTime","December 20, 2011               09:26 AM    "
"AA-3468-CVG-MIA2011-12-20","ArrivalGate"," D53    "
"AA-204-LAX-MCO2011-12-20","ExpectedDepartureTime","December 20, 2011               11:25 PM    "
"AA-204-LAX-MCO2011-12-20","ActualDepartureTime","December 20, 2011     "
"AA-204-LAX-MCO2011-12-20","DepartureGate"," 45"
"AA-204-LAX-MCO2011-12-20","ExpectedArrivalTime","December 21, 2011               06:55 AM    "
"AA-204-LAX-MCO2011-12-20","ActualArrivalTime","December 21, 2011     "
"AA-204-LAX-MCO2011-12-20","ArrivalGate"," TBA    "
"AA-466-IAH-MIA2011-12-20","ExpectedDepartureTime","December 20, 2011               06:00 AM    "
"AA-466-IAH-MIA2011-12-20","ActualDepartureTime","December 20, 2011               06:02 AM    "
"AA-466-IAH-MIA2011-12-20","DepartureGate"," A27"
"AA-466-IAH-MIA2011-12-20","ExpectedArrivalTime","December 20, 2011               09:20 AM    "
"AA-466-IAH-MIA2011-12-20","ActualArrivalTime","December 20, 2011               09:22 AM    "
"AA-466-IAH-MIA2011-12-20","ArrivalGate"," D12    "
"AA-3-JFK-LAX2011-12-20","ExpectedDepartureTime","December 20, 2011               12:00 PM    "
"AA-3-JFK-LAX2011-12-20","ActualDepartureTime","December 20, 2011               11:52 AM    "
"AA-3-JFK-LAX2011-12-20","DepartureGate"," 42"
"AA-3-JFK-LAX2011-12-20","ExpectedArrivalTime","December 20, 2011               03:15 PM    "
"AA-3-JFK-LAX2011-12-20","ActualArrivalTime","December 20, 2011               02:28 PM    "
"AA-3-JFK-LAX2011-12-20","ArrivalGate"," 47B    "
"AA-1007-MIA-PHX2011-12-20","ExpectedDepartureTime","December 20, 2011               04:55 PM    "
"AA-1007-MIA-PHX2011-12-20","ActualDepartureTime","December 20, 2011               04:54 PM    "
"AA-1007-MIA-PHX2011-12-20","DepartureGate"," D38"
"AA-1007-MIA-PHX2011-12-20","ExpectedArrivalTime","December 20, 2011               08:05 PM    "
"AA-1007-MIA-PHX2011-12-20","ActualArrivalTime","December 20, 2011               07:49 PM    "
"AA-1007-MIA-PHX2011-12-20","ArrivalGate"," 6    "
"AA-271-MIA-LAX2011-12-20","ExpectedDepartureTime","December 20, 2011               11:35 AM    "
"AA-271-MIA-LAX2011-12-20","ActualDepartureTime","December 20, 2011               11:44 AM    "
"AA-271-MIA-LAX2011-12-20","DepartureGate"," D24"
"AA-271-MIA-LAX2011-12-20","ExpectedArrivalTime","December 20, 2011               02:25 PM    "
"AA-271-MIA-LAX2011-12-20","ActualArrivalTime","December 20, 2011               02:10 PM    "
"AA-271-MIA-LAX2011-12-20","ArrivalGate"," 45    "
"AA-643-MIA-ORD2011-12-20","ExpectedDepartureTime","December 20, 2011               07:10 AM    "
"AA-643-MIA-ORD2011-12-20","ActualDepartureTime","December 20, 2011               07:04 AM    "
"AA-643-MIA-ORD2011-12-20","DepartureGate"," D16"
"AA-643-MIA-ORD2011-12-20","ExpectedArrivalTime","December 20, 2011               09:35 AM    "
"AA-643-MIA-ORD2011-12-20","ActualArrivalTime","December 20, 2011               09:05 AM    "
"AA-643-MIA-ORD2011-12-20","ArrivalGate"," H15    "
"AA-4198-ORD-CLE2011-12-20","ExpectedDepartureTime","December 20, 2011               10:40 AM    "
"AA-4198-ORD-CLE2011-12-20","ActualDepartureTime","December 20, 2011               10:36 AM    "
"AA-4198-ORD-CLE2011-12-20","DepartureGate"," G2A"
"AA-4198-ORD-CLE2011-12-20","ExpectedArrivalTime","December 20, 2011               12:55 PM    "
"AA-4198-ORD-CLE2011-12-20","ActualArrivalTime","December 20, 2011               12:50 PM    "
"AA-4198-ORD-CLE2011-12-20","ArrivalGate"," A1    "
"AA-400-DFW-JFK2011-12-20","ExpectedDepartureTime","December 20, 2011               10:40 AM    "
"AA-400-DFW-JFK2011-12-20","ActualDepartureTime","December 20, 2011               10:36 AM    "
"AA-400-DFW-JFK2011-12-20","DepartureGate"," D20"
"AA-400-DFW-JFK2011-12-20","ExpectedArrivalTime","December 20, 2011               02:59 PM    "
"AA-400-DFW-JFK2011-12-20","ActualArrivalTime","December 20, 2011               02:31 PM    "
"AA-400-DFW-JFK2011-12-20","ArrivalGate"," 44    "
"AA-1886-BOS-MIA2011-12-20","ExpectedDepartureTime","December 20, 2011               10:45 AM    "
"AA-1886-BOS-MIA2011-12-20","ActualDepartureTime","December 20, 2011               11:02 AM    "
"AA-1886-BOS-MIA2011-12-20","DepartureGate"," B35"
"AA-1886-BOS-MIA2011-12-20","ExpectedArrivalTime","December 20, 2011               02:20 PM    "
"AA-1886-BOS-MIA2011-12-20","ActualArrivalTime","December 20, 2011               02:29 PM    "
"AA-1886-BOS-MIA2011-12-20","ArrivalGate"," D5    "
"AA-1917-JFK-MCO2011-12-20","ExpectedDepartureTime","December 20, 2011               02:55 PM    "
"AA-1917-JFK-MCO2011-12-20","ActualDepartureTime","December 20, 2011               02:52 PM    "
"AA-1917-JFK-MCO2011-12-20","DepartureGate"," 7"
"AA-1917-JFK-MCO2011-12-20","ExpectedArrivalTime","December 20, 2011               05:55 PM    "
"AA-1917-JFK-MCO2011-12-20","ActualArrivalTime","December 20, 2011               05:36 PM    "
"AA-1917-JFK-MCO2011-12-20","ArrivalGate"," 16    "
"AA-3809-PHX-LAX2011-12-20","ExpectedDepartureTime","December 20, 2011               06:00 AM    "
"AA-3809-PHX-LAX2011-12-20","ActualDepartureTime","December 20, 2011               05:54 AM    "
"AA-3809-PHX-LAX2011-12-20","DepartureGate"," 2"
"AA-3809-PHX-LAX2011-12-20","ExpectedArrivalTime","December 20, 2011               06:40 AM    "
"AA-3809-PHX-LAX2011-12-20","ActualArrivalTime","December 20, 2011               06:22 AM    "
"AA-3809-PHX-LAX2011-12-20","ArrivalGate"," 44J    "
"AA-2957-DFW-CVG2011-12-20","ExpectedDepartureTime","December 20, 2011               07:55 AM    "
"AA-2957-DFW-CVG2011-12-20","ActualDepartureTime","December 20, 2011               08:08 AM    "
"AA-2957-DFW-CVG2011-12-20","DepartureGate"," B4A"
"AA-2957-DFW-CVG2011-12-20","ExpectedArrivalTime","December 20, 2011               11:05 AM    "
"AA-2957-DFW-CVG2011-12-20","ActualArrivalTime","December 20, 2011               11:19 AM    "
"AA-2957-DFW-CVG2011-12-20","ArrivalGate"," 3    "
"UA-1500-IAH-GUA2011-12-20","ExpectedDepartureTime","Tue, Dec 20 8:50 AM"
"UA-1500-IAH-GUA2011-12-20","ActualDepartureTime","Tue, Dec 20 9:38 AM            Delayed"
"UA-1500-IAH-GUA2011-12-20","DepartureGate","E9"
"UA-1500-IAH-GUA2011-12-20","ExpectedArrivalTime","Tue, Dec 20 11:43 AM"
"UA-1500-IAH-GUA2011-12-20","ActualArrivalTime","Tue, Dec 20 12:25 PM"
"UA-1500-IAH-GUA2011-12-20","ArrivalGate","15"
"UA-3515-IAD-MSP2011-12-20","ExpectedDepartureTime","Tue, Dec 20 8:19 AM"
"UA-3515-IAD-MSP2011-12-20","ActualDepartureTime","Tue, Dec 20 8:26 AM"
"UA-3515-IAD-MSP2011-12-20","DepartureGate","D18"
"UA-3515-IAD-MSP2011-12-20","ExpectedArrivalTime","Tue, Dec 20 10:09 AM"
"UA-3515-IAD-MSP2011-12-20","ActualArrivalTime","Tue, Dec 20 10:18 AM"
"UA-3515-IAD-MSP2011-12-20","ArrivalGate","E8"
"UA-664-ORD-PHL2011-12-20","ExpectedDepartureTime","Tue, Dec 20 1:35 PM"
"UA-664-ORD-PHL2011-12-20","ActualDepartureTime","Tue, Dec 20 1:39 PM            Delayed"
"UA-664-ORD-PHL2011-12-20","DepartureGate","C15"
"UA-664-ORD-PHL2011-12-20","ExpectedArrivalTime","Tue, Dec 20 4:38 PM"
"UA-664-ORD-PHL2011-12-20","ActualArrivalTime","Tue, Dec 20 4:25 PM"
"UA-664-ORD-PHL2011-12-20","ArrivalGate","D9"
"UA-414-LAX-SFO2011-12-20","ExpectedDepartureTime","Tue, Dec 20 6:00 AM"
"UA-414-LAX-SFO2011-12-20","ActualDepartureTime","Tue, Dec 20 5:55 AM"
"UA-414-LAX-SFO2011-12-20","DepartureGate","84"
"UA-414-LAX-SFO2011-12-20","ExpectedArrivalTime","Tue, Dec 20 7:26 AM"
"UA-414-LAX-SFO2011-12-20","ActualArrivalTime","Tue, Dec 20 7:07 AM"
"UA-414-LAX-SFO2011-12-20","ArrivalGate","75"
"UA-257-JFK-SFO2011-12-20","ExpectedDepartureTime","Tue, Dec 20 2:30 PM"
"UA-257-JFK-SFO2011-12-20","ActualDepartureTime","Tue, Dec 20 2:25 PM"
"UA-257-JFK-SFO2011-12-20","DepartureGate","10"
"UA-257-JFK-SFO2011-12-20","ExpectedArrivalTime","Tue, Dec 20 6:14 PM"
"UA-257-JFK-SFO2011-12-20","ActualArrivalTime","Tue, Dec 20 5:10 PM"
"UA-257-JFK-SFO2011-12-20","ArrivalGate","80"
"UA-62-IAH-EWR2011-12-20","ExpectedDepartureTime","Tue, Dec 20 2:30 PM"
"UA-62-IAH-EWR2011-12-20","ActualDepartureTime","Tue, Dec 20 2:47 PM"
"UA-62-IAH-EWR2011-12-20","DepartureGate","E17"
"UA-62-IAH-EWR2011-12-20","ExpectedArrivalTime","Tue, Dec 20 7:03 PM"
"UA-62-IAH-EWR2011-12-20","ActualArrivalTime","Tue, Dec 20 7:22 PM"
"UA-62-IAH-EWR2011-12-20","ArrivalGate","C123"
"UA-843-LAX-ORD2011-12-20","ExpectedDepartureTime","Tue, Dec 20 2:10 PM"
"UA-843-LAX-ORD2011-12-20","ActualDepartureTime","Tue, Dec 20 2:18 PM"
"UA-843-LAX-ORD2011-12-20","DepartureGate","77"
"UA-843-LAX-ORD2011-12-20","ExpectedArrivalTime","Tue, Dec 20 8:12 PM"
"UA-843-LAX-ORD2011-12-20","ActualArrivalTime","Tue, Dec 20 8:36 PM"
"UA-843-LAX-ORD2011-12-20","ArrivalGate","C19"
"UA-248-PHX-ORD2011-12-20","ExpectedDepartureTime","Tue, Dec 20 12:46 PM"
"UA-248-PHX-ORD2011-12-20","ActualDepartureTime","Tue, Dec 20 12:46 PM"
"UA-248-PHX-ORD2011-12-20","DepartureGate","3"
"UA-248-PHX-ORD2011-12-20","ExpectedArrivalTime","Tue, Dec 20 5:07 PM"
"UA-248-PHX-ORD2011-12-20","ActualArrivalTime","Tue, Dec 20 5:13 PM"
"UA-248-PHX-ORD2011-12-20","ArrivalGate","C29"
"UA-248-PHX-ORD2011-12-20","ExpectedDepartureTime","Tue, Dec 20 12:46 PM"
"UA-248-PHX-ORD2011-12-20","ActualDepartureTime","Tue, Dec 20 12:37 PM"
"UA-248-PHX-ORD2011-12-20","DepartureGate","3"
"UA-248-PHX-ORD2011-12-20","ExpectedArrivalTime","Tue, Dec 20 5:07 PM"
"UA-248-PHX-ORD2011-12-20","ActualArrivalTime","Tue, Dec 20 4:53 PM"
"UA-248-PHX-ORD2011-12-20","ArrivalGate","C29"
"UA-397-JFK-SFO2011-12-20","ExpectedDepartureTime","Tue, Dec 20 8:25 AM"
"UA-397-JFK-SFO2011-12-20","ActualDepartureTime","Tue, Dec 20 8:22 AM"
"UA-397-JFK-SFO2011-12-20","DepartureGate","7"
"UA-397-JFK-SFO2011-12-20","ExpectedArrivalTime","Tue, Dec 20 12:14 PM"
"UA-397-JFK-SFO2011-12-20","ActualArrivalTime","Tue, Dec 20 11:11 AM"
"UA-397-JFK-SFO2011-12-20","ArrivalGate","80"
"UA-2704-DTW-PHX2011-12-20","ExpectedDepartureTime","Tue, Dec 20 11:15 AM"
"UA-2704-DTW-PHX2011-12-20","ActualDepartureTime","Tue, Dec 20 11:15 AM"
"UA-2704-DTW-PHX2011-12-20","DepartureGate","D14"
"UA-2704-DTW-PHX2011-12-20","ExpectedArrivalTime","Tue, Dec 20 1:40 PM"
"UA-2704-DTW-PHX2011-12-20","ActualArrivalTime","Tue, Dec 20 1:13 PM"
"UA-2704-DTW-PHX2011-12-20","ArrivalGate","A8"
"UA-2515-DFW-CLT2011-12-20","ExpectedDepartureTime","Tue, Dec 20 7:00 AM"
"UA-2515-DFW-CLT2011-12-20","ActualDepartureTime","Tue, Dec 20 7:06 AM"
"UA-2515-DFW-CLT2011-12-20","DepartureGate","E36"
"UA-2515-DFW-CLT2011-12-20","ExpectedArrivalTime","Tue, Dec 20 10:26 AM"
"UA-2515-DFW-CLT2011-12-20","ActualArrivalTime","Tue, Dec 20 10:19 AM"
"UA-2515-DFW-CLT2011-12-20","ArrivalGate","B3"
"UA-3373-IAD-PHL2011-12-20","ExpectedDepartureTime","Tue, Dec 20 8:30 AM"
"UA-3373-IAD-PHL2011-12-20","ActualDepartureTime","Tue, Dec 20 8:27 AM"
"UA-3373-IAD-PHL2011-12-20","DepartureGate","C20"
"UA-3373-IAD-PHL2011-12-20","ExpectedArrivalTime","Tue, Dec 20 9:25 AM"
"UA-3373-IAD-PHL2011-12-20","ActualArrivalTime","Tue, Dec 20 9:36 AM"
"UA-3373-IAD-PHL2011-12-20","ArrivalGate","D7"
"UA-2906-PHL-MCO2011-12-20","ExpectedDepartureTime","Tue, Dec 20 3:50 PM"
"UA-2906-PHL-MCO2011-12-20","ActualDepartureTime","Tue, Dec 20 3:50 PM            Delayed"
"UA-2906-PHL-MCO2011-12-20","DepartureGate","B13"
"UA-2906-PHL-MCO2011-12-20","ExpectedArrivalTime","Tue, Dec 20 6:23 PM"
"UA-2906-PHL-MCO2011-12-20","ActualArrivalTime","Tue, Dec 20 6:26 PM"
"UA-2906-PHL-MCO2011-12-20","ArrivalGate","58"
"UA-938-DEN-ORD2011-12-20","ExpectedDepartureTime","Tue, Dec 20 3:54 PM"
"UA-938-DEN-ORD2011-12-20","ActualDepartureTime","Tue, Dec 20 4:00 PM"
"UA-938-DEN-ORD2011-12-20","DepartureGate","B42"
"UA-938-DEN-ORD2011-12-20","ExpectedArrivalTime","Tue, Dec 20 7:17 PM"
"UA-938-DEN-ORD2011-12-20","ActualArrivalTime","Tue, Dec 20 7:35 PM"
"UA-938-DEN-ORD2011-12-20","ArrivalGate","C19"
"UA-3099-PHX-PHL2011-12-20","ExpectedDepartureTime","Tue, Dec 20 11:55 AM"
"UA-3099-PHX-PHL2011-12-20","ActualDepartureTime","Tue, Dec 20 11:55 AM"
"UA-3099-PHX-PHL2011-12-20","DepartureGate","A14"
"UA-3099-PHX-PHL2011-12-20","ExpectedArrivalTime","Tue, Dec 20 6:17 PM"
"UA-3099-PHX-PHL2011-12-20","ActualArrivalTime","Tue, Dec 20 6:16 PM"
"UA-3099-PHX-PHL2011-12-20","ArrivalGate","C29"
"UA-3925-IAD-ORF2011-12-20","ExpectedDepartureTime","Tue, Dec 20 8:42 AM"
"UA-3925-IAD-ORF2011-12-20","ActualDepartureTime","Tue, Dec 20 11:27 AM"
"UA-3925-IAD-ORF2011-12-20","DepartureGate","A2G"
"UA-3925-IAD-ORF2011-12-20","ExpectedArrivalTime","Tue, Dec 20 9:55 AM"
"UA-3925-IAD-ORF2011-12-20","ActualArrivalTime","Tue, Dec 20 12:23 PM"
"UA-5487-SFO-MRY2011-12-20","ExpectedDepartureTime","Tue, Dec 20 10:37 AM"
"UA-5487-SFO-MRY2011-12-20","ActualDepartureTime","Tue, Dec 20 10:41 AM"
"UA-5487-SFO-MRY2011-12-20","DepartureGate","76A"
"UA-5487-SFO-MRY2011-12-20","ExpectedArrivalTime","Tue, Dec 20 11:24 AM"
"UA-5487-SFO-MRY2011-12-20","ActualArrivalTime","Tue, Dec 20 11:21 AM"
"UA-3050-PHX-CLT2011-12-20","ExpectedDepartureTime","Tue, Dec 20 11:05 AM"
"UA-3050-PHX-CLT2011-12-20","ActualDepartureTime","Tue, Dec 20 11:05 AM"
"UA-3050-PHX-CLT2011-12-20","DepartureGate","A3"
"UA-3050-PHX-CLT2011-12-20","ExpectedArrivalTime","Tue, Dec 20 4:57 PM"
"UA-3050-PHX-CLT2011-12-20","ActualArrivalTime","Tue, Dec 20 4:52 PM"
"UA-3050-PHX-CLT2011-12-20","ArrivalGate","B6"
"UA-828-SFO-ORD2011-12-20","ExpectedDepartureTime","Tue, Dec 20 11:13 PM"
"UA-828-SFO-ORD2011-12-20","ActualDepartureTime","Tue, Dec 20 11:13 PM            On Time"
"UA-828-SFO-ORD2011-12-20","DepartureGate","84"
"UA-828-SFO-ORD2011-12-20","ExpectedArrivalTime","Wed, Dec 21 5:15 AM"
"UA-828-SFO-ORD2011-12-20","ActualArrivalTime","Wed, Dec 21 5:15 AM"
"UA-828-SFO-ORD2011-12-20","ArrivalGate","C26"
"UA-2830-MCO-CLT2011-12-20","ExpectedDepartureTime","Tue, Dec 20 3:27 PM"
"UA-2830-MCO-CLT2011-12-20","ActualDepartureTime","Tue, Dec 20 3:40 PM"
"UA-2830-MCO-CLT2011-12-20","DepartureGate","58"
"UA-2830-MCO-CLT2011-12-20","ExpectedArrivalTime","Tue, Dec 20 5:05 PM"
"UA-2830-MCO-CLT2011-12-20","ActualArrivalTime","Tue, Dec 20 5:14 PM"
"UA-2830-MCO-CLT2011-12-20","ArrivalGate","B8"
"UA-37-EWR-MCO2011-12-20","ExpectedDepartureTime","Tue, Dec 20 1:29 PM"
"UA-37-EWR-MCO2011-12-20","ActualDepartureTime","Tue, Dec 20 1:58 PM            Delayed"
"UA-37-EWR-MCO2011-12-20","DepartureGate","C126"
"UA-37-EWR-MCO2011-12-20","ExpectedArrivalTime","Tue, Dec 20 4:22 PM"
"UA-37-EWR-MCO2011-12-20","ActualArrivalTime","Tue, Dec 20 4:39 PM"
"UA-37-EWR-MCO2011-12-20","ArrivalGate","39"
"UA-37-EDI-EWR2011-12-20","ExpectedDepartureTime","Tue, Dec 20 9:05 AM"
"UA-37-EDI-EWR2011-12-20","ActualDepartureTime","Tue, Dec 20 8:54 AM"
"UA-37-EDI-EWR2011-12-20","ExpectedArrivalTime","Tue, Dec 20 11:53 AM"
"UA-37-EDI-EWR2011-12-20","ActualArrivalTime","Tue, Dec 20 11:50 AM"
"UA-37-EDI-EWR2011-12-20","ArrivalGate","B54"
"UA-2708-EWR-CLT2011-12-20","ExpectedDepartureTime","Tue, Dec 20 2:55 PM"
"UA-2708-EWR-CLT2011-12-20","ActualDepartureTime","Tue, Dec 20 2:55 PM"
"UA-2708-EWR-CLT2011-12-20","DepartureGate","A37"
"UA-2708-EWR-CLT2011-12-20","ExpectedArrivalTime","Tue, Dec 20 4:53 PM"
"UA-2708-EWR-CLT2011-12-20","ActualArrivalTime","Tue, Dec 20 4:43 PM"
"UA-2708-EWR-CLT2011-12-20","ArrivalGate","C13"
"UA-233-LAX-JFK2011-12-20","ExpectedDepartureTime","Tue, Dec 20 4:25 PM"
"UA-233-LAX-JFK2011-12-20","ActualDepartureTime","Tue, Dec 20 4:25 PM"
"UA-233-LAX-JFK2011-12-20","DepartureGate","77"
"UA-233-LAX-JFK2011-12-20","ExpectedArrivalTime","Wed, Dec 21 12:44 AM"
"UA-233-LAX-JFK2011-12-20","ActualArrivalTime","Wed, Dec 21 12:44 AM"
"UA-233-LAX-JFK2011-12-20","ArrivalGate","4"
"UA-2726-FLL-PHL2011-12-20","ExpectedDepartureTime","Tue, Dec 20 4:00 PM"
"UA-2726-FLL-PHL2011-12-20","ActualDepartureTime","Tue, Dec 20 4:26 PM"
"UA-2726-FLL-PHL2011-12-20","DepartureGate","E3"
"UA-2726-FLL-PHL2011-12-20","ExpectedArrivalTime","Tue, Dec 20 6:46 PM"
"UA-2726-FLL-PHL2011-12-20","ActualArrivalTime","Tue, Dec 20 6:50 PM"
"UA-2726-FLL-PHL2011-12-20","ArrivalGate","C20"
"UA-2945-PHL-CLT2011-12-20","ExpectedDepartureTime","Tue, Dec 20 12:00 AM"
"UA-2945-PHL-CLT2011-12-20","ActualDepartureTime","Tue, Dec 20 9:11 AM"
"UA-2945-PHL-CLT2011-12-20","DepartureGate","C21"
"UA-2945-PHL-CLT2011-12-20","ExpectedArrivalTime","Tue, Dec 20 1:45 PM"
"UA-2945-PHL-CLT2011-12-20","ActualArrivalTime","Tue, Dec 20 1:42 PM"
"UA-2945-PHL-CLT2011-12-20","ArrivalGate","C12"
"UA-6273-YYC-SFO2011-12-20","ExpectedDepartureTime","Tue, Dec 20 7:45 AM"
"UA-6273-YYC-SFO2011-12-20","ActualDepartureTime","Tue, Dec 20 7:37 AM"
"UA-6273-YYC-SFO2011-12-20","ExpectedArrivalTime","Tue, Dec 20 9:53 AM"
"UA-6273-YYC-SFO2011-12-20","ActualArrivalTime","Tue, Dec 20 9:37 AM"
"UA-6273-YYC-SFO2011-12-20","ArrivalGate","77B"
"UA-2314-ATL-PHL2011-12-20","ExpectedDepartureTime","Tue, Dec 20 2:55 PM"
"UA-2314-ATL-PHL2011-12-20","ActualDepartureTime","Tue, Dec 20 3:00 PM"
"UA-2314-ATL-PHL2011-12-20","DepartureGate","D23"
"UA-2314-ATL-PHL2011-12-20","ExpectedArrivalTime","Tue, Dec 20 5:00 PM"
"UA-2314-ATL-PHL2011-12-20","ActualArrivalTime","Tue, Dec 20 4:43 PM"
"UA-2314-ATL-PHL2011-12-20","ArrivalGate","A4"
"UA-382-IAD-LAX2011-12-20","ExpectedDepartureTime","Tue, Dec 20 8:35 AM"
"UA-382-IAD-LAX2011-12-20","ActualDepartureTime","Tue, Dec 20 8:29 AM"
"UA-382-IAD-LAX2011-12-20","DepartureGate","C17"
"UA-382-IAD-LAX2011-12-20","ExpectedArrivalTime","Tue, Dec 20 11:28 AM"
"UA-382-IAD-LAX2011-12-20","ActualArrivalTime","Tue, Dec 20 11:01 AM"
"UA-382-IAD-LAX2011-12-20","ArrivalGate","84"
"UA-858-PVG-SFO2011-12-20","ExpectedDepartureTime","Tue, Dec 20 1:45 PM"
"UA-858-PVG-SFO2011-12-20","ActualDepartureTime","Tue, Dec 20 1:37 PM"
"UA-858-PVG-SFO2011-12-20","DepartureGate","75"
"UA-858-PVG-SFO2011-12-20","ExpectedArrivalTime","Tue, Dec 20 8:27 AM"
"UA-858-PVG-SFO2011-12-20","ActualArrivalTime","Tue, Dec 20 8:23 AM"
"UA-858-PVG-SFO2011-12-20","ArrivalGate","92"
"UA-854-SFO-IAH2011-12-20","ExpectedDepartureTime","Tue, Dec 20 7:35 AM"
"UA-854-SFO-IAH2011-12-20","ActualDepartureTime","Tue, Dec 20 7:38 AM"
"UA-854-SFO-IAH2011-12-20","DepartureGate","96"
"UA-854-SFO-IAH2011-12-20","ExpectedArrivalTime","Tue, Dec 20 1:30 PM"
"UA-854-SFO-IAH2011-12-20","ActualArrivalTime","Tue, Dec 20 1:34 PM"
"UA-854-SFO-IAH2011-12-20","ArrivalGate","C16"
"CO-1586-IAH-MCO2011-12-20","ExpectedDepartureTime","Tue., Dec.20, 2011 7:15 p.m."
"CO-1586-IAH-MCO2011-12-20","ActualDepartureTime","Tue., Dec.20, 2011 7:28 p.m."
"CO-1586-IAH-MCO2011-12-20","ExpectedArrivalTime","Tue., Dec.20, 2011 10:27 p.m."
"CO-1586-IAH-MCO2011-12-20","ActualArrivalTime","Tue., Dec.20, 2011 10:35 p.m."
"CO-1694-LAX-IAH2011-12-20","ExpectedDepartureTime","Tue., Dec.20, 2011 7:41 p.m."
"CO-1694-LAX-IAH2011-12-20","ActualDepartureTime","Tue., Dec.20, 2011 7:41 p.m."
"CO-1694-LAX-IAH2011-12-20","ExpectedArrivalTime","Tue., Dec.20, 2011 12:44 a.m."
"CO-1694-LAX-IAH2011-12-20","ActualArrivalTime","Tue., Dec.20, 2011 12:44 a.m."
"CO-1088-CLE-IAH2011-12-20","ExpectedDepartureTime","Tue., Dec.20, 2011 8:35 a.m."
"CO-1088-CLE-IAH2011-12-20","ActualDepartureTime","Tue., Dec.20, 2011 8:40 a.m."
"CO-1088-CLE-IAH2011-12-20","ExpectedArrivalTime","Tue., Dec.20, 2011 10:55 a.m."
"CO-1088-CLE-IAH2011-12-20","ActualArrivalTime","Tue., Dec.20, 2011 11:08 a.m."
"CO-16-LAX-EWR2011-12-20","ExpectedDepartureTime","Tue., Dec.20, 2011 10:25 a.m."
"CO-16-LAX-EWR2011-12-20","ActualDepartureTime","Tue., Dec.20, 2011 10:31 a.m."
"CO-16-LAX-EWR2011-12-20","ExpectedArrivalTime","Tue., Dec.20, 2011 6:39 p.m."
"CO-16-LAX-EWR2011-12-20","ActualArrivalTime","Tue., Dec.20, 2011 6:42 p.m."
"CO-58-DEN-IAH2011-12-20","ExpectedDepartureTime","Tue., Dec.20, 2011 11:30 a.m."
"CO-58-DEN-IAH2011-12-20","ActualDepartureTime","Tue., Dec.20, 2011 11:32 a.m."
"CO-58-DEN-IAH2011-12-20","ExpectedArrivalTime","Tue., Dec.20, 2011 2:56 p.m."
"CO-58-DEN-IAH2011-12-20","ActualArrivalTime","Tue., Dec.20, 2011 2:52 p.m."
"CO-1193-EWR-MCO2011-12-20","ExpectedDepartureTime","Tue., Dec.20, 2011 9:15 a.m."
"CO-1193-EWR-MCO2011-12-20","ActualDepartureTime","Tue., Dec.20, 2011 9:13 a.m."
"CO-1193-EWR-MCO2011-12-20","ExpectedArrivalTime","Tue., Dec.20, 2011 12:16 p.m."
"CO-1193-EWR-MCO2011-12-20","ActualArrivalTime","Tue., Dec.20, 2011 12:07 p.m."
"CO-1023-IAH-DEN2011-12-20","ExpectedDepartureTime","Tue., Dec.20, 2011 11:40 a.m."
"CO-1023-IAH-DEN2011-12-20","ActualDepartureTime","Tue., Dec.20, 2011 12:06 p.m."
"CO-1023-IAH-DEN2011-12-20","ExpectedArrivalTime","Tue., Dec.20, 2011 1:20 p.m."
"CO-1023-IAH-DEN2011-12-20","ActualArrivalTime","Tue., Dec.20, 2011 1:26 p.m."
"CO-1250-MIA-IAH2011-12-20","ExpectedDepartureTime","Tue., Dec.20, 2011 2:50 p.m."
"CO-1250-MIA-IAH2011-12-20","ActualDepartureTime","Tue., Dec.20, 2011 2:47 p.m."
"CO-1250-MIA-IAH2011-12-20","ExpectedArrivalTime","Tue., Dec.20, 2011 4:48 p.m."
"CO-1250-MIA-IAH2011-12-20","ActualArrivalTime","Tue., Dec.20, 2011 4:34 p.m."
"CO-62-IAH-EWR2011-12-20","ExpectedDepartureTime","Tue., Dec.20, 2011 2:30 p.m."
"CO-62-IAH-EWR2011-12-20","ActualDepartureTime","Tue., Dec.20, 2011 2:53 p.m."
"CO-62-IAH-EWR2011-12-20","ExpectedArrivalTime","Tue., Dec.20, 2011 7:03 p.m."
"CO-62-IAH-EWR2011-12-20","ActualArrivalTime","Tue., Dec.20, 2011 7:22 p.m."
"CO-52-IAH-LAX2011-12-20","ExpectedDepartureTime","Tue., Dec.20, 2011 7:35 a.m."
"CO-52-IAH-LAX2011-12-20","ActualDepartureTime","Tue., Dec.20, 2011 7:44 a.m."
"CO-52-IAH-LAX2011-12-20","ExpectedArrivalTime","Tue., Dec.20, 2011 9:30 a.m."
"CO-52-IAH-LAX2011-12-20","ActualArrivalTime","Tue., Dec.20, 2011 9:23 a.m."
"CO-1614-LAX-IAH2011-12-20","ExpectedDepartureTime","Tue., Dec.20, 2011 12:30 a.m."
"CO-1614-LAX-IAH2011-12-20","ActualDepartureTime","Tue., Dec.20, 2011 2:40 a.m."
"CO-1614-LAX-IAH2011-12-20","ExpectedArrivalTime","Tue., Dec.20, 2011 5:36 a.m."
"CO-1614-LAX-IAH2011-12-20","ActualArrivalTime","Tue., Dec.20, 2011 7:48 a.m."
"CO-89-IAH-EWR2011-12-20","ExpectedDepartureTime","Tue., Dec.20, 2011 6:00 a.m."
"CO-89-IAH-EWR2011-12-20","ActualDepartureTime","Tue., Dec.20, 2011 5:58 a.m."
"CO-89-IAH-EWR2011-12-20","ExpectedArrivalTime","Tue., Dec.20, 2011 10:20 a.m."
"CO-89-IAH-EWR2011-12-20","ActualArrivalTime","Tue., Dec.20, 2011 10:09 a.m."
"CO-1090-BOS-IAH2011-12-20","ExpectedDepartureTime","Tue., Dec.20, 2011 9:50 a.m."
"CO-1090-BOS-IAH2011-12-20","ActualDepartureTime","Tue., Dec.20, 2011 9:57 a.m."
"CO-1090-BOS-IAH2011-12-20","ExpectedArrivalTime","Tue., Dec.20, 2011 1:20 p.m."
"CO-1090-BOS-IAH2011-12-20","ActualArrivalTime","Tue., Dec.20, 2011 1:47 p.m."
"CO-45-EWR-MIA2011-12-20","ExpectedDepartureTime","Tue., Dec.20, 2011 3:50 p.m."
"CO-45-EWR-MIA2011-12-20","ActualDepartureTime","Tue., Dec.20, 2011 4:00 p.m."
"CO-45-EWR-MIA2011-12-20","ExpectedArrivalTime","Tue., Dec.20, 2011 7:05 p.m."
"CO-45-EWR-MIA2011-12-20","ActualArrivalTime","Tue., Dec.20, 2011 6:55 p.m."
"CO-63-EWR-IAH2011-12-20","ExpectedDepartureTime","Tue., Dec.20, 2011 5:25 p.m."
"CO-63-EWR-IAH2011-12-20","ActualDepartureTime","Tue., Dec.20, 2011 5:24 p.m."
"CO-63-EWR-IAH2011-12-20","ExpectedArrivalTime","Tue., Dec.20, 2011 8:30 p.m."
"CO-63-EWR-IAH2011-12-20","ActualArrivalTime","Tue., Dec.20, 2011 8:12 p.m."
"CO-50-CLE-EWR2011-12-20","ExpectedDepartureTime","Tue., Dec.20, 2011 2:55 p.m."
"CO-50-CLE-EWR2011-12-20","ActualDepartureTime","Tue., Dec.20, 2011 2:52 p.m."
"CO-50-CLE-EWR2011-12-20","ExpectedArrivalTime","Tue., Dec.20, 2011 4:53 p.m."
"CO-50-CLE-EWR2011-12-20","ActualArrivalTime","Tue., Dec.20, 2011 4:12 p.m."
"CO-1561-PHX-IAH2011-12-20","ExpectedDepartureTime","Tue., Dec.20, 2011 8:05 a.m."
"CO-1561-PHX-IAH2011-12-20","ActualDepartureTime","Tue., Dec.20, 2011 8:02 a.m."
"CO-1561-PHX-IAH2011-12-20","ExpectedArrivalTime","Tue., Dec.20, 2011 11:37 a.m."
"CO-1561-PHX-IAH2011-12-20","ActualArrivalTime","Tue., Dec.20, 2011 11:30 a.m."
"CO-47-IAH-LAX2011-12-20","ExpectedDepartureTime","Tue., Dec.20, 2011 7:10 p.m."
"CO-47-IAH-LAX2011-12-20","ActualDepartureTime","Tue., Dec.20, 2011 7:16 p.m."
"CO-47-IAH-LAX2011-12-20","ExpectedArrivalTime","Tue., Dec.20, 2011 9:06 p.m."
"CO-47-IAH-LAX2011-12-20","ActualArrivalTime","Tue., Dec.20, 2011 9:04 p.m."
