"ObjectID","PropertyID","PropertyValue"
"AA-1221-MCO-ORD2011-12-16","ExpectedDepartureTime","December 16, 2011               08:00 PM    "
"AA-1221-MCO-ORD2011-12-16","ActualDepartureTime","December 16, 2011               07:58 PM    "
"AA-1221-MCO-ORD2011-12-16","DepartureGate"," 15"
"AA-1221-MCO-ORD2011-12-16","ExpectedArrivalTime","December 16, 2011               09:50 PM    "
"AA-1221-MCO-ORD2011-12-16","ActualArrivalTime","December 16, 2011               09:41 PM    "
"AA-1221-MCO-ORD2011-12-16","ArrivalGate"," K4    "
"AA-4307-ORD-DTW2011-12-16","ExpectedDepartureTime","December 16, 2011               06:45 PM    "
"AA-4307-ORD-DTW2011-12-16","ActualDepartureTime","December 16, 2011               06:42 PM    "
"AA-4307-ORD-DTW2011-12-16","DepartureGate"," G19A"
"AA-4307-ORD-DTW2011-12-16","ExpectedArrivalTime","December 16, 2011               09:10 PM    "
"AA-4307-ORD-DTW2011-12-16","ActualArrivalTime","December 16, 2011               09:00 PM    "
"AA-4307-ORD-DTW2011-12-16","ArrivalGate"," D28    "
"AA-616-DFW-DTW2011-12-16","ExpectedDepartureTime","December 16, 2011               09:05 AM    "
"AA-616-DFW-DTW2011-12-16","ActualDepartureTime","December 16, 2011               09:10 AM    "
"AA-616-DFW-DTW2011-12-16","DepartureGate"," C11"
"AA-616-DFW-DTW2011-12-16","ExpectedArrivalTime","December 16, 2011               12:35 PM    "
"AA-616-DFW-DTW2011-12-16","ActualArrivalTime","December 16, 2011               12:38 PM    "
"AA-616-DFW-DTW2011-12-16","ArrivalGate"," D32    "
"AA-431-MIA-SFO2011-12-16","ExpectedDepartureTime","December 16, 2011               08:35 AM    "
"AA-431-MIA-SFO2011-12-16","ActualDepartureTime","December 16, 2011               08:31 AM    "
"AA-431-MIA-SFO2011-12-16","DepartureGate"," D40"
"AA-431-MIA-SFO2011-12-16","ExpectedArrivalTime","December 16, 2011               11:50 AM    "
"AA-431-MIA-SFO2011-12-16","ActualArrivalTime","December 16, 2011               11:07 AM    "
"AA-431-MIA-SFO2011-12-16","ArrivalGate"," 56A    "
"AA-3756-ORD-SLC2011-12-16","ExpectedDepartureTime","December 16, 2011               12:15 PM    "
"AA-3756-ORD-SLC2011-12-16","ActualDepartureTime","December 16, 2011               12:19 PM    "
"AA-3756-ORD-SLC2011-12-16","DepartureGate"," G13"
"AA-3756-ORD-SLC2011-12-16","ExpectedArrivalTime","December 16, 2011               02:45 PM    "
"AA-3756-ORD-SLC2011-12-16","ActualArrivalTime","December 16, 2011               02:41 PM    "
"AA-3756-ORD-SLC2011-12-16","ArrivalGate"," A3    "
"AA-2050-ORD-MIA2011-12-16","ActualDepartureTime","December 16, 2011     "
"AA-2050-ORD-MIA2011-12-16","DepartureGate"," K13"
"AA-2050-ORD-MIA2011-12-16","ActualArrivalTime","December 16, 2011     "
"AA-2050-ORD-MIA2011-12-16","ArrivalGate"," D25    "
"AA-3804-PHL-ORD2011-12-16","ExpectedDepartureTime","December 16, 2011               02:35 PM    "
"AA-3804-PHL-ORD2011-12-16","ActualDepartureTime","December 16, 2011               02:25 PM    "
"AA-3804-PHL-ORD2011-12-16","DepartureGate"," A7"
"AA-3804-PHL-ORD2011-12-16","ExpectedArrivalTime","December 16, 2011               04:05 PM    "
"AA-3804-PHL-ORD2011-12-16","ActualArrivalTime","December 16, 2011               03:42 PM    "
"AA-3804-PHL-ORD2011-12-16","ArrivalGate"," G6A    "
"AA-1664-MIA-ATL2011-12-16","ExpectedDepartureTime","December 16, 2011               10:15 AM    "
"AA-1664-MIA-ATL2011-12-16","ActualDepartureTime","December 16, 2011               10:17 AM    "
"AA-1664-MIA-ATL2011-12-16","DepartureGate"," D17"
"AA-1664-MIA-ATL2011-12-16","ExpectedArrivalTime","December 16, 2011               12:10 PM    "
"AA-1664-MIA-ATL2011-12-16","ActualArrivalTime","December 16, 2011               12:11 PM    "
"AA-1664-MIA-ATL2011-12-16","ArrivalGate"," T11    "
"AA-789-ORD-DEN2011-12-16","ExpectedDepartureTime","December 16, 2011               01:05 PM    "
"AA-789-ORD-DEN2011-12-16","ActualDepartureTime","December 16, 2011               01:04 PM    "
"AA-789-ORD-DEN2011-12-16","DepartureGate"," H10"
"AA-789-ORD-DEN2011-12-16","ExpectedArrivalTime","December 16, 2011               02:35 PM    "
"AA-789-ORD-DEN2011-12-16","ActualArrivalTime","December 16, 2011               02:28 PM    "
"AA-789-ORD-DEN2011-12-16","ArrivalGate"," A49    "
"AA-1733-ORD-PHX2011-12-16","ExpectedDepartureTime","December 16, 2011               07:45 PM    "
"AA-1733-ORD-PHX2011-12-16","ActualDepartureTime","December 16, 2011               07:48 PM    "
"AA-1733-ORD-PHX2011-12-16","DepartureGate"," L8"
"AA-1733-ORD-PHX2011-12-16","ExpectedArrivalTime","December 16, 2011               10:30 PM    "
"AA-1733-ORD-PHX2011-12-16","ActualArrivalTime","December 16, 2011     "
"AA-1733-ORD-PHX2011-12-16","ArrivalGate"," 6    "
"AA-4277-CVG-JFK2011-12-16","ExpectedDepartureTime","December 16, 2011               12:10 PM    "
"AA-4277-CVG-JFK2011-12-16","ActualDepartureTime","December 16, 2011               12:08 PM    "
"AA-4277-CVG-JFK2011-12-16","DepartureGate"," 1"
"AA-4277-CVG-JFK2011-12-16","ExpectedArrivalTime","December 16, 2011               02:15 PM    "
"AA-4277-CVG-JFK2011-12-16","ActualArrivalTime","December 16, 2011               01:42 PM    "
"AA-4277-CVG-JFK2011-12-16","ArrivalGate"," 31C    "
"AA-2312-DFW-DTW2011-12-16","ExpectedDepartureTime","December 16, 2011               08:25 PM    "
"AA-2312-DFW-DTW2011-12-16","ActualDepartureTime","December 16, 2011     "
"AA-2312-DFW-DTW2011-12-16","DepartureGate"," C39"
"AA-2312-DFW-DTW2011-12-16","ExpectedArrivalTime","December 16, 2011               11:50 PM    "
"AA-2312-DFW-DTW2011-12-16","ActualArrivalTime","December 16, 2011     "
"AA-2312-DFW-DTW2011-12-16","ArrivalGate"," D32    "
"AA-85-JFK-SFO2011-12-16","ExpectedDepartureTime","December 16, 2011               03:05 PM    "
"AA-85-JFK-SFO2011-12-16","ActualDepartureTime","December 16, 2011               03:04 PM    "
"AA-85-JFK-SFO2011-12-16","DepartureGate"," 6"
"AA-85-JFK-SFO2011-12-16","ExpectedArrivalTime","December 16, 2011               06:30 PM    "
"AA-85-JFK-SFO2011-12-16","ActualArrivalTime","December 16, 2011               06:31 PM    "
"AA-85-JFK-SFO2011-12-16","ArrivalGate"," 56A    "
"AA-404-MIA-MCO2011-12-16","ExpectedDepartureTime","December 16, 2011               06:45 AM    "
"AA-404-MIA-MCO2011-12-16","ActualDepartureTime","December 16, 2011               06:42 AM    "
"AA-404-MIA-MCO2011-12-16","DepartureGate"," E5"
"AA-404-MIA-MCO2011-12-16","ExpectedArrivalTime","December 16, 2011               07:45 AM    "
"AA-404-MIA-MCO2011-12-16","ActualArrivalTime","December 16, 2011               07:56 AM    "
"AA-404-MIA-MCO2011-12-16","ArrivalGate"," 15    "
"AA-446-DFW-PHL2011-12-16","ExpectedDepartureTime","December 16, 2011               11:50 AM    "
"AA-446-DFW-PHL2011-12-16","ActualDepartureTime","December 16, 2011               11:51 AM    "
"AA-446-DFW-PHL2011-12-16","DepartureGate"," C17"
"AA-446-DFW-PHL2011-12-16","ExpectedArrivalTime","December 16, 2011               03:50 PM    "
"AA-446-DFW-PHL2011-12-16","ActualArrivalTime","December 16, 2011               03:34 PM    "
"AA-446-DFW-PHL2011-12-16","ArrivalGate"," A9    "
"AA-2268-PHX-ORD2011-12-16","ExpectedDepartureTime","December 16, 2011               07:15 AM    "
"AA-2268-PHX-ORD2011-12-16","ActualDepartureTime","December 16, 2011               07:16 AM    "
"AA-2268-PHX-ORD2011-12-16","DepartureGate"," 6"
"AA-2268-PHX-ORD2011-12-16","ExpectedArrivalTime","December 16, 2011               11:35 AM    "
"AA-2268-PHX-ORD2011-12-16","ActualArrivalTime","December 16, 2011               11:28 AM    "
"AA-2268-PHX-ORD2011-12-16","ArrivalGate"," K9    "
"AA-4344-ORD-DTW2011-12-16","ExpectedDepartureTime","December 16, 2011               11:45 AM    "
"AA-4344-ORD-DTW2011-12-16","ActualDepartureTime","December 16, 2011               11:45 AM    "
"AA-4344-ORD-DTW2011-12-16","DepartureGate"," G17"
"AA-4344-ORD-DTW2011-12-16","ExpectedArrivalTime","December 16, 2011               02:00 PM    "
"AA-4344-ORD-DTW2011-12-16","ActualArrivalTime","December 16, 2011               01:51 PM    "
"AA-4344-ORD-DTW2011-12-16","ArrivalGate"," D28    "
"AA-484-DFW-MIA2011-12-16","ExpectedDepartureTime","December 16, 2011               04:15 PM    "
"AA-484-DFW-MIA2011-12-16","ActualDepartureTime","December 16, 2011               05:00 PM    "
"AA-484-DFW-MIA2011-12-16","DepartureGate"," D18"
"AA-484-DFW-MIA2011-12-16","ExpectedArrivalTime","December 16, 2011               07:55 PM    "
"AA-484-DFW-MIA2011-12-16","ActualArrivalTime","December 16, 2011               09:05 PM    "
"AA-484-DFW-MIA2011-12-16","ArrivalGate"," D51    "
"AA-3979-CVG-ORD2011-12-16","ExpectedDepartureTime","December 16, 2011               07:30 AM    "
"AA-3979-CVG-ORD2011-12-16","ActualDepartureTime","December 16, 2011               07:51 AM    "
"AA-3979-CVG-ORD2011-12-16","DepartureGate"," 3"
"AA-3979-CVG-ORD2011-12-16","ExpectedArrivalTime","December 16, 2011               08:00 AM    "
"AA-3979-CVG-ORD2011-12-16","ActualArrivalTime","December 16, 2011               08:02 AM    "
"AA-3979-CVG-ORD2011-12-16","ArrivalGate"," G5    "
"AA-3063-SLC-LAX2011-12-16","ExpectedDepartureTime","December 16, 2011               08:20 PM    "
"AA-3063-SLC-LAX2011-12-16","ActualDepartureTime","December 16, 2011               08:21 PM    "
"AA-3063-SLC-LAX2011-12-16","DepartureGate"," A3"
"AA-3063-SLC-LAX2011-12-16","ExpectedArrivalTime","December 16, 2011               09:20 PM    "
"AA-3063-SLC-LAX2011-12-16","ActualArrivalTime","December 16, 2011     "
"AA-3063-SLC-LAX2011-12-16","ArrivalGate"," 44F    "
"AA-3859-IAH-ORD2011-12-16","ExpectedDepartureTime","December 16, 2011               07:10 AM    "
"AA-3859-IAH-ORD2011-12-16","ActualDepartureTime","December 16, 2011               07:05 AM    "
"AA-3859-IAH-ORD2011-12-16","DepartureGate"," A29"
"AA-3859-IAH-ORD2011-12-16","ExpectedArrivalTime","December 16, 2011               09:40 AM    "
"AA-3859-IAH-ORD2011-12-16","ActualArrivalTime","December 16, 2011               09:26 AM    "
"AA-3859-IAH-ORD2011-12-16","ArrivalGate"," H1A    "
"AA-3842-MSP-ORD2011-12-16","ExpectedDepartureTime","December 16, 2011               06:00 AM    "
"AA-3842-MSP-ORD2011-12-16","ActualDepartureTime","December 16, 2011               05:56 AM    "
"AA-3842-MSP-ORD2011-12-16","DepartureGate"," E14"
"AA-3842-MSP-ORD2011-12-16","ExpectedArrivalTime","December 16, 2011               07:30 AM    "
"AA-3842-MSP-ORD2011-12-16","ActualArrivalTime","December 16, 2011               07:35 AM    "
"AA-3842-MSP-ORD2011-12-16","ArrivalGate"," G3    "
"AA-1544-SAN-ORD2011-12-16","ExpectedDepartureTime","December 16, 2011               11:25 AM    "
"AA-1544-SAN-ORD2011-12-16","ActualDepartureTime","December 16, 2011               11:16 AM    "
"AA-1544-SAN-ORD2011-12-16","DepartureGate"," 27"
"AA-1544-SAN-ORD2011-12-16","ExpectedArrivalTime","December 16, 2011               05:25 PM    "
"AA-1544-SAN-ORD2011-12-16","ActualArrivalTime","December 16, 2011               05:16 PM    "
"AA-1544-SAN-ORD2011-12-16","ArrivalGate"," H6    "
"AA-649-ORD-SNA2011-12-16","ExpectedDepartureTime","December 16, 2011               01:30 PM    "
"AA-649-ORD-SNA2011-12-16","ActualDepartureTime","December 16, 2011     "
"AA-649-ORD-SNA2011-12-16","DepartureGate"," H14"
"AA-649-ORD-SNA2011-12-16","ExpectedArrivalTime","December 16, 2011               03:50 PM    "
"AA-649-ORD-SNA2011-12-16","ActualArrivalTime","December 16, 2011     "
"AA-649-ORD-SNA2011-12-16","ArrivalGate"," 7    "
"AA-1640-MIA-MCO2011-12-16","ExpectedDepartureTime","December 16, 2011               06:30 PM    "
"AA-1640-MIA-MCO2011-12-16","ActualDepartureTime","December 16, 2011     "
"AA-1640-MIA-MCO2011-12-16","DepartureGate"," D20"
"AA-1640-MIA-MCO2011-12-16","ExpectedArrivalTime","December 16, 2011               07:25 PM    "
"AA-1640-MIA-MCO2011-12-16","ActualArrivalTime","December 16, 2011     "
"AA-1640-MIA-MCO2011-12-16","ArrivalGate"," 14    "
"AA-518-MIA-JFK2011-12-16","ExpectedDepartureTime","December 16, 2011               06:30 AM    "
"AA-518-MIA-JFK2011-12-16","ActualDepartureTime","December 16, 2011               06:27 AM    "
"AA-518-MIA-JFK2011-12-16","DepartureGate"," D1"
"AA-518-MIA-JFK2011-12-16","ExpectedArrivalTime","December 16, 2011               09:15 AM    "
"AA-518-MIA-JFK2011-12-16","ActualArrivalTime","December 16, 2011               09:03 AM    "
"AA-518-MIA-JFK2011-12-16","ArrivalGate"," 8    "
"AA-2525-DFW-MIA2011-12-16","ExpectedDepartureTime","December 16, 2011               07:25 AM    "
"AA-2525-DFW-MIA2011-12-16","ActualDepartureTime","December 16, 2011               07:23 AM    "
"AA-2525-DFW-MIA2011-12-16","DepartureGate"," D30"
"AA-2525-DFW-MIA2011-12-16","ExpectedArrivalTime","December 16, 2011               11:10 AM    "
"AA-2525-DFW-MIA2011-12-16","ActualArrivalTime","December 16, 2011               11:08 AM    "
"AA-2525-DFW-MIA2011-12-16","ArrivalGate"," D16    "
"AA-1279-DFW-PHX2011-12-16","ExpectedDepartureTime","December 16, 2011               01:00 PM    "
"AA-1279-DFW-PHX2011-12-16","ActualDepartureTime","December 16, 2011               01:08 PM    "
"AA-1279-DFW-PHX2011-12-16","DepartureGate"," C6"
"AA-1279-DFW-PHX2011-12-16","ExpectedArrivalTime","December 16, 2011               02:35 PM    "
"AA-1279-DFW-PHX2011-12-16","ActualArrivalTime","December 16, 2011               02:46 PM    "
"AA-1279-DFW-PHX2011-12-16","ArrivalGate"," 4    "
"AA-1522-SFO-ORD2011-12-16","ExpectedDepartureTime","December 16, 2011               11:55 PM    "
"AA-1522-SFO-ORD2011-12-16","ActualDepartureTime","December 16, 2011     "
"AA-1522-SFO-ORD2011-12-16","DepartureGate"," 57"
"AA-1522-SFO-ORD2011-12-16","ExpectedArrivalTime","December 17, 2011               05:50 AM    "
"AA-1522-SFO-ORD2011-12-16","ActualArrivalTime","December 17, 2011     "
"AA-1522-SFO-ORD2011-12-16","ArrivalGate"," H10    "
"AA-1434-DFW-MCO2011-12-16","ExpectedDepartureTime","December 16, 2011               07:15 AM    "
"AA-1434-DFW-MCO2011-12-16","ActualDepartureTime","December 16, 2011               07:13 AM    "
"AA-1434-DFW-MCO2011-12-16","DepartureGate"," C33"
"AA-1434-DFW-MCO2011-12-16","ExpectedArrivalTime","December 16, 2011               10:35 AM    "
"AA-1434-DFW-MCO2011-12-16","ActualArrivalTime","December 16, 2011               10:33 AM    "
"AA-1434-DFW-MCO2011-12-16","ArrivalGate"," 15    "
"AA-59-JFK-SFO2011-12-16","ExpectedDepartureTime","December 16, 2011               07:10 AM    "
"AA-59-JFK-SFO2011-12-16","ActualDepartureTime","December 16, 2011               07:08 AM    "
"AA-59-JFK-SFO2011-12-16","DepartureGate"," 46"
"AA-59-JFK-SFO2011-12-16","ExpectedArrivalTime","December 16, 2011               10:45 AM    "
"AA-59-JFK-SFO2011-12-16","ActualArrivalTime","December 16, 2011               10:38 AM    "
"AA-59-JFK-SFO2011-12-16","ArrivalGate"," 58B    "
"AA-415-BOS-ORD2011-12-16","ExpectedDepartureTime","December 16, 2011               08:35 AM    "
"AA-415-BOS-ORD2011-12-16","ActualDepartureTime","December 16, 2011               08:33 AM    "
"AA-415-BOS-ORD2011-12-16","DepartureGate"," B31"
"AA-415-BOS-ORD2011-12-16","ExpectedArrivalTime","December 16, 2011               10:40 AM    "
"AA-415-BOS-ORD2011-12-16","ActualArrivalTime","December 16, 2011               10:34 AM    "
"AA-415-BOS-ORD2011-12-16","ArrivalGate"," K18    "
"AA-222-LAX-BOS2011-12-16","ExpectedDepartureTime","December 16, 2011               07:10 AM    "
"AA-222-LAX-BOS2011-12-16","ActualDepartureTime","December 16, 2011               07:08 AM    "
"AA-222-LAX-BOS2011-12-16","DepartureGate"," 47A"
"AA-222-LAX-BOS2011-12-16","ExpectedArrivalTime","December 16, 2011               03:30 PM    "
"AA-222-LAX-BOS2011-12-16","ActualArrivalTime","December 16, 2011               03:29 PM    "
"AA-222-LAX-BOS2011-12-16","ArrivalGate"," B35    "
"AA-3823-LAX-DEN2011-12-16","ExpectedDepartureTime","December 16, 2011               09:00 PM    "
"AA-3823-LAX-DEN2011-12-16","ActualDepartureTime","December 16, 2011     "
"AA-3823-LAX-DEN2011-12-16","DepartureGate"," 44I"
"AA-3823-LAX-DEN2011-12-16","ExpectedArrivalTime","December 17, 2011               12:15 AM    "
"AA-3823-LAX-DEN2011-12-16","ActualArrivalTime","December 17, 2011     "
"AA-3823-LAX-DEN2011-12-16","ArrivalGate"," A49    "
"AA-1165-JFK-MIA2011-12-16","ExpectedDepartureTime","December 16, 2011               06:59 AM    "
"AA-1165-JFK-MIA2011-12-16","ActualDepartureTime","December 16, 2011               07:25 AM    "
"AA-1165-JFK-MIA2011-12-16","DepartureGate"," 8"
"AA-1165-JFK-MIA2011-12-16","ExpectedArrivalTime","December 16, 2011               10:34 AM    "
"AA-1165-JFK-MIA2011-12-16","ActualArrivalTime","December 16, 2011               10:47 AM    "
"AA-1165-JFK-MIA2011-12-16","ArrivalGate"," D1    "
"AA-3786-IAH-ORD2011-12-16","ExpectedDepartureTime","December 16, 2011               04:00 PM    "
"AA-3786-IAH-ORD2011-12-16","ActualDepartureTime","December 16, 2011               03:53 PM    "
"AA-3786-IAH-ORD2011-12-16","DepartureGate"," A29"
"AA-3786-IAH-ORD2011-12-16","ExpectedArrivalTime","December 16, 2011               06:40 PM    "
"AA-3786-IAH-ORD2011-12-16","ActualArrivalTime","December 16, 2011               06:12 PM    "
"AA-3786-IAH-ORD2011-12-16","ArrivalGate"," H2    "
"AA-4330-CVG-ORD2011-12-16","ExpectedDepartureTime","December 16, 2011               03:35 PM    "
"AA-4330-CVG-ORD2011-12-16","ActualDepartureTime","December 16, 2011               03:33 PM    "
"AA-4330-CVG-ORD2011-12-16","DepartureGate"," 5"
"AA-4330-CVG-ORD2011-12-16","ExpectedArrivalTime","December 16, 2011               04:00 PM    "
"AA-4330-CVG-ORD2011-12-16","ActualArrivalTime","December 16, 2011               03:41 PM    "
"AA-4330-CVG-ORD2011-12-16","ArrivalGate"," G1B    "
"AA-3468-CVG-MIA2011-12-16","ExpectedDepartureTime","December 16, 2011               07:00 AM    "
"AA-3468-CVG-MIA2011-12-16","ActualDepartureTime","December 16, 2011               07:01 AM    "
"AA-3468-CVG-MIA2011-12-16","DepartureGate"," 1"
"AA-3468-CVG-MIA2011-12-16","ExpectedArrivalTime","December 16, 2011               09:55 AM    "
"AA-3468-CVG-MIA2011-12-16","ActualArrivalTime","December 16, 2011               09:41 AM    "
"AA-3468-CVG-MIA2011-12-16","ArrivalGate"," D55    "
"AA-204-LAX-MCO2011-12-16","ExpectedDepartureTime","December 16, 2011               11:25 PM    "
"AA-204-LAX-MCO2011-12-16","ActualDepartureTime","December 16, 2011     "
"AA-204-LAX-MCO2011-12-16","DepartureGate"," 46A"
"AA-204-LAX-MCO2011-12-16","ExpectedArrivalTime","December 17, 2011               06:55 AM    "
"AA-204-LAX-MCO2011-12-16","ActualArrivalTime","December 17, 2011     "
"AA-204-LAX-MCO2011-12-16","ArrivalGate"," 17    "
"AA-466-IAH-MIA2011-12-16","ExpectedDepartureTime","December 16, 2011               06:00 AM    "
"AA-466-IAH-MIA2011-12-16","ActualDepartureTime","December 16, 2011               05:58 AM    "
"AA-466-IAH-MIA2011-12-16","DepartureGate"," A27"
"AA-466-IAH-MIA2011-12-16","ExpectedArrivalTime","December 16, 2011               09:20 AM    "
"AA-466-IAH-MIA2011-12-16","ActualArrivalTime","December 16, 2011               09:22 AM    "
"AA-466-IAH-MIA2011-12-16","ArrivalGate"," D44    "
"AA-3-JFK-LAX2011-12-16","ExpectedDepartureTime","December 16, 2011               12:00 PM    "
"AA-3-JFK-LAX2011-12-16","ActualDepartureTime","December 16, 2011               11:58 AM    "
"AA-3-JFK-LAX2011-12-16","DepartureGate"," 3"
"AA-3-JFK-LAX2011-12-16","ExpectedArrivalTime","December 16, 2011               03:15 PM    "
"AA-3-JFK-LAX2011-12-16","ActualArrivalTime","December 16, 2011               02:56 PM    "
"AA-3-JFK-LAX2011-12-16","ArrivalGate"," 42B    "
"AA-1007-MIA-PHX2011-12-16","ExpectedDepartureTime","December 16, 2011               04:55 PM    "
"AA-1007-MIA-PHX2011-12-16","ActualDepartureTime","December 16, 2011               05:09 PM    "
"AA-1007-MIA-PHX2011-12-16","DepartureGate"," D24"
"AA-1007-MIA-PHX2011-12-16","ExpectedArrivalTime","December 16, 2011               08:05 PM    "
"AA-1007-MIA-PHX2011-12-16","ActualArrivalTime","December 16, 2011               08:06 PM    "
"AA-1007-MIA-PHX2011-12-16","ArrivalGate"," 6    "
"AA-271-MIA-LAX2011-12-16","ExpectedDepartureTime","December 16, 2011               11:35 AM    "
"AA-271-MIA-LAX2011-12-16","ActualDepartureTime","December 16, 2011               11:47 AM    "
"AA-271-MIA-LAX2011-12-16","DepartureGate"," D47"
"AA-271-MIA-LAX2011-12-16","ExpectedArrivalTime","December 16, 2011               02:25 PM    "
"AA-271-MIA-LAX2011-12-16","ActualArrivalTime","December 16, 2011               02:10 PM    "
"AA-271-MIA-LAX2011-12-16","ArrivalGate"," 48B    "
"AA-643-MIA-ORD2011-12-16","ExpectedDepartureTime","December 16, 2011               07:10 AM    "
"AA-643-MIA-ORD2011-12-16","ActualDepartureTime","December 16, 2011               07:11 AM    "
"AA-643-MIA-ORD2011-12-16","DepartureGate"," D2"
"AA-643-MIA-ORD2011-12-16","ExpectedArrivalTime","December 16, 2011               09:35 AM    "
"AA-643-MIA-ORD2011-12-16","ActualArrivalTime","December 16, 2011               09:23 AM    "
"AA-643-MIA-ORD2011-12-16","ArrivalGate"," H15    "
"AA-4198-ORD-CLE2011-12-16","ExpectedDepartureTime","December 16, 2011               10:40 AM    "
"AA-4198-ORD-CLE2011-12-16","ActualDepartureTime","December 16, 2011               10:40 AM    "
"AA-4198-ORD-CLE2011-12-16","DepartureGate"," G19"
"AA-4198-ORD-CLE2011-12-16","ExpectedArrivalTime","December 16, 2011               12:55 PM    "
"AA-4198-ORD-CLE2011-12-16","ActualArrivalTime","December 16, 2011               12:42 PM    "
"AA-4198-ORD-CLE2011-12-16","ArrivalGate"," A1    "
"AA-400-DFW-JFK2011-12-16","ExpectedDepartureTime","December 16, 2011               10:40 AM    "
"AA-400-DFW-JFK2011-12-16","ActualDepartureTime","December 16, 2011               10:47 AM    "
"AA-400-DFW-JFK2011-12-16","DepartureGate"," D40"
"AA-400-DFW-JFK2011-12-16","ExpectedArrivalTime","December 16, 2011               02:59 PM    "
"AA-400-DFW-JFK2011-12-16","ActualArrivalTime","December 16, 2011               02:43 PM    "
"AA-400-DFW-JFK2011-12-16","ArrivalGate"," 34    "
"AA-1886-BOS-MIA2011-12-16","ExpectedDepartureTime","December 16, 2011               10:45 AM    "
"AA-1886-BOS-MIA2011-12-16","ActualDepartureTime","December 16, 2011               11:16 AM    "
"AA-1886-BOS-MIA2011-12-16","DepartureGate"," B32"
"AA-1886-BOS-MIA2011-12-16","ExpectedArrivalTime","December 16, 2011               02:20 PM    "
"AA-1886-BOS-MIA2011-12-16","ActualArrivalTime","December 16, 2011               02:41 PM    "
"AA-1886-BOS-MIA2011-12-16","ArrivalGate"," D45    "
"AA-1917-JFK-MCO2011-12-16","ExpectedDepartureTime","December 16, 2011               02:55 PM    "
"AA-1917-JFK-MCO2011-12-16","ActualDepartureTime","December 16, 2011               02:54 PM    "
"AA-1917-JFK-MCO2011-12-16","DepartureGate"," 46"
"AA-1917-JFK-MCO2011-12-16","ExpectedArrivalTime","December 16, 2011               05:55 PM    "
"AA-1917-JFK-MCO2011-12-16","ActualArrivalTime","December 16, 2011               05:42 PM    "
"AA-1917-JFK-MCO2011-12-16","ArrivalGate"," 16    "
"AA-3809-PHX-LAX2011-12-16","ExpectedDepartureTime","December 16, 2011               06:00 AM    "
"AA-3809-PHX-LAX2011-12-16","ActualDepartureTime","December 16, 2011               06:00 AM    "
"AA-3809-PHX-LAX2011-12-16","DepartureGate"," 2"
"AA-3809-PHX-LAX2011-12-16","ExpectedArrivalTime","December 16, 2011               06:40 AM    "
"AA-3809-PHX-LAX2011-12-16","ActualArrivalTime","December 16, 2011               06:17 AM    "
"AA-3809-PHX-LAX2011-12-16","ArrivalGate"," 44I    "
"AA-2957-DFW-CVG2011-12-16","ExpectedDepartureTime","December 16, 2011               07:55 AM    "
"AA-2957-DFW-CVG2011-12-16","ActualDepartureTime","December 16, 2011               07:47 AM    "
"AA-2957-DFW-CVG2011-12-16","DepartureGate"," B20"
"AA-2957-DFW-CVG2011-12-16","ExpectedArrivalTime","December 16, 2011               11:05 AM    "
"AA-2957-DFW-CVG2011-12-16","ActualArrivalTime","December 16, 2011               10:51 AM    "
"AA-2957-DFW-CVG2011-12-16","ArrivalGate"," 3    "
"UA-1500-IAH-GUA2011-12-16","ExpectedDepartureTime","Fri, Dec 16 8:50 AM"
"UA-1500-IAH-GUA2011-12-16","ActualDepartureTime","Fri, Dec 16 9:10 AM            Delayed"
"UA-1500-IAH-GUA2011-12-16","DepartureGate","E6"
"UA-1500-IAH-GUA2011-12-16","ExpectedArrivalTime","Fri, Dec 16 11:43 AM"
"UA-1500-IAH-GUA2011-12-16","ActualArrivalTime","Fri, Dec 16 12:17 PM"
"UA-1500-IAH-GUA2011-12-16","ArrivalGate","15"
"UA-3515-IAD-MSP2011-12-16","ExpectedDepartureTime","Fri, Dec 16 8:19 AM"
"UA-3515-IAD-MSP2011-12-16","ActualDepartureTime","Fri, Dec 16 8:21 AM"
"UA-3515-IAD-MSP2011-12-16","DepartureGate","D18"
"UA-3515-IAD-MSP2011-12-16","ExpectedArrivalTime","Fri, Dec 16 10:09 AM"
"UA-3515-IAD-MSP2011-12-16","ActualArrivalTime","Fri, Dec 16 10:18 AM"
"UA-3515-IAD-MSP2011-12-16","ArrivalGate","E6"
"UA-664-ORD-PHL2011-12-16","ExpectedDepartureTime","Fri, Dec 16 1:35 PM"
"UA-664-ORD-PHL2011-12-16","ActualDepartureTime","Fri, Dec 16 1:31 PM"
"UA-664-ORD-PHL2011-12-16","DepartureGate","C24"
"UA-664-ORD-PHL2011-12-16","ExpectedArrivalTime","Fri, Dec 16 4:38 PM"
"UA-664-ORD-PHL2011-12-16","ActualArrivalTime","Fri, Dec 16 4:18 PM"
"UA-664-ORD-PHL2011-12-16","ArrivalGate","D9"
"UA-414-LAX-SFO2011-12-16","ExpectedDepartureTime","Fri, Dec 16 6:00 AM"
"UA-414-LAX-SFO2011-12-16","ActualDepartureTime","Fri, Dec 16 6:35 AM"
"UA-414-LAX-SFO2011-12-16","DepartureGate","75B"
"UA-414-LAX-SFO2011-12-16","ExpectedArrivalTime","Fri, Dec 16 7:26 AM"
"UA-414-LAX-SFO2011-12-16","ActualArrivalTime","Fri, Dec 16 8:04 AM"
"UA-414-LAX-SFO2011-12-16","ArrivalGate","68"
"UA-257-JFK-SFO2011-12-16","ExpectedDepartureTime","Fri, Dec 16 2:30 PM"
"UA-257-JFK-SFO2011-12-16","ActualDepartureTime","Fri, Dec 16 2:30 PM"
"UA-257-JFK-SFO2011-12-16","DepartureGate","8"
"UA-257-JFK-SFO2011-12-16","ExpectedArrivalTime","Fri, Dec 16 6:14 PM"
"UA-257-JFK-SFO2011-12-16","ActualArrivalTime","Fri, Dec 16 5:48 PM"
"UA-257-JFK-SFO2011-12-16","ArrivalGate","82"
"UA-62-IAH-EWR2011-12-16","ExpectedDepartureTime","Fri, Dec 16 2:30 PM"
"UA-62-IAH-EWR2011-12-16","ActualDepartureTime","Fri, Dec 16 2:35 PM"
"UA-62-IAH-EWR2011-12-16","DepartureGate","C-39"
"UA-62-IAH-EWR2011-12-16","ExpectedArrivalTime","Fri, Dec 16 7:03 PM"
"UA-62-IAH-EWR2011-12-16","ActualArrivalTime","Fri, Dec 16 7:02 PM"
"UA-62-IAH-EWR2011-12-16","ArrivalGate","C81"
"UA-843-LAX-ORD2011-12-16","ExpectedDepartureTime","Fri, Dec 16 2:10 PM"
"UA-843-LAX-ORD2011-12-16","ActualDepartureTime","Fri, Dec 16 2:27 PM"
"UA-843-LAX-ORD2011-12-16","DepartureGate","73"
"UA-843-LAX-ORD2011-12-16","ExpectedArrivalTime","Fri, Dec 16 8:12 PM"
"UA-843-LAX-ORD2011-12-16","ActualArrivalTime","Fri, Dec 16 8:17 PM"
"UA-843-LAX-ORD2011-12-16","ArrivalGate","C15"
"UA-248-PHX-ORD2011-12-16","ExpectedDepartureTime","Fri, Dec 16 12:52 PM"
"UA-248-PHX-ORD2011-12-16","ActualDepartureTime","Fri, Dec 16 12:52 PM            On Time"
"UA-248-PHX-ORD2011-12-16","DepartureGate","3"
"UA-248-PHX-ORD2011-12-16","ExpectedArrivalTime","Fri, Dec 16 5:13 PM"
"UA-248-PHX-ORD2011-12-16","ActualArrivalTime","Fri, Dec 16 5:07 PM"
"UA-248-PHX-ORD2011-12-16","ArrivalGate","B5"
"UA-248-PHX-ORD2011-12-16","ExpectedDepartureTime","Fri, Dec 16 12:52 PM"
"UA-248-PHX-ORD2011-12-16","ActualDepartureTime","Fri, Dec 16 1:00 PM            Delayed"
"UA-248-PHX-ORD2011-12-16","DepartureGate","3"
"UA-248-PHX-ORD2011-12-16","ExpectedArrivalTime","Fri, Dec 16 5:13 PM"
"UA-248-PHX-ORD2011-12-16","ActualArrivalTime","Fri, Dec 16 5:12 PM"
"UA-248-PHX-ORD2011-12-16","ArrivalGate","B5"
"UA-397-JFK-SFO2011-12-16","ExpectedDepartureTime","Fri, Dec 16 8:25 AM"
"UA-397-JFK-SFO2011-12-16","ActualDepartureTime","Fri, Dec 16 8:20 AM"
"UA-397-JFK-SFO2011-12-16","DepartureGate","9"
"UA-397-JFK-SFO2011-12-16","ExpectedArrivalTime","Fri, Dec 16 12:14 PM"
"UA-397-JFK-SFO2011-12-16","ActualArrivalTime","Fri, Dec 16 11:49 AM"
"UA-397-JFK-SFO2011-12-16","ArrivalGate","80"
"UA-2704-DTW-PHX2011-12-16","ExpectedDepartureTime","Fri, Dec 16 11:15 AM"
"UA-2704-DTW-PHX2011-12-16","ActualDepartureTime","Fri, Dec 16 11:15 AM"
"UA-2704-DTW-PHX2011-12-16","DepartureGate","D14"
"UA-2704-DTW-PHX2011-12-16","ExpectedArrivalTime","Fri, Dec 16 1:40 PM"
"UA-2704-DTW-PHX2011-12-16","ActualArrivalTime","Fri, Dec 16 1:27 PM"
"UA-2704-DTW-PHX2011-12-16","ArrivalGate","A11"
"UA-2515-DFW-CLT2011-12-16","ExpectedDepartureTime","Fri, Dec 16 7:00 AM"
"UA-2515-DFW-CLT2011-12-16","ActualDepartureTime","Fri, Dec 16 7:00 AM"
"UA-2515-DFW-CLT2011-12-16","DepartureGate","E35"
"UA-2515-DFW-CLT2011-12-16","ExpectedArrivalTime","Fri, Dec 16 10:26 AM"
"UA-2515-DFW-CLT2011-12-16","ActualArrivalTime","Fri, Dec 16 10:13 AM"
"UA-2515-DFW-CLT2011-12-16","ArrivalGate","D2"
"UA-3373-IAD-PHL2011-12-16","ExpectedDepartureTime","Fri, Dec 16 8:30 AM"
"UA-3373-IAD-PHL2011-12-16","ActualDepartureTime","Fri, Dec 16 8:26 AM"
"UA-3373-IAD-PHL2011-12-16","DepartureGate","C20"
"UA-3373-IAD-PHL2011-12-16","ExpectedArrivalTime","Fri, Dec 16 9:25 AM"
"UA-3373-IAD-PHL2011-12-16","ActualArrivalTime","Fri, Dec 16 9:19 AM"
"UA-3373-IAD-PHL2011-12-16","ArrivalGate","D7"
"UA-2906-PHL-MCO2011-12-16","ExpectedDepartureTime","Fri, Dec 16 3:50 PM"
"UA-2906-PHL-MCO2011-12-16","ActualDepartureTime","Fri, Dec 16 3:50 PM            Delayed"
"UA-2906-PHL-MCO2011-12-16","DepartureGate","B13"
"UA-2906-PHL-MCO2011-12-16","ExpectedArrivalTime","Fri, Dec 16 6:23 PM"
"UA-2906-PHL-MCO2011-12-16","ActualArrivalTime","Fri, Dec 16 6:15 PM"
"UA-2906-PHL-MCO2011-12-16","ArrivalGate","58"
"UA-938-DEN-ORD2011-12-16","ExpectedDepartureTime","Fri, Dec 16 3:54 PM"
"UA-938-DEN-ORD2011-12-16","ActualDepartureTime","Fri, Dec 16 3:56 PM"
"UA-938-DEN-ORD2011-12-16","DepartureGate","B42"
"UA-938-DEN-ORD2011-12-16","ExpectedArrivalTime","Fri, Dec 16 7:17 PM"
"UA-938-DEN-ORD2011-12-16","ActualArrivalTime","Fri, Dec 16 7:14 PM"
"UA-938-DEN-ORD2011-12-16","ArrivalGate","C21"
"UA-3099-PHX-PHL2011-12-16","ExpectedDepartureTime","Fri, Dec 16 11:55 AM"
"UA-3099-PHX-PHL2011-12-16","ActualDepartureTime","Fri, Dec 16 11:55 AM"
"UA-3099-PHX-PHL2011-12-16","DepartureGate","A14"
"UA-3099-PHX-PHL2011-12-16","ExpectedArrivalTime","Fri, Dec 16 6:17 PM"
"UA-3099-PHX-PHL2011-12-16","ActualArrivalTime","Fri, Dec 16 5:47 PM"
"UA-3099-PHX-PHL2011-12-16","ArrivalGate","C29"
"UA-3925-IAD-ORF2011-12-16","ExpectedDepartureTime","Fri, Dec 16 8:42 AM"
"UA-3925-IAD-ORF2011-12-16","ActualDepartureTime","Fri, Dec 16 8:42 AM"
"UA-3925-IAD-ORF2011-12-16","DepartureGate","A2G"
"UA-3925-IAD-ORF2011-12-16","ExpectedArrivalTime","Fri, Dec 16 9:55 AM"
"UA-3925-IAD-ORF2011-12-16","ActualArrivalTime","Fri, Dec 16 9:58 AM"
"UA-5487-SFO-MRY2011-12-16","ExpectedDepartureTime","Fri, Dec 16 10:37 AM"
"UA-5487-SFO-MRY2011-12-16","ActualDepartureTime","Fri, Dec 16 11:05 AM"
"UA-5487-SFO-MRY2011-12-16","DepartureGate","78B"
"UA-5487-SFO-MRY2011-12-16","ExpectedArrivalTime","Fri, Dec 16 11:24 AM"
"UA-5487-SFO-MRY2011-12-16","ActualArrivalTime","Fri, Dec 16 11:45 AM"
"UA-3050-PHX-CLT2011-12-16","ExpectedDepartureTime","Fri, Dec 16 11:05 AM"
"UA-3050-PHX-CLT2011-12-16","ActualDepartureTime","Fri, Dec 16 11:30 AM"
"UA-3050-PHX-CLT2011-12-16","DepartureGate","A30"
"UA-3050-PHX-CLT2011-12-16","ExpectedArrivalTime","Fri, Dec 16 4:57 PM"
"UA-3050-PHX-CLT2011-12-16","ActualArrivalTime","Fri, Dec 16 5:16 PM"
"UA-3050-PHX-CLT2011-12-16","ArrivalGate","B6"
"UA-828-SFO-ORD2011-12-16","ExpectedDepartureTime","Fri, Dec 16 11:13 PM"
"UA-828-SFO-ORD2011-12-16","ActualDepartureTime","Fri, Dec 16 11:13 PM            On Time"
"UA-828-SFO-ORD2011-12-16","DepartureGate","73"
"UA-828-SFO-ORD2011-12-16","ExpectedArrivalTime","Sat, Dec 17 5:15 AM"
"UA-828-SFO-ORD2011-12-16","ActualArrivalTime","Sat, Dec 17 5:15 AM"
"UA-828-SFO-ORD2011-12-16","ArrivalGate","C23"
"UA-2830-MCO-CLT2011-12-16","ExpectedDepartureTime","Fri, Dec 16 3:27 PM"
"UA-2830-MCO-CLT2011-12-16","ActualDepartureTime","Fri, Dec 16 3:27 PM"
"UA-2830-MCO-CLT2011-12-16","DepartureGate","58"
"UA-2830-MCO-CLT2011-12-16","ExpectedArrivalTime","Fri, Dec 16 5:05 PM"
"UA-2830-MCO-CLT2011-12-16","ActualArrivalTime","Fri, Dec 16 4:59 PM"
"UA-2830-MCO-CLT2011-12-16","ArrivalGate","B8"
"UA-37-EWR-MCO2011-12-16","ExpectedDepartureTime","Fri, Dec 16 1:30 PM"
"UA-37-EWR-MCO2011-12-16","ActualDepartureTime","Fri, Dec 16 2:44 PM            Delayed"
"UA-37-EWR-MCO2011-12-16","DepartureGate","C133"
"UA-37-EWR-MCO2011-12-16","ExpectedArrivalTime","Fri, Dec 16 4:23 PM"
"UA-37-EWR-MCO2011-12-16","ActualArrivalTime","Fri, Dec 16 5:42 PM"
"UA-37-EWR-MCO2011-12-16","ArrivalGate","39"
"UA-37-EDI-EWR2011-12-16","ExpectedDepartureTime","Fri, Dec 16 9:05 AM"
"UA-37-EDI-EWR2011-12-16","ActualDepartureTime","Fri, Dec 16 9:23 AM"
"UA-37-EDI-EWR2011-12-16","ExpectedArrivalTime","Fri, Dec 16 11:53 AM"
"UA-37-EDI-EWR2011-12-16","ActualArrivalTime","Fri, Dec 16 12:18 PM"
"UA-37-EDI-EWR2011-12-16","ArrivalGate","B57"
"UA-2708-EWR-CLT2011-12-16","ExpectedDepartureTime","Fri, Dec 16 2:55 PM"
"UA-2708-EWR-CLT2011-12-16","ActualDepartureTime","Fri, Dec 16 3:35 PM"
"UA-2708-EWR-CLT2011-12-16","DepartureGate","A38"
"UA-2708-EWR-CLT2011-12-16","ExpectedArrivalTime","Fri, Dec 16 4:53 PM"
"UA-2708-EWR-CLT2011-12-16","ActualArrivalTime","Fri, Dec 16 5:42 PM"
"UA-2708-EWR-CLT2011-12-16","ArrivalGate","D6"
"UA-233-LAX-JFK2011-12-16","ExpectedDepartureTime","Fri, Dec 16 4:25 PM"
"UA-233-LAX-JFK2011-12-16","ActualDepartureTime","Fri, Dec 16 4:25 PM"
"UA-233-LAX-JFK2011-12-16","DepartureGate","75B"
"UA-233-LAX-JFK2011-12-16","ExpectedArrivalTime","Sat, Dec 17 12:44 AM"
"UA-233-LAX-JFK2011-12-16","ActualArrivalTime","Sat, Dec 17 12:44 AM"
"UA-233-LAX-JFK2011-12-16","ArrivalGate","6"
"UA-2726-FLL-PHL2011-12-16","ExpectedDepartureTime","Fri, Dec 16 4:00 PM"
"UA-2726-FLL-PHL2011-12-16","ActualDepartureTime","Fri, Dec 16 4:00 PM"
"UA-2726-FLL-PHL2011-12-16","DepartureGate","E3"
"UA-2726-FLL-PHL2011-12-16","ExpectedArrivalTime","Fri, Dec 16 6:46 PM"
"UA-2726-FLL-PHL2011-12-16","ActualArrivalTime","Fri, Dec 16 6:25 PM"
"UA-2726-FLL-PHL2011-12-16","ArrivalGate","C17"
"UA-2945-PHL-CLT2011-12-16","ExpectedDepartureTime","Fri, Dec 16 12:00 AM"
"UA-2945-PHL-CLT2011-12-16","ActualDepartureTime","Fri, Dec 16 3:11 AM"
"UA-2945-PHL-CLT2011-12-16","DepartureGate","C21"
"UA-2945-PHL-CLT2011-12-16","ExpectedArrivalTime","Fri, Dec 16 1:45 PM"
"UA-2945-PHL-CLT2011-12-16","ActualArrivalTime","Fri, Dec 16 1:39 PM"
"UA-2945-PHL-CLT2011-12-16","ArrivalGate","B2"
"UA-6273-YYC-SFO2011-12-16","ExpectedDepartureTime","Fri, Dec 16 7:45 AM"
"UA-6273-YYC-SFO2011-12-16","ActualDepartureTime","Fri, Dec 16 7:42 AM"
"UA-6273-YYC-SFO2011-12-16","ExpectedArrivalTime","Fri, Dec 16 9:53 AM"
"UA-6273-YYC-SFO2011-12-16","ActualArrivalTime","Fri, Dec 16 9:19 AM"
"UA-6273-YYC-SFO2011-12-16","ArrivalGate","78A"
"UA-2314-ATL-PHL2011-12-16","ExpectedDepartureTime","Fri, Dec 16 2:55 PM"
"UA-2314-ATL-PHL2011-12-16","ActualDepartureTime","Fri, Dec 16 2:55 PM"
"UA-2314-ATL-PHL2011-12-16","DepartureGate","D23"
"UA-2314-ATL-PHL2011-12-16","ExpectedArrivalTime","Fri, Dec 16 5:00 PM"
"UA-2314-ATL-PHL2011-12-16","ActualArrivalTime","Fri, Dec 16 4:47 PM"
"UA-2314-ATL-PHL2011-12-16","ArrivalGate","C17"
"UA-382-IAD-LAX2011-12-16","ExpectedDepartureTime","Fri, Dec 16 12:20 PM"
"UA-382-IAD-LAX2011-12-16","ActualDepartureTime","Fri, Dec 16 12:19 PM            On Time"
"UA-382-IAD-LAX2011-12-16","DepartureGate","C27"
"UA-382-IAD-LAX2011-12-16","ExpectedArrivalTime","Fri, Dec 16 3:08 PM"
"UA-382-IAD-LAX2011-12-16","ActualArrivalTime","Fri, Dec 16 2:38 PM"
"UA-382-IAD-LAX2011-12-16","ArrivalGate","70B"
"UA-382-IAD-LAX2011-12-16","ExpectedDepartureTime","Fri, Dec 16 12:20 PM"
"UA-382-IAD-LAX2011-12-16","ActualDepartureTime","Fri, Dec 16 12:19 PM            On Time"
"UA-382-IAD-LAX2011-12-16","DepartureGate","C27"
"UA-382-IAD-LAX2011-12-16","ExpectedArrivalTime","Fri, Dec 16 3:08 PM"
"UA-382-IAD-LAX2011-12-16","ActualArrivalTime","Fri, Dec 16 2:33 PM"
"UA-382-IAD-LAX2011-12-16","ArrivalGate","70B"
"UA-858-PVG-SFO2011-12-16","ExpectedDepartureTime","Fri, Dec 16 1:45 PM"
"UA-858-PVG-SFO2011-12-16","ActualDepartureTime","Fri, Dec 16 1:42 PM"
"UA-858-PVG-SFO2011-12-16","DepartureGate","71"
"UA-858-PVG-SFO2011-12-16","ExpectedArrivalTime","Fri, Dec 16 8:27 AM"
"UA-858-PVG-SFO2011-12-16","ActualArrivalTime","Fri, Dec 16 8:11 AM"
"UA-858-PVG-SFO2011-12-16","ArrivalGate","96"
"UA-854-SFO-IAH2011-12-16","ExpectedDepartureTime","Fri, Dec 16 7:35 AM"
"UA-854-SFO-IAH2011-12-16","ActualDepartureTime","Fri, Dec 16 7:36 AM"
"UA-854-SFO-IAH2011-12-16","DepartureGate","98"
"UA-854-SFO-IAH2011-12-16","ExpectedArrivalTime","Fri, Dec 16 1:30 PM"
"UA-854-SFO-IAH2011-12-16","ActualArrivalTime","Fri, Dec 16 1:23 PM"
"UA-854-SFO-IAH2011-12-16","ArrivalGate","C16"
"CO-1586-IAH-MCO2011-12-16","ExpectedDepartureTime","Fri., Dec.16, 2011 7:00 p.m."
"CO-1586-IAH-MCO2011-12-16","ActualDepartureTime","Fri., Dec.16, 2011 7:06 p.m."
"CO-1586-IAH-MCO2011-12-16","ExpectedArrivalTime","Fri., Dec.16, 2011 10:12 p.m."
"CO-1586-IAH-MCO2011-12-16","ActualArrivalTime","Fri., Dec.16, 2011 10:35 p.m."
"CO-1694-LAX-IAH2011-12-16","ExpectedDepartureTime","Fri., Dec.16, 2011 7:41 p.m."
"CO-1694-LAX-IAH2011-12-16","ActualDepartureTime","Fri., Dec.16, 2011 7:41 p.m."
"CO-1694-LAX-IAH2011-12-16","ExpectedArrivalTime","Fri., Dec.16, 2011 12:44 a.m."
"CO-1694-LAX-IAH2011-12-16","ActualArrivalTime","Fri., Dec.16, 2011 12:44 a.m."
"CO-1088-CLE-IAH2011-12-16","ExpectedDepartureTime","Fri., Dec.16, 2011 8:35 a.m."
"CO-1088-CLE-IAH2011-12-16","ActualDepartureTime","Fri., Dec.16, 2011 8:38 a.m."
"CO-1088-CLE-IAH2011-12-16","ExpectedArrivalTime","Fri., Dec.16, 2011 10:55 a.m."
"CO-1088-CLE-IAH2011-12-16","ActualArrivalTime","Fri., Dec.16, 2011 10:57 a.m."
"CO-16-LAX-EWR2011-12-16","ExpectedDepartureTime","Fri., Dec.16, 2011 10:25 a.m."
"CO-16-LAX-EWR2011-12-16","ActualDepartureTime","Fri., Dec.16, 2011 11:01 a.m."
"CO-16-LAX-EWR2011-12-16","ExpectedArrivalTime","Fri., Dec.16, 2011 6:39 p.m."
"CO-16-LAX-EWR2011-12-16","ActualArrivalTime","Fri., Dec.16, 2011 7:10 p.m."
"CO-58-DEN-IAH2011-12-16","ExpectedDepartureTime","Fri., Dec.16, 2011 11:30 a.m."
"CO-58-DEN-IAH2011-12-16","ActualDepartureTime","Fri., Dec.16, 2011 11:32 a.m."
"CO-58-DEN-IAH2011-12-16","ExpectedArrivalTime","Fri., Dec.16, 2011 2:56 p.m."
"CO-58-DEN-IAH2011-12-16","ActualArrivalTime","Fri., Dec.16, 2011 2:47 p.m."
"CO-1193-EWR-MCO2011-12-16","ExpectedDepartureTime","Fri., Dec.16, 2011 9:35 a.m."
"CO-1193-EWR-MCO2011-12-16","ActualDepartureTime","Fri., Dec.16, 2011 9:42 a.m."
"CO-1193-EWR-MCO2011-12-16","ExpectedArrivalTime","Fri., Dec.16, 2011 12:36 p.m."
"CO-1193-EWR-MCO2011-12-16","ActualArrivalTime","Fri., Dec.16, 2011 12:55 p.m."
"CO-1023-IAH-DEN2011-12-16","ExpectedDepartureTime","Fri., Dec.16, 2011 11:40 a.m."
"CO-1023-IAH-DEN2011-12-16","ActualDepartureTime","Fri., Dec.16, 2011 11:42 a.m."
"CO-1023-IAH-DEN2011-12-16","ExpectedArrivalTime","Fri., Dec.16, 2011 1:20 p.m."
"CO-1023-IAH-DEN2011-12-16","ActualArrivalTime","Fri., Dec.16, 2011 1:26 p.m."
"CO-1250-MIA-IAH2011-12-16","ExpectedDepartureTime","Fri., Dec.16, 2011 2:49 p.m."
"CO-1250-MIA-IAH2011-12-16","ActualDepartureTime","Fri., Dec.16, 2011 3:25 p.m."
"CO-1250-MIA-IAH2011-12-16","ExpectedArrivalTime","Fri., Dec.16, 2011 4:50 p.m."
"CO-1250-MIA-IAH2011-12-16","ActualArrivalTime","Fri., Dec.16, 2011 5:08 p.m."
"CO-62-IAH-EWR2011-12-16","ExpectedDepartureTime","Fri., Dec.16, 2011 2:30 p.m."
"CO-62-IAH-EWR2011-12-16","ActualDepartureTime","Fri., Dec.16, 2011 2:35 p.m."
"CO-62-IAH-EWR2011-12-16","ExpectedArrivalTime","Fri., Dec.16, 2011 7:03 p.m."
"CO-62-IAH-EWR2011-12-16","ActualArrivalTime","Fri., Dec.16, 2011 7:02 p.m."
"CO-52-IAH-LAX2011-12-16","ExpectedDepartureTime","Fri., Dec.16, 2011 7:35 a.m."
"CO-52-IAH-LAX2011-12-16","ActualDepartureTime","Fri., Dec.16, 2011 8:20 a.m."
"CO-52-IAH-LAX2011-12-16","ExpectedArrivalTime","Fri., Dec.16, 2011 9:30 a.m."
"CO-52-IAH-LAX2011-12-16","ActualArrivalTime","Fri., Dec.16, 2011 10:01 a.m."
"CO-1614-LAX-IAH2011-12-16","ExpectedDepartureTime","Fri., Dec.16, 2011 12:30 a.m."
"CO-1614-LAX-IAH2011-12-16","ActualDepartureTime","Fri., Dec.16, 2011 1:00 a.m."
"CO-1614-LAX-IAH2011-12-16","ExpectedArrivalTime","Fri., Dec.16, 2011 5:36 a.m."
"CO-1614-LAX-IAH2011-12-16","ActualArrivalTime","Fri., Dec.16, 2011 5:58 a.m."
"CO-89-IAH-EWR2011-12-16","ExpectedDepartureTime","Fri., Dec.16, 2011 6:00 a.m."
"CO-89-IAH-EWR2011-12-16","ActualDepartureTime","Fri., Dec.16, 2011 6:05 a.m."
"CO-89-IAH-EWR2011-12-16","ExpectedArrivalTime","Fri., Dec.16, 2011 10:20 a.m."
"CO-89-IAH-EWR2011-12-16","ActualArrivalTime","Fri., Dec.16, 2011 10:39 a.m."
"CO-1090-BOS-IAH2011-12-16","ExpectedDepartureTime","Fri., Dec.16, 2011 9:50 a.m."
"CO-1090-BOS-IAH2011-12-16","ActualDepartureTime","Fri., Dec.16, 2011 9:48 a.m."
"CO-1090-BOS-IAH2011-12-16","ExpectedArrivalTime","Fri., Dec.16, 2011 1:20 p.m."
"CO-1090-BOS-IAH2011-12-16","ActualArrivalTime","Fri., Dec.16, 2011 1:34 p.m."
"CO-45-EWR-MIA2011-12-16","ExpectedDepartureTime","Fri., Dec.16, 2011 3:50 p.m."
"CO-45-EWR-MIA2011-12-16","ActualDepartureTime","Fri., Dec.16, 2011 4:07 p.m."
"CO-45-EWR-MIA2011-12-16","ExpectedArrivalTime","Fri., Dec.16, 2011 7:05 p.m."
"CO-45-EWR-MIA2011-12-16","ActualArrivalTime","Fri., Dec.16, 2011 7:10 p.m."
"CO-63-EWR-IAH2011-12-16","ExpectedDepartureTime","Fri., Dec.16, 2011 5:25 p.m."
"CO-63-EWR-IAH2011-12-16","ActualDepartureTime","Fri., Dec.16, 2011 5:26 p.m."
"CO-63-EWR-IAH2011-12-16","ExpectedArrivalTime","Fri., Dec.16, 2011 8:30 p.m."
"CO-63-EWR-IAH2011-12-16","ActualArrivalTime","Fri., Dec.16, 2011 8:47 p.m."
"CO-50-CLE-EWR2011-12-16","ExpectedDepartureTime","Fri., Dec.16, 2011 2:55 p.m."
"CO-50-CLE-EWR2011-12-16","ActualDepartureTime","Fri., Dec.16, 2011 4:37 p.m."
"CO-50-CLE-EWR2011-12-16","ExpectedArrivalTime","Fri., Dec.16, 2011 4:53 p.m."
"CO-50-CLE-EWR2011-12-16","ActualArrivalTime","Fri., Dec.16, 2011 6:01 p.m."
"CO-1561-PHX-IAH2011-12-16","ExpectedDepartureTime","Fri., Dec.16, 2011 8:05 a.m."
"CO-1561-PHX-IAH2011-12-16","ActualDepartureTime","Fri., Dec.16, 2011 8:04 a.m."
"CO-1561-PHX-IAH2011-12-16","ExpectedArrivalTime","Fri., Dec.16, 2011 11:37 a.m."
"CO-1561-PHX-IAH2011-12-16","ActualArrivalTime","Fri., Dec.16, 2011 11:40 a.m."
"CO-47-IAH-LAX2011-12-16","ExpectedDepartureTime","Fri., Dec.16, 2011 7:10 p.m."
"CO-47-IAH-LAX2011-12-16","ActualDepartureTime","Fri., Dec.16, 2011 7:16 p.m."
"CO-47-IAH-LAX2011-12-16","ExpectedArrivalTime","Fri., Dec.16, 2011 9:06 p.m."
"CO-47-IAH-LAX2011-12-16","ActualArrivalTime","Fri., Dec.16, 2011 9:03 p.m."
