"ObjectID","PropertyID","PropertyValue"
"AA-1221-MCO-ORD2011-12-14","ExpectedDepartureTime","December 14, 2011               08:00 PM    "
"AA-1221-MCO-ORD2011-12-14","ActualDepartureTime","December 14, 2011               08:36 PM    "
"AA-1221-MCO-ORD2011-12-14","DepartureGate"," 15"
"AA-1221-MCO-ORD2011-12-14","ExpectedArrivalTime","December 14, 2011               09:50 PM    "
"AA-1221-MCO-ORD2011-12-14","ActualArrivalTime","December 14, 2011               10:27 PM    "
"AA-1221-MCO-ORD2011-12-14","ArrivalGate"," K7    "
"AA-4307-ORD-DTW2011-12-14","ExpectedDepartureTime","December 14, 2011               06:45 PM    "
"AA-4307-ORD-DTW2011-12-14","ActualDepartureTime","December 14, 2011               06:45 PM    "
"AA-4307-ORD-DTW2011-12-14","DepartureGate"," G17"
"AA-4307-ORD-DTW2011-12-14","ExpectedArrivalTime","December 14, 2011               09:10 PM    "
"AA-4307-ORD-DTW2011-12-14","ActualArrivalTime","December 14, 2011               09:17 PM    "
"AA-4307-ORD-DTW2011-12-14","ArrivalGate"," D28    "
"AA-616-DFW-DTW2011-12-14","ExpectedDepartureTime","December 14, 2011               09:05 AM    "
"AA-616-DFW-DTW2011-12-14","ActualDepartureTime","December 14, 2011               09:01 AM    "
"AA-616-DFW-DTW2011-12-14","DepartureGate"," C30"
"AA-616-DFW-DTW2011-12-14","ExpectedArrivalTime","December 14, 2011               12:35 PM    "
"AA-616-DFW-DTW2011-12-14","ActualArrivalTime","December 14, 2011               12:31 PM    "
"AA-616-DFW-DTW2011-12-14","ArrivalGate"," D32    "
"AA-431-MIA-SFO2011-12-14","ExpectedDepartureTime","December 14, 2011               08:35 AM    "
"AA-431-MIA-SFO2011-12-14","ActualDepartureTime","December 14, 2011               08:30 AM    "
"AA-431-MIA-SFO2011-12-14","DepartureGate"," D1"
"AA-431-MIA-SFO2011-12-14","ExpectedArrivalTime","December 14, 2011               11:50 AM    "
"AA-431-MIA-SFO2011-12-14","ActualArrivalTime","December 14, 2011               11:24 AM    "
"AA-431-MIA-SFO2011-12-14","ArrivalGate"," 57    "
"AA-3756-ORD-SLC2011-12-14","ExpectedDepartureTime","December 14, 2011               12:15 PM    "
"AA-3756-ORD-SLC2011-12-14","ActualDepartureTime","December 14, 2011               12:57 PM    "
"AA-3756-ORD-SLC2011-12-14","DepartureGate"," G6B"
"AA-3756-ORD-SLC2011-12-14","ExpectedArrivalTime","December 14, 2011               02:45 PM    "
"AA-3756-ORD-SLC2011-12-14","ActualArrivalTime","December 14, 2011               03:09 PM    "
"AA-3756-ORD-SLC2011-12-14","ArrivalGate"," A1    "
"AA-2050-ORD-MIA2011-12-14","ExpectedDepartureTime","December 14, 2011               10:40 AM    "
"AA-2050-ORD-MIA2011-12-14","ActualDepartureTime","December 14, 2011               10:57 AM    "
"AA-2050-ORD-MIA2011-12-14","DepartureGate"," H15"
"AA-2050-ORD-MIA2011-12-14","ExpectedArrivalTime","December 14, 2011               02:45 PM    "
"AA-2050-ORD-MIA2011-12-14","ActualArrivalTime","December 14, 2011               02:44 PM    "
"AA-2050-ORD-MIA2011-12-14","ArrivalGate"," D3    "
"AA-3804-PHL-ORD2011-12-14","ExpectedDepartureTime","December 14, 2011               02:35 PM    "
"AA-3804-PHL-ORD2011-12-14","ActualDepartureTime","December 14, 2011               03:06 PM    "
"AA-3804-PHL-ORD2011-12-14","DepartureGate"," A7"
"AA-3804-PHL-ORD2011-12-14","ExpectedArrivalTime","December 14, 2011               04:05 PM    "
"AA-3804-PHL-ORD2011-12-14","ActualArrivalTime","December 14, 2011               05:09 PM    "
"AA-3804-PHL-ORD2011-12-14","ArrivalGate"," G13    "
"AA-1664-MIA-ATL2011-12-14","ExpectedDepartureTime","December 14, 2011               10:15 AM    "
"AA-1664-MIA-ATL2011-12-14","ActualDepartureTime","December 14, 2011               11:49 AM    "
"AA-1664-MIA-ATL2011-12-14","DepartureGate"," D17"
"AA-1664-MIA-ATL2011-12-14","ExpectedArrivalTime","December 14, 2011               12:10 PM    "
"AA-1664-MIA-ATL2011-12-14","ActualArrivalTime","December 14, 2011               01:48 PM    "
"AA-1664-MIA-ATL2011-12-14","ArrivalGate"," T11    "
"AA-789-ORD-DEN2011-12-14","ExpectedDepartureTime","December 14, 2011               01:05 PM    "
"AA-789-ORD-DEN2011-12-14","ActualDepartureTime","December 14, 2011               02:12 PM    "
"AA-789-ORD-DEN2011-12-14","DepartureGate"," H11A"
"AA-789-ORD-DEN2011-12-14","ExpectedArrivalTime","December 14, 2011               02:35 PM    "
"AA-789-ORD-DEN2011-12-14","ActualArrivalTime","December 14, 2011               03:56 PM    "
"AA-789-ORD-DEN2011-12-14","ArrivalGate"," A45    "
"AA-1733-ORD-PHX2011-12-14","ExpectedDepartureTime","December 14, 2011               07:45 PM    "
"AA-1733-ORD-PHX2011-12-14","ActualDepartureTime","December 14, 2011     "
"AA-1733-ORD-PHX2011-12-14","DepartureGate"," H15"
"AA-1733-ORD-PHX2011-12-14","ExpectedArrivalTime","December 14, 2011               10:30 PM    "
"AA-1733-ORD-PHX2011-12-14","ActualArrivalTime","December 14, 2011     "
"AA-1733-ORD-PHX2011-12-14","ArrivalGate"," 6    "
"AA-1733-ORD-PHX2011-12-14","ExpectedDepartureTime","December 14, 2011               07:45 PM    "
"AA-1733-ORD-PHX2011-12-14","ActualDepartureTime","December 14, 2011               09:04 PM    "
"AA-1733-ORD-PHX2011-12-14","DepartureGate"," H15"
"AA-1733-ORD-PHX2011-12-14","ExpectedArrivalTime","December 14, 2011               10:30 PM    "
"AA-1733-ORD-PHX2011-12-14","ActualArrivalTime","December 14, 2011     "
"AA-1733-ORD-PHX2011-12-14","ArrivalGate"," 6    "
"AA-4277-CVG-JFK2011-12-14","ExpectedDepartureTime","December 14, 2011               12:10 PM    "
"AA-4277-CVG-JFK2011-12-14","ActualDepartureTime","December 14, 2011               12:01 PM    "
"AA-4277-CVG-JFK2011-12-14","DepartureGate"," 1"
"AA-4277-CVG-JFK2011-12-14","ExpectedArrivalTime","December 14, 2011               02:15 PM    "
"AA-4277-CVG-JFK2011-12-14","ActualArrivalTime","December 14, 2011               02:02 PM    "
"AA-4277-CVG-JFK2011-12-14","ArrivalGate"," 31B    "
"AA-2312-DFW-DTW2011-12-14","ExpectedDepartureTime","December 14, 2011               08:25 PM    "
"AA-2312-DFW-DTW2011-12-14","ActualDepartureTime","December 14, 2011     "
"AA-2312-DFW-DTW2011-12-14","DepartureGate"," C14"
"AA-2312-DFW-DTW2011-12-14","ExpectedArrivalTime","December 14, 2011               11:50 PM    "
"AA-2312-DFW-DTW2011-12-14","ActualArrivalTime","December 14, 2011     "
"AA-2312-DFW-DTW2011-12-14","ArrivalGate"," D32    "
"AA-85-JFK-SFO2011-12-14","ExpectedDepartureTime","December 14, 2011               03:05 PM    "
"AA-85-JFK-SFO2011-12-14","ActualDepartureTime","December 14, 2011               03:54 PM    "
"AA-85-JFK-SFO2011-12-14","DepartureGate"," 41"
"AA-85-JFK-SFO2011-12-14","ExpectedArrivalTime","December 14, 2011               06:30 PM    "
"AA-85-JFK-SFO2011-12-14","ActualArrivalTime","December 14, 2011               07:14 PM    "
"AA-85-JFK-SFO2011-12-14","ArrivalGate"," 58B    "
"AA-404-MIA-MCO2011-12-14","ExpectedDepartureTime","December 14, 2011               06:45 AM    "
"AA-404-MIA-MCO2011-12-14","ActualDepartureTime","December 14, 2011               06:43 AM    "
"AA-404-MIA-MCO2011-12-14","DepartureGate"," E5"
"AA-404-MIA-MCO2011-12-14","ExpectedArrivalTime","December 14, 2011               07:45 AM    "
"AA-404-MIA-MCO2011-12-14","ActualArrivalTime","December 14, 2011               07:37 AM    "
"AA-404-MIA-MCO2011-12-14","ArrivalGate"," 14    "
"AA-446-DFW-PHL2011-12-14","ExpectedDepartureTime","December 14, 2011               11:50 AM    "
"AA-446-DFW-PHL2011-12-14","ActualDepartureTime","December 14, 2011               11:50 AM    "
"AA-446-DFW-PHL2011-12-14","DepartureGate"," D20"
"AA-446-DFW-PHL2011-12-14","ExpectedArrivalTime","December 14, 2011               03:50 PM    "
"AA-446-DFW-PHL2011-12-14","ActualArrivalTime","December 14, 2011               03:55 PM    "
"AA-446-DFW-PHL2011-12-14","ArrivalGate"," A9    "
"AA-2268-PHX-ORD2011-12-14","ExpectedDepartureTime","December 14, 2011               07:15 AM    "
"AA-2268-PHX-ORD2011-12-14","ActualDepartureTime","December 14, 2011               07:43 AM    "
"AA-2268-PHX-ORD2011-12-14","DepartureGate"," 6"
"AA-2268-PHX-ORD2011-12-14","ExpectedArrivalTime","December 14, 2011               11:35 AM    "
"AA-2268-PHX-ORD2011-12-14","ActualArrivalTime","December 14, 2011               11:59 AM    "
"AA-2268-PHX-ORD2011-12-14","ArrivalGate"," H15    "
"AA-4344-ORD-DTW2011-12-14","ExpectedDepartureTime","December 14, 2011               11:45 AM    "
"AA-4344-ORD-DTW2011-12-14","ActualDepartureTime","December 14, 2011               12:10 PM    "
"AA-4344-ORD-DTW2011-12-14","DepartureGate"," G6A"
"AA-4344-ORD-DTW2011-12-14","ExpectedArrivalTime","December 14, 2011               02:00 PM    "
"AA-4344-ORD-DTW2011-12-14","ActualArrivalTime","December 14, 2011               02:52 PM    "
"AA-4344-ORD-DTW2011-12-14","ArrivalGate"," D28    "
"AA-484-DFW-MIA2011-12-14","ExpectedDepartureTime","December 14, 2011               04:15 PM    "
"AA-484-DFW-MIA2011-12-14","ActualDepartureTime","December 14, 2011               04:15 PM    "
"AA-484-DFW-MIA2011-12-14","DepartureGate"," D28"
"AA-484-DFW-MIA2011-12-14","ExpectedArrivalTime","December 14, 2011               07:55 PM    "
"AA-484-DFW-MIA2011-12-14","ActualArrivalTime","December 14, 2011               07:52 PM    "
"AA-484-DFW-MIA2011-12-14","ArrivalGate"," D51    "
"AA-3979-CVG-ORD2011-12-14","ExpectedDepartureTime","December 14, 2011               07:30 AM    "
"AA-3979-CVG-ORD2011-12-14","ActualDepartureTime","December 14, 2011               07:27 AM    "
"AA-3979-CVG-ORD2011-12-14","DepartureGate"," 3"
"AA-3979-CVG-ORD2011-12-14","ExpectedArrivalTime","December 14, 2011               08:00 AM    "
"AA-3979-CVG-ORD2011-12-14","ActualArrivalTime","December 14, 2011               08:19 AM    "
"AA-3979-CVG-ORD2011-12-14","ArrivalGate"," G11    "
"AA-3063-SLC-LAX2011-12-14","ExpectedDepartureTime","December 14, 2011               08:20 PM    "
"AA-3063-SLC-LAX2011-12-14","ActualDepartureTime","December 14, 2011               08:23 PM    "
"AA-3063-SLC-LAX2011-12-14","DepartureGate"," A3"
"AA-3063-SLC-LAX2011-12-14","ExpectedArrivalTime","December 14, 2011               09:20 PM    "
"AA-3063-SLC-LAX2011-12-14","ActualArrivalTime","December 14, 2011     "
"AA-3063-SLC-LAX2011-12-14","ArrivalGate"," 44H    "
"AA-3859-IAH-ORD2011-12-14","ExpectedDepartureTime","December 14, 2011               07:10 AM    "
"AA-3859-IAH-ORD2011-12-14","ActualDepartureTime","December 14, 2011               07:30 AM    "
"AA-3859-IAH-ORD2011-12-14","DepartureGate"," A29"
"AA-3859-IAH-ORD2011-12-14","ExpectedArrivalTime","December 14, 2011               09:40 AM    "
"AA-3859-IAH-ORD2011-12-14","ActualArrivalTime","December 14, 2011               10:10 AM    "
"AA-3859-IAH-ORD2011-12-14","ArrivalGate"," G4    "
"AA-3842-MSP-ORD2011-12-14","ExpectedDepartureTime","December 14, 2011               06:00 AM    "
"AA-3842-MSP-ORD2011-12-14","ActualDepartureTime","December 14, 2011               05:59 AM    "
"AA-3842-MSP-ORD2011-12-14","DepartureGate"," E14"
"AA-3842-MSP-ORD2011-12-14","ExpectedArrivalTime","December 14, 2011               07:30 AM    "
"AA-3842-MSP-ORD2011-12-14","ActualArrivalTime","December 14, 2011               07:38 AM    "
"AA-3842-MSP-ORD2011-12-14","ArrivalGate"," G4    "
"AA-1544-SAN-ORD2011-12-14","ExpectedDepartureTime","December 14, 2011               11:25 AM    "
"AA-1544-SAN-ORD2011-12-14","ActualDepartureTime","December 14, 2011               11:47 AM    "
"AA-1544-SAN-ORD2011-12-14","DepartureGate"," 27"
"AA-1544-SAN-ORD2011-12-14","ExpectedArrivalTime","December 14, 2011               05:25 PM    "
"AA-1544-SAN-ORD2011-12-14","ActualArrivalTime","December 14, 2011               05:46 PM    "
"AA-1544-SAN-ORD2011-12-14","ArrivalGate"," H6    "
"AA-649-ORD-SNA2011-12-14","ExpectedDepartureTime","December 14, 2011               01:30 PM    "
"AA-649-ORD-SNA2011-12-14","ActualDepartureTime","December 14, 2011     "
"AA-649-ORD-SNA2011-12-14","DepartureGate"," H10"
"AA-649-ORD-SNA2011-12-14","ExpectedArrivalTime","December 14, 2011               03:50 PM    "
"AA-649-ORD-SNA2011-12-14","ActualArrivalTime","December 14, 2011     "
"AA-649-ORD-SNA2011-12-14","ArrivalGate"," 7    "
"AA-1640-MIA-MCO2011-12-14","ExpectedDepartureTime","December 14, 2011               06:30 PM    "
"AA-1640-MIA-MCO2011-12-14","ActualDepartureTime","December 14, 2011     "
"AA-1640-MIA-MCO2011-12-14","DepartureGate"," D33"
"AA-1640-MIA-MCO2011-12-14","ExpectedArrivalTime","December 14, 2011               07:25 PM    "
"AA-1640-MIA-MCO2011-12-14","ActualArrivalTime","December 14, 2011     "
"AA-1640-MIA-MCO2011-12-14","ArrivalGate"," 14    "
"AA-518-MIA-JFK2011-12-14","ExpectedDepartureTime","December 14, 2011               06:30 AM    "
"AA-518-MIA-JFK2011-12-14","ActualDepartureTime","December 14, 2011               06:29 AM    "
"AA-518-MIA-JFK2011-12-14","DepartureGate"," D16"
"AA-518-MIA-JFK2011-12-14","ExpectedArrivalTime","December 14, 2011               09:15 AM    "
"AA-518-MIA-JFK2011-12-14","ActualArrivalTime","December 14, 2011               09:22 AM    "
"AA-518-MIA-JFK2011-12-14","ArrivalGate"," 38    "
"AA-2525-DFW-MIA2011-12-14","ExpectedDepartureTime","December 14, 2011               07:25 AM    "
"AA-2525-DFW-MIA2011-12-14","ActualDepartureTime","December 14, 2011               07:26 AM    "
"AA-2525-DFW-MIA2011-12-14","DepartureGate"," D36"
"AA-2525-DFW-MIA2011-12-14","ExpectedArrivalTime","December 14, 2011               11:10 AM    "
"AA-2525-DFW-MIA2011-12-14","ActualArrivalTime","December 14, 2011               11:00 AM    "
"AA-2525-DFW-MIA2011-12-14","ArrivalGate"," D22    "
"AA-1279-DFW-PHX2011-12-14","ExpectedDepartureTime","December 14, 2011               01:00 PM    "
"AA-1279-DFW-PHX2011-12-14","ActualDepartureTime","December 14, 2011               12:59 PM    "
"AA-1279-DFW-PHX2011-12-14","DepartureGate"," A29"
"AA-1279-DFW-PHX2011-12-14","ExpectedArrivalTime","December 14, 2011               02:35 PM    "
"AA-1279-DFW-PHX2011-12-14","ActualArrivalTime","December 14, 2011               02:43 PM    "
"AA-1279-DFW-PHX2011-12-14","ArrivalGate"," 4    "
"AA-1522-SFO-ORD2011-12-14","ExpectedDepartureTime","December 14, 2011               11:55 PM    "
"AA-1522-SFO-ORD2011-12-14","ActualDepartureTime","December 14, 2011     "
"AA-1522-SFO-ORD2011-12-14","DepartureGate"," 57"
"AA-1522-SFO-ORD2011-12-14","ExpectedArrivalTime","December 15, 2011               05:50 AM    "
"AA-1522-SFO-ORD2011-12-14","ActualArrivalTime","December 15, 2011     "
"AA-1522-SFO-ORD2011-12-14","ArrivalGate"," H10    "
"AA-1434-DFW-MCO2011-12-14","ExpectedDepartureTime","December 14, 2011               07:15 AM    "
"AA-1434-DFW-MCO2011-12-14","ActualDepartureTime","December 14, 2011               07:16 AM    "
"AA-1434-DFW-MCO2011-12-14","DepartureGate"," C36"
"AA-1434-DFW-MCO2011-12-14","ExpectedArrivalTime","December 14, 2011               10:35 AM    "
"AA-1434-DFW-MCO2011-12-14","ActualArrivalTime","December 14, 2011               10:41 AM    "
"AA-1434-DFW-MCO2011-12-14","ArrivalGate"," 15    "
"AA-59-JFK-SFO2011-12-14","ExpectedDepartureTime","December 14, 2011               07:10 AM    "
"AA-59-JFK-SFO2011-12-14","ActualDepartureTime","December 14, 2011               07:07 AM    "
"AA-59-JFK-SFO2011-12-14","DepartureGate"," 6"
"AA-59-JFK-SFO2011-12-14","ExpectedArrivalTime","December 14, 2011               10:45 AM    "
"AA-59-JFK-SFO2011-12-14","ActualArrivalTime","December 14, 2011               10:45 AM    "
"AA-59-JFK-SFO2011-12-14","ArrivalGate"," 58B    "
"AA-415-BOS-ORD2011-12-14","ExpectedDepartureTime","December 14, 2011               08:35 AM    "
"AA-415-BOS-ORD2011-12-14","ActualDepartureTime","December 14, 2011               09:07 AM    "
"AA-415-BOS-ORD2011-12-14","DepartureGate"," B34"
"AA-415-BOS-ORD2011-12-14","ExpectedArrivalTime","December 14, 2011               10:40 AM    "
"AA-415-BOS-ORD2011-12-14","ActualArrivalTime","December 14, 2011               11:05 AM    "
"AA-415-BOS-ORD2011-12-14","ArrivalGate"," K8    "
"AA-222-LAX-BOS2011-12-14","ExpectedDepartureTime","December 14, 2011               07:10 AM    "
"AA-222-LAX-BOS2011-12-14","ActualDepartureTime","December 14, 2011               07:03 AM    "
"AA-222-LAX-BOS2011-12-14","DepartureGate"," 47B"
"AA-222-LAX-BOS2011-12-14","ExpectedArrivalTime","December 14, 2011               03:30 PM    "
"AA-222-LAX-BOS2011-12-14","ActualArrivalTime","December 14, 2011               03:09 PM    "
"AA-222-LAX-BOS2011-12-14","ArrivalGate"," B35    "
"AA-3823-LAX-DEN2011-12-14","ExpectedDepartureTime","December 14, 2011               09:00 PM    "
"AA-3823-LAX-DEN2011-12-14","ActualDepartureTime","December 14, 2011     "
"AA-3823-LAX-DEN2011-12-14","DepartureGate"," 44J"
"AA-3823-LAX-DEN2011-12-14","ExpectedArrivalTime","December 15, 2011               12:15 AM    "
"AA-3823-LAX-DEN2011-12-14","ActualArrivalTime","December 15, 2011     "
"AA-3823-LAX-DEN2011-12-14","ArrivalGate"," A49    "
"AA-1165-JFK-MIA2011-12-14","ExpectedDepartureTime","December 14, 2011               06:59 AM    "
"AA-1165-JFK-MIA2011-12-14","ActualDepartureTime","December 14, 2011               06:51 AM    "
"AA-1165-JFK-MIA2011-12-14","DepartureGate"," 42"
"AA-1165-JFK-MIA2011-12-14","ExpectedArrivalTime","December 14, 2011               10:34 AM    "
"AA-1165-JFK-MIA2011-12-14","ActualArrivalTime","December 14, 2011               10:00 AM    "
"AA-1165-JFK-MIA2011-12-14","ArrivalGate"," D2    "
"AA-3786-IAH-ORD2011-12-14","ExpectedDepartureTime","December 14, 2011               04:00 PM    "
"AA-3786-IAH-ORD2011-12-14","ActualDepartureTime","December 14, 2011               05:26 PM    "
"AA-3786-IAH-ORD2011-12-14","DepartureGate"," A29"
"AA-3786-IAH-ORD2011-12-14","ExpectedArrivalTime","December 14, 2011               06:40 PM    "
"AA-3786-IAH-ORD2011-12-14","ActualArrivalTime","December 14, 2011               07:53 PM    "
"AA-3786-IAH-ORD2011-12-14","ArrivalGate"," H3A    "
"AA-4330-CVG-ORD2011-12-14","ActualDepartureTime","December 14, 2011     "
"AA-4330-CVG-ORD2011-12-14","DepartureGate"," 5"
"AA-4330-CVG-ORD2011-12-14","ActualArrivalTime","December 14, 2011     "
"AA-4330-CVG-ORD2011-12-14","ArrivalGate"," G9    "
"AA-3468-CVG-MIA2011-12-14","ExpectedDepartureTime","December 14, 2011               07:00 AM    "
"AA-3468-CVG-MIA2011-12-14","ActualDepartureTime","December 14, 2011               07:00 AM    "
"AA-3468-CVG-MIA2011-12-14","DepartureGate"," 1"
"AA-3468-CVG-MIA2011-12-14","ExpectedArrivalTime","December 14, 2011               09:55 AM    "
"AA-3468-CVG-MIA2011-12-14","ActualArrivalTime","December 14, 2011               09:21 AM    "
"AA-3468-CVG-MIA2011-12-14","ArrivalGate"," D60L    "
"AA-204-LAX-MCO2011-12-14","ExpectedDepartureTime","December 14, 2011               11:25 PM    "
"AA-204-LAX-MCO2011-12-14","ActualDepartureTime","December 14, 2011     "
"AA-204-LAX-MCO2011-12-14","DepartureGate"," 47B"
"AA-204-LAX-MCO2011-12-14","ExpectedArrivalTime","December 15, 2011               06:55 AM    "
"AA-204-LAX-MCO2011-12-14","ActualArrivalTime","December 15, 2011     "
"AA-204-LAX-MCO2011-12-14","ArrivalGate"," TBA    "
"AA-466-IAH-MIA2011-12-14","ExpectedDepartureTime","December 14, 2011               06:00 AM    "
"AA-466-IAH-MIA2011-12-14","ActualDepartureTime","December 14, 2011               05:57 AM    "
"AA-466-IAH-MIA2011-12-14","DepartureGate"," A27"
"AA-466-IAH-MIA2011-12-14","ExpectedArrivalTime","December 14, 2011               09:20 AM    "
"AA-466-IAH-MIA2011-12-14","ActualArrivalTime","December 14, 2011               09:10 AM    "
"AA-466-IAH-MIA2011-12-14","ArrivalGate"," D36    "
"AA-3-JFK-LAX2011-12-14","ExpectedDepartureTime","December 14, 2011               12:00 PM    "
"AA-3-JFK-LAX2011-12-14","ActualDepartureTime","December 14, 2011               11:58 AM    "
"AA-3-JFK-LAX2011-12-14","DepartureGate"," 36"
"AA-3-JFK-LAX2011-12-14","ExpectedArrivalTime","December 14, 2011               03:15 PM    "
"AA-3-JFK-LAX2011-12-14","ActualArrivalTime","December 14, 2011               03:16 PM    "
"AA-3-JFK-LAX2011-12-14","ArrivalGate"," 47B    "
"AA-1007-MIA-PHX2011-12-14","ExpectedDepartureTime","December 14, 2011               04:55 PM    "
"AA-1007-MIA-PHX2011-12-14","ActualDepartureTime","December 14, 2011               06:19 PM    "
"AA-1007-MIA-PHX2011-12-14","DepartureGate"," D30"
"AA-1007-MIA-PHX2011-12-14","ExpectedArrivalTime","December 14, 2011               08:05 PM    "
"AA-1007-MIA-PHX2011-12-14","ActualArrivalTime","December 14, 2011     "
"AA-1007-MIA-PHX2011-12-14","ArrivalGate"," 6    "
"AA-271-MIA-LAX2011-12-14","ExpectedDepartureTime","December 14, 2011               11:35 AM    "
"AA-271-MIA-LAX2011-12-14","ActualDepartureTime","December 14, 2011               11:37 AM    "
"AA-271-MIA-LAX2011-12-14","DepartureGate"," D11"
"AA-271-MIA-LAX2011-12-14","ExpectedArrivalTime","December 14, 2011               02:25 PM    "
"AA-271-MIA-LAX2011-12-14","ActualArrivalTime","December 14, 2011               02:22 PM    "
"AA-271-MIA-LAX2011-12-14","ArrivalGate"," 46B    "
"AA-643-MIA-ORD2011-12-14","ExpectedDepartureTime","December 14, 2011               07:10 AM    "
"AA-643-MIA-ORD2011-12-14","ActualDepartureTime","December 14, 2011               07:19 AM    "
"AA-643-MIA-ORD2011-12-14","DepartureGate"," D22"
"AA-643-MIA-ORD2011-12-14","ExpectedArrivalTime","December 14, 2011               09:35 AM    "
"AA-643-MIA-ORD2011-12-14","ActualArrivalTime","December 14, 2011               10:00 AM    "
"AA-643-MIA-ORD2011-12-14","ArrivalGate"," H15    "
"AA-4198-ORD-CLE2011-12-14","ExpectedDepartureTime","December 14, 2011               10:40 AM    "
"AA-4198-ORD-CLE2011-12-14","ActualDepartureTime","December 14, 2011               11:52 AM    "
"AA-4198-ORD-CLE2011-12-14","DepartureGate"," G2A"
"AA-4198-ORD-CLE2011-12-14","ExpectedArrivalTime","December 14, 2011               12:55 PM    "
"AA-4198-ORD-CLE2011-12-14","ActualArrivalTime","December 14, 2011               02:04 PM    "
"AA-4198-ORD-CLE2011-12-14","ArrivalGate"," A3    "
"AA-400-DFW-JFK2011-12-14","ExpectedDepartureTime","December 14, 2011               10:40 AM    "
"AA-400-DFW-JFK2011-12-14","ActualDepartureTime","December 14, 2011               10:42 AM    "
"AA-400-DFW-JFK2011-12-14","DepartureGate"," D21"
"AA-400-DFW-JFK2011-12-14","ExpectedArrivalTime","December 14, 2011               02:59 PM    "
"AA-400-DFW-JFK2011-12-14","ActualArrivalTime","December 14, 2011               02:49 PM    "
"AA-400-DFW-JFK2011-12-14","ArrivalGate"," 39    "
"AA-1886-BOS-MIA2011-12-14","ExpectedDepartureTime","December 14, 2011               10:45 AM    "
"AA-1886-BOS-MIA2011-12-14","ActualDepartureTime","December 14, 2011               10:49 AM    "
"AA-1886-BOS-MIA2011-12-14","DepartureGate"," B31"
"AA-1886-BOS-MIA2011-12-14","ExpectedArrivalTime","December 14, 2011               02:20 PM    "
"AA-1886-BOS-MIA2011-12-14","ActualArrivalTime","December 14, 2011               02:00 PM    "
"AA-1886-BOS-MIA2011-12-14","ArrivalGate"," D16    "
"AA-1917-JFK-MCO2011-12-14","ExpectedDepartureTime","December 14, 2011               02:55 PM    "
"AA-1917-JFK-MCO2011-12-14","ActualDepartureTime","December 14, 2011               03:02 PM    "
"AA-1917-JFK-MCO2011-12-14","DepartureGate"," 3"
"AA-1917-JFK-MCO2011-12-14","ExpectedArrivalTime","December 14, 2011               05:55 PM    "
"AA-1917-JFK-MCO2011-12-14","ActualArrivalTime","December 14, 2011               05:37 PM    "
"AA-1917-JFK-MCO2011-12-14","ArrivalGate"," 16    "
"AA-3809-PHX-LAX2011-12-14","ExpectedDepartureTime","December 14, 2011               06:00 AM    "
"AA-3809-PHX-LAX2011-12-14","ActualDepartureTime","December 14, 2011               05:58 AM    "
"AA-3809-PHX-LAX2011-12-14","DepartureGate"," 2"
"AA-3809-PHX-LAX2011-12-14","ExpectedArrivalTime","December 14, 2011               06:40 AM    "
"AA-3809-PHX-LAX2011-12-14","ActualArrivalTime","December 14, 2011               06:18 AM    "
"AA-3809-PHX-LAX2011-12-14","ArrivalGate"," 44F    "
"AA-2957-DFW-CVG2011-12-14","ExpectedDepartureTime","December 14, 2011               07:55 AM    "
"AA-2957-DFW-CVG2011-12-14","ActualDepartureTime","December 14, 2011               07:53 AM    "
"AA-2957-DFW-CVG2011-12-14","DepartureGate"," B23"
"AA-2957-DFW-CVG2011-12-14","ExpectedArrivalTime","December 14, 2011               11:05 AM    "
"AA-2957-DFW-CVG2011-12-14","ActualArrivalTime","December 14, 2011               10:57 AM    "
"AA-2957-DFW-CVG2011-12-14","ArrivalGate"," 3    "
"UA-1500-IAH-GUA2011-12-14","ExpectedDepartureTime","Wed, Dec 14 8:55 AM"
"UA-1500-IAH-GUA2011-12-14","ActualDepartureTime","Wed, Dec 14 9:14 AM            Delayed"
"UA-1500-IAH-GUA2011-12-14","DepartureGate","E23"
"UA-1500-IAH-GUA2011-12-14","ExpectedArrivalTime","Wed, Dec 14 11:45 AM"
"UA-1500-IAH-GUA2011-12-14","ActualArrivalTime","Wed, Dec 14 12:04 PM"
"UA-3515-IAD-MSP2011-12-14","ExpectedDepartureTime","Wed, Dec 14 8:22 AM"
"UA-3515-IAD-MSP2011-12-14","ActualDepartureTime","Wed, Dec 14 8:17 AM"
"UA-3515-IAD-MSP2011-12-14","DepartureGate","D20"
"UA-3515-IAD-MSP2011-12-14","ExpectedArrivalTime","Wed, Dec 14 10:13 AM"
"UA-3515-IAD-MSP2011-12-14","ActualArrivalTime","Wed, Dec 14 10:15 AM"
"UA-3515-IAD-MSP2011-12-14","ArrivalGate","E8"
"UA-664-ORD-PHL2011-12-14","ExpectedDepartureTime","Wed, Dec 14 1:33 PM"
"UA-664-ORD-PHL2011-12-14","ActualDepartureTime","Wed, Dec 14 1:27 PM"
"UA-664-ORD-PHL2011-12-14","DepartureGate","B9"
"UA-664-ORD-PHL2011-12-14","ExpectedArrivalTime","Wed, Dec 14 4:31 PM"
"UA-664-ORD-PHL2011-12-14","ActualArrivalTime","Wed, Dec 14 4:15 PM"
"UA-664-ORD-PHL2011-12-14","ArrivalGate","D11"
"UA-414-LAX-SFO2011-12-14","ExpectedDepartureTime","Wed, Dec 14 6:00 AM"
"UA-414-LAX-SFO2011-12-14","ActualDepartureTime","Wed, Dec 14 5:59 AM"
"UA-414-LAX-SFO2011-12-14","DepartureGate","70A"
"UA-414-LAX-SFO2011-12-14","ExpectedArrivalTime","Wed, Dec 14 7:23 AM"
"UA-414-LAX-SFO2011-12-14","ActualArrivalTime","Wed, Dec 14 7:20 AM"
"UA-414-LAX-SFO2011-12-14","ArrivalGate","88"
"UA-257-JFK-SFO2011-12-14","ExpectedDepartureTime","Wed, Dec 14 2:30 PM"
"UA-257-JFK-SFO2011-12-14","ActualDepartureTime","Wed, Dec 14 2:22 PM"
"UA-257-JFK-SFO2011-12-14","DepartureGate","9"
"UA-257-JFK-SFO2011-12-14","ExpectedArrivalTime","Wed, Dec 14 6:15 PM"
"UA-257-JFK-SFO2011-12-14","ActualArrivalTime","Wed, Dec 14 5:31 PM"
"UA-257-JFK-SFO2011-12-14","ArrivalGate","80"
"UA-62-IAH-EWR2011-12-14","ExpectedDepartureTime","Wed, Dec 14 2:30 PM"
"UA-62-IAH-EWR2011-12-14","ActualDepartureTime","Wed, Dec 14 2:31 PM"
"UA-62-IAH-EWR2011-12-14","DepartureGate","C-39"
"UA-62-IAH-EWR2011-12-14","ExpectedArrivalTime","Wed, Dec 14 7:03 PM"
"UA-62-IAH-EWR2011-12-14","ActualArrivalTime","Wed, Dec 14 6:45 PM"
"UA-62-IAH-EWR2011-12-14","ArrivalGate","C80"
"UA-843-LAX-ORD2011-12-14","ExpectedDepartureTime","Wed, Dec 14 1:55 PM"
"UA-843-LAX-ORD2011-12-14","ActualDepartureTime","Wed, Dec 14 2:21 PM"
"UA-843-LAX-ORD2011-12-14","DepartureGate","77"
"UA-843-LAX-ORD2011-12-14","ExpectedArrivalTime","Wed, Dec 14 7:53 PM"
"UA-843-LAX-ORD2011-12-14","ActualArrivalTime","Wed, Dec 14 8:26 PM"
"UA-843-LAX-ORD2011-12-14","ArrivalGate","C9"
"UA-248-PHX-ORD2011-12-14","ExpectedDepartureTime","Wed, Dec 14 12:57 PM"
"UA-248-PHX-ORD2011-12-14","ActualDepartureTime","Wed, Dec 14 12:57 PM            On Time"
"UA-248-PHX-ORD2011-12-14","DepartureGate","3"
"UA-248-PHX-ORD2011-12-14","ExpectedArrivalTime","Wed, Dec 14 5:15 PM"
"UA-248-PHX-ORD2011-12-14","ActualArrivalTime","Wed, Dec 14 5:03 PM"
"UA-248-PHX-ORD2011-12-14","ArrivalGate","C17"
"UA-248-PHX-ORD2011-12-14","ExpectedDepartureTime","Wed, Dec 14 12:57 PM"
"UA-248-PHX-ORD2011-12-14","ActualDepartureTime","Wed, Dec 14 12:57 PM            On Time"
"UA-248-PHX-ORD2011-12-14","DepartureGate","3"
"UA-248-PHX-ORD2011-12-14","ExpectedArrivalTime","Wed, Dec 14 5:15 PM"
"UA-248-PHX-ORD2011-12-14","ActualArrivalTime","Wed, Dec 14 5:20 PM"
"UA-248-PHX-ORD2011-12-14","ArrivalGate","C23"
"UA-397-JFK-SFO2011-12-14","ExpectedDepartureTime","Wed, Dec 14 8:00 AM"
"UA-397-JFK-SFO2011-12-14","ActualDepartureTime","Wed, Dec 14 7:55 AM"
"UA-397-JFK-SFO2011-12-14","DepartureGate","12"
"UA-397-JFK-SFO2011-12-14","ExpectedArrivalTime","Wed, Dec 14 11:55 AM"
"UA-397-JFK-SFO2011-12-14","ActualArrivalTime","Wed, Dec 14 11:04 AM"
"UA-397-JFK-SFO2011-12-14","ArrivalGate","80"
"UA-2704-DTW-PHX2011-12-14","ExpectedDepartureTime","Wed, Dec 14 11:15 AM"
"UA-2704-DTW-PHX2011-12-14","ActualDepartureTime","Wed, Dec 14 11:15 AM"
"UA-2704-DTW-PHX2011-12-14","DepartureGate","D14"
"UA-2704-DTW-PHX2011-12-14","ExpectedArrivalTime","Wed, Dec 14 1:40 PM"
"UA-2704-DTW-PHX2011-12-14","ActualArrivalTime","Wed, Dec 14 1:44 PM"
"UA-2704-DTW-PHX2011-12-14","ArrivalGate","A6"
"UA-2515-DFW-CLT2011-12-14","ExpectedDepartureTime","Wed, Dec 14 7:05 AM"
"UA-2515-DFW-CLT2011-12-14","ActualDepartureTime","Wed, Dec 14 7:05 AM"
"UA-2515-DFW-CLT2011-12-14","DepartureGate","E35"
"UA-2515-DFW-CLT2011-12-14","ExpectedArrivalTime","Wed, Dec 14 10:31 AM"
"UA-2515-DFW-CLT2011-12-14","ActualArrivalTime","Wed, Dec 14 10:19 AM"
"UA-2515-DFW-CLT2011-12-14","ArrivalGate","D13"
"UA-3373-IAD-PHL2011-12-14","ExpectedDepartureTime","Wed, Dec 14 8:29 AM"
"UA-3373-IAD-PHL2011-12-14","ActualDepartureTime","Wed, Dec 14 8:32 AM"
"UA-3373-IAD-PHL2011-12-14","DepartureGate","C22"
"UA-3373-IAD-PHL2011-12-14","ExpectedArrivalTime","Wed, Dec 14 9:24 AM"
"UA-3373-IAD-PHL2011-12-14","ActualArrivalTime","Wed, Dec 14 9:24 AM"
"UA-3373-IAD-PHL2011-12-14","ArrivalGate","D7"
"UA-2906-PHL-MCO2011-12-14","ExpectedDepartureTime","Wed, Dec 14 3:50 PM"
"UA-2906-PHL-MCO2011-12-14","ActualDepartureTime","Wed, Dec 14 3:56 PM            Delayed"
"UA-2906-PHL-MCO2011-12-14","DepartureGate","C27"
"UA-2906-PHL-MCO2011-12-14","ExpectedArrivalTime","Wed, Dec 14 6:23 PM"
"UA-2906-PHL-MCO2011-12-14","ActualArrivalTime","Wed, Dec 14 6:12 PM"
"UA-2906-PHL-MCO2011-12-14","ArrivalGate","58"
"UA-938-DEN-ORD2011-12-14","ExpectedDepartureTime","Wed, Dec 14 4:16 PM"
"UA-938-DEN-ORD2011-12-14","ActualDepartureTime","Wed, Dec 14 4:34 PM"
"UA-938-DEN-ORD2011-12-14","DepartureGate","B44"
"UA-938-DEN-ORD2011-12-14","ExpectedArrivalTime","Wed, Dec 14 7:35 PM"
"UA-938-DEN-ORD2011-12-14","ActualArrivalTime","Wed, Dec 14 8:00 PM"
"UA-938-DEN-ORD2011-12-14","ArrivalGate","C25"
"UA-3099-PHX-PHL2011-12-14","ExpectedDepartureTime","Wed, Dec 14 11:55 AM"
"UA-3099-PHX-PHL2011-12-14","ActualDepartureTime","Wed, Dec 14 11:55 AM"
"UA-3099-PHX-PHL2011-12-14","DepartureGate","B14"
"UA-3099-PHX-PHL2011-12-14","ExpectedArrivalTime","Wed, Dec 14 6:17 PM"
"UA-3099-PHX-PHL2011-12-14","ActualArrivalTime","Wed, Dec 14 5:59 PM"
"UA-3099-PHX-PHL2011-12-14","ArrivalGate","A8"
"UA-3925-IAD-ORF2011-12-14","ExpectedDepartureTime","Wed, Dec 14 8:42 AM"
"UA-3925-IAD-ORF2011-12-14","ActualDepartureTime","Wed, Dec 14 8:32 AM"
"UA-3925-IAD-ORF2011-12-14","DepartureGate","A2G"
"UA-3925-IAD-ORF2011-12-14","ExpectedArrivalTime","Wed, Dec 14 9:55 AM"
"UA-3925-IAD-ORF2011-12-14","ActualArrivalTime","Wed, Dec 14 9:35 AM"
"UA-5487-SFO-MRY2011-12-14","ExpectedDepartureTime","Wed, Dec 14 10:39 AM"
"UA-5487-SFO-MRY2011-12-14","ActualDepartureTime","Wed, Dec 14 10:32 AM"
"UA-5487-SFO-MRY2011-12-14","DepartureGate","87A"
"UA-5487-SFO-MRY2011-12-14","ExpectedArrivalTime","Wed, Dec 14 11:19 AM"
"UA-5487-SFO-MRY2011-12-14","ActualArrivalTime","Wed, Dec 14 11:35 AM"
"UA-3050-PHX-CLT2011-12-14","ExpectedDepartureTime","Wed, Dec 14 11:05 AM"
"UA-3050-PHX-CLT2011-12-14","ActualDepartureTime","Wed, Dec 14 11:05 AM"
"UA-3050-PHX-CLT2011-12-14","DepartureGate","A22"
"UA-3050-PHX-CLT2011-12-14","ExpectedArrivalTime","Wed, Dec 14 4:57 PM"
"UA-3050-PHX-CLT2011-12-14","ActualArrivalTime","Wed, Dec 14 4:50 PM"
"UA-3050-PHX-CLT2011-12-14","ArrivalGate","B13"
"UA-828-SFO-ORD2011-12-14","ExpectedDepartureTime","Wed, Dec 14 11:13 PM"
"UA-828-SFO-ORD2011-12-14","ActualDepartureTime","Wed, Dec 14 11:13 PM            On Time"
"UA-828-SFO-ORD2011-12-14","DepartureGate","83"
"UA-828-SFO-ORD2011-12-14","ExpectedArrivalTime","Thu, Dec 15 5:16 AM"
"UA-828-SFO-ORD2011-12-14","ActualArrivalTime","Thu, Dec 15 5:16 AM"
"UA-828-SFO-ORD2011-12-14","ArrivalGate","C19"
"UA-2830-MCO-CLT2011-12-14","ExpectedDepartureTime","Wed, Dec 14 3:27 PM"
"UA-2830-MCO-CLT2011-12-14","ActualDepartureTime","Wed, Dec 14 3:27 PM"
"UA-2830-MCO-CLT2011-12-14","DepartureGate","58"
"UA-2830-MCO-CLT2011-12-14","ExpectedArrivalTime","Wed, Dec 14 5:05 PM"
"UA-2830-MCO-CLT2011-12-14","ActualArrivalTime","Wed, Dec 14 5:00 PM"
"UA-2830-MCO-CLT2011-12-14","ArrivalGate","C12"
"UA-37-EDI-EWR2011-12-14","ExpectedDepartureTime","Wed, Dec 14 9:05 AM"
"UA-37-EDI-EWR2011-12-14","ActualDepartureTime","Wed, Dec 14 9:01 AM"
"UA-37-EDI-EWR2011-12-14","ExpectedArrivalTime","Wed, Dec 14 11:53 AM"
"UA-37-EDI-EWR2011-12-14","ActualArrivalTime","Wed, Dec 14 11:11 AM"
"UA-37-EDI-EWR2011-12-14","ArrivalGate","B60"
"UA-2708-EWR-CLT2011-12-14","ExpectedDepartureTime","Wed, Dec 14 2:55 PM"
"UA-2708-EWR-CLT2011-12-14","ActualDepartureTime","Wed, Dec 14 2:55 PM"
"UA-2708-EWR-CLT2011-12-14","DepartureGate","A37"
"UA-2708-EWR-CLT2011-12-14","ExpectedArrivalTime","Wed, Dec 14 4:53 PM"
"UA-2708-EWR-CLT2011-12-14","ActualArrivalTime","Wed, Dec 14 4:46 PM"
"UA-2708-EWR-CLT2011-12-14","ArrivalGate","C13"
"UA-233-LAX-JFK2011-12-14","ExpectedDepartureTime","Wed, Dec 14 4:25 PM"
"UA-233-LAX-JFK2011-12-14","ActualDepartureTime","Wed, Dec 14 4:25 PM"
"UA-233-LAX-JFK2011-12-14","DepartureGate","70B"
"UA-233-LAX-JFK2011-12-14","ExpectedArrivalTime","Thu, Dec 15 12:29 AM"
"UA-233-LAX-JFK2011-12-14","ActualArrivalTime","Thu, Dec 15 12:29 AM"
"UA-233-LAX-JFK2011-12-14","ArrivalGate","6"
"UA-2726-FLL-PHL2011-12-14","ExpectedDepartureTime","Wed, Dec 14 4:00 PM"
"UA-2726-FLL-PHL2011-12-14","ActualDepartureTime","Wed, Dec 14 4:00 PM"
"UA-2726-FLL-PHL2011-12-14","DepartureGate","E1"
"UA-2726-FLL-PHL2011-12-14","ExpectedArrivalTime","Wed, Dec 14 6:46 PM"
"UA-2726-FLL-PHL2011-12-14","ActualArrivalTime","Wed, Dec 14 6:42 PM"
"UA-2726-FLL-PHL2011-12-14","ArrivalGate","B6"
"UA-2945-PHL-CLT2011-12-14","ExpectedDepartureTime","Wed, Dec 14 12:00 AM"
"UA-2945-PHL-CLT2011-12-14","ActualDepartureTime","Wed, Dec 14 4:11 AM"
"UA-2945-PHL-CLT2011-12-14","DepartureGate","C28"
"UA-2945-PHL-CLT2011-12-14","ExpectedArrivalTime","Wed, Dec 14 1:45 PM"
"UA-2945-PHL-CLT2011-12-14","ActualArrivalTime","Wed, Dec 14 1:30 PM"
"UA-2945-PHL-CLT2011-12-14","ArrivalGate","C15"
"UA-6273-YYC-SFO2011-12-14","ExpectedDepartureTime","Wed, Dec 14 7:35 AM"
"UA-6273-YYC-SFO2011-12-14","ActualDepartureTime","Wed, Dec 14 7:30 AM"
"UA-6273-YYC-SFO2011-12-14","ExpectedArrivalTime","Wed, Dec 14 9:43 AM"
"UA-6273-YYC-SFO2011-12-14","ActualArrivalTime","Wed, Dec 14 8:57 AM"
"UA-6273-YYC-SFO2011-12-14","ArrivalGate","77A"
"UA-2314-ATL-PHL2011-12-14","ExpectedDepartureTime","Wed, Dec 14 2:55 PM"
"UA-2314-ATL-PHL2011-12-14","ActualDepartureTime","Wed, Dec 14 3:00 PM"
"UA-2314-ATL-PHL2011-12-14","DepartureGate","D23"
"UA-2314-ATL-PHL2011-12-14","ExpectedArrivalTime","Wed, Dec 14 5:00 PM"
"UA-2314-ATL-PHL2011-12-14","ActualArrivalTime","Wed, Dec 14 4:48 PM"
"UA-2314-ATL-PHL2011-12-14","ArrivalGate","B5"
"UA-382-IAD-LAX2011-12-14","ExpectedDepartureTime","Wed, Dec 14 12:30 PM"
"UA-382-IAD-LAX2011-12-14","ActualDepartureTime","Wed, Dec 14 12:27 PM            On Time"
"UA-382-IAD-LAX2011-12-14","DepartureGate","C27"
"UA-382-IAD-LAX2011-12-14","ExpectedArrivalTime","Wed, Dec 14 3:19 PM"
"UA-382-IAD-LAX2011-12-14","ActualArrivalTime","Wed, Dec 14 2:53 PM"
"UA-382-IAD-LAX2011-12-14","ArrivalGate","70A"
"UA-382-IAD-LAX2011-12-14","ExpectedDepartureTime","Wed, Dec 14 12:30 PM"
"UA-382-IAD-LAX2011-12-14","ActualDepartureTime","Wed, Dec 14 12:27 PM            On Time"
"UA-382-IAD-LAX2011-12-14","DepartureGate","C27"
"UA-382-IAD-LAX2011-12-14","ExpectedArrivalTime","Wed, Dec 14 3:19 PM"
"UA-382-IAD-LAX2011-12-14","ActualArrivalTime","Wed, Dec 14 3:05 PM"
"UA-382-IAD-LAX2011-12-14","ArrivalGate","70A"
"UA-858-PVG-SFO2011-12-14","ExpectedDepartureTime","Wed, Dec 14 1:45 PM"
"UA-858-PVG-SFO2011-12-14","ActualDepartureTime","Wed, Dec 14 1:40 PM"
"UA-858-PVG-SFO2011-12-14","DepartureGate","75"
"UA-858-PVG-SFO2011-12-14","ExpectedArrivalTime","Wed, Dec 14 8:27 AM"
"UA-858-PVG-SFO2011-12-14","ActualArrivalTime","Wed, Dec 14 7:46 AM"
"UA-858-PVG-SFO2011-12-14","ArrivalGate","95"
"UA-854-SFO-IAH2011-12-14","ExpectedDepartureTime","Wed, Dec 14 7:53 AM"
"UA-854-SFO-IAH2011-12-14","ActualDepartureTime","Wed, Dec 14 7:50 AM"
"UA-854-SFO-IAH2011-12-14","DepartureGate","82"
"UA-854-SFO-IAH2011-12-14","ExpectedArrivalTime","Wed, Dec 14 1:39 PM"
"UA-854-SFO-IAH2011-12-14","ActualArrivalTime","Wed, Dec 14 1:25 PM"
"UA-854-SFO-IAH2011-12-14","ArrivalGate","C16"
"CO-1586-IAH-MCO2011-12-14","ExpectedDepartureTime","Wed., Dec.14, 2011 7:00 p.m."
"CO-1586-IAH-MCO2011-12-14","ActualDepartureTime","Wed., Dec.14, 2011 7:29 p.m."
"CO-1586-IAH-MCO2011-12-14","ExpectedArrivalTime","Wed., Dec.14, 2011 10:15 p.m."
"CO-1586-IAH-MCO2011-12-14","ActualArrivalTime","Wed., Dec.14, 2011 10:48 p.m."
"CO-4888-IAH-DAL2011-12-14","ExpectedDepartureTime","Wed., Dec.14, 2011 5:30 p.m."
"CO-4888-IAH-DAL2011-12-14","ActualDepartureTime","Wed., Dec.14, 2011 5:30 p.m."
"CO-4888-IAH-DAL2011-12-14","ExpectedArrivalTime","Wed., Dec.14, 2011 6:40 p.m."
"CO-4888-IAH-DAL2011-12-14","ActualArrivalTime","Wed., Dec.14, 2011 6:40 p.m."
"CO-1088-CLE-IAH2011-12-14","ExpectedDepartureTime","Wed., Dec.14, 2011 8:40 a.m."
"CO-1088-CLE-IAH2011-12-14","ActualDepartureTime","Wed., Dec.14, 2011 8:34 a.m."
"CO-1088-CLE-IAH2011-12-14","ExpectedArrivalTime","Wed., Dec.14, 2011 10:54 a.m."
"CO-1088-CLE-IAH2011-12-14","ActualArrivalTime","Wed., Dec.14, 2011 10:46 a.m."
"CO-16-LAX-EWR2011-12-14","ExpectedDepartureTime","Wed., Dec.14, 2011 10:25 a.m."
"CO-16-LAX-EWR2011-12-14","ActualDepartureTime","Wed., Dec.14, 2011 10:27 a.m."
"CO-16-LAX-EWR2011-12-14","ExpectedArrivalTime","Wed., Dec.14, 2011 6:44 p.m."
"CO-16-LAX-EWR2011-12-14","ActualArrivalTime","Wed., Dec.14, 2011 6:34 p.m."
"CO-58-DEN-IAH2011-12-14","ExpectedDepartureTime","Wed., Dec.14, 2011 11:25 a.m."
"CO-58-DEN-IAH2011-12-14","ActualDepartureTime","Wed., Dec.14, 2011 11:32 a.m."
"CO-58-DEN-IAH2011-12-14","ExpectedArrivalTime","Wed., Dec.14, 2011 2:50 p.m."
"CO-58-DEN-IAH2011-12-14","ActualArrivalTime","Wed., Dec.14, 2011 2:57 p.m."
"CO-1193-EWR-MCO2011-12-14","ExpectedDepartureTime","Wed., Dec.14, 2011 9:15 a.m."
"CO-1193-EWR-MCO2011-12-14","ActualDepartureTime","Wed., Dec.14, 2011 9:14 a.m."
"CO-1193-EWR-MCO2011-12-14","ExpectedArrivalTime","Wed., Dec.14, 2011 12:18 p.m."
"CO-1193-EWR-MCO2011-12-14","ActualArrivalTime","Wed., Dec.14, 2011 11:59 a.m."
"CO-1023-IAH-DEN2011-12-14","ExpectedDepartureTime","Wed., Dec.14, 2011 11:40 a.m."
"CO-1023-IAH-DEN2011-12-14","ActualDepartureTime","Wed., Dec.14, 2011 11:41 a.m."
"CO-1023-IAH-DEN2011-12-14","ExpectedArrivalTime","Wed., Dec.14, 2011 1:17 p.m."
"CO-1023-IAH-DEN2011-12-14","ActualArrivalTime","Wed., Dec.14, 2011 12:52 p.m."
"CO-1250-MIA-IAH2011-12-14","ExpectedDepartureTime","Wed., Dec.14, 2011 2:53 p.m."
"CO-1250-MIA-IAH2011-12-14","ActualDepartureTime","Wed., Dec.14, 2011 2:51 p.m."
"CO-1250-MIA-IAH2011-12-14","ExpectedArrivalTime","Wed., Dec.14, 2011 4:45 p.m."
"CO-1250-MIA-IAH2011-12-14","ActualArrivalTime","Wed., Dec.14, 2011 4:37 p.m."
"CO-62-IAH-EWR2011-12-14","ExpectedDepartureTime","Wed., Dec.14, 2011 2:30 p.m."
"CO-62-IAH-EWR2011-12-14","ActualDepartureTime","Wed., Dec.14, 2011 2:31 p.m."
"CO-62-IAH-EWR2011-12-14","ExpectedArrivalTime","Wed., Dec.14, 2011 7:03 p.m."
"CO-62-IAH-EWR2011-12-14","ActualArrivalTime","Wed., Dec.14, 2011 6:45 p.m."
"CO-52-IAH-LAX2011-12-14","ExpectedDepartureTime","Wed., Dec.14, 2011 7:35 a.m."
"CO-52-IAH-LAX2011-12-14","ActualDepartureTime","Wed., Dec.14, 2011 7:40 a.m."
"CO-52-IAH-LAX2011-12-14","ExpectedArrivalTime","Wed., Dec.14, 2011 9:21 a.m."
"CO-52-IAH-LAX2011-12-14","ActualArrivalTime","Wed., Dec.14, 2011 9:23 a.m."
"CO-1614-LAX-IAH2011-12-14","ExpectedDepartureTime","Wed., Dec.14, 2011 12:30 a.m."
"CO-1614-LAX-IAH2011-12-14","ActualDepartureTime","Wed., Dec.14, 2011 12:32 a.m."
"CO-1614-LAX-IAH2011-12-14","ExpectedArrivalTime","Wed., Dec.14, 2011 5:35 a.m."
"CO-1614-LAX-IAH2011-12-14","ActualArrivalTime","Wed., Dec.14, 2011 5:18 a.m."
"CO-89-IAH-EWR2011-12-14","ExpectedDepartureTime","Wed., Dec.14, 2011 6:00 a.m."
"CO-89-IAH-EWR2011-12-14","ActualDepartureTime","Wed., Dec.14, 2011 5:57 a.m."
"CO-89-IAH-EWR2011-12-14","ExpectedArrivalTime","Wed., Dec.14, 2011 10:20 a.m."
"CO-89-IAH-EWR2011-12-14","ActualArrivalTime","Wed., Dec.14, 2011 10:27 a.m."
"CO-1090-BOS-IAH2011-12-14","ExpectedDepartureTime","Wed., Dec.14, 2011 9:45 a.m."
"CO-1090-BOS-IAH2011-12-14","ActualDepartureTime","Wed., Dec.14, 2011 9:41 a.m."
"CO-1090-BOS-IAH2011-12-14","ExpectedArrivalTime","Wed., Dec.14, 2011 1:16 p.m."
"CO-1090-BOS-IAH2011-12-14","ActualArrivalTime","Wed., Dec.14, 2011 12:43 p.m."
"CO-45-EWR-MIA2011-12-14","ExpectedDepartureTime","Wed., Dec.14, 2011 4:00 p.m."
"CO-45-EWR-MIA2011-12-14","ActualDepartureTime","Wed., Dec.14, 2011 3:57 p.m."
"CO-45-EWR-MIA2011-12-14","ExpectedArrivalTime","Wed., Dec.14, 2011 7:05 p.m."
"CO-45-EWR-MIA2011-12-14","ActualArrivalTime","Wed., Dec.14, 2011 6:53 p.m."
"CO-63-EWR-IAH2011-12-14","ExpectedDepartureTime","Wed., Dec.14, 2011 5:25 p.m."
"CO-63-EWR-IAH2011-12-14","ActualDepartureTime","Wed., Dec.14, 2011 6:20 p.m."
"CO-63-EWR-IAH2011-12-14","ExpectedArrivalTime","Wed., Dec.14, 2011 8:22 p.m."
"CO-63-EWR-IAH2011-12-14","ActualArrivalTime","Wed., Dec.14, 2011 9:09 p.m."
"CO-50-CLE-EWR2011-12-14","ExpectedDepartureTime","Wed., Dec.14, 2011 2:55 p.m."
"CO-50-CLE-EWR2011-12-14","ActualDepartureTime","Wed., Dec.14, 2011 3:01 p.m."
"CO-50-CLE-EWR2011-12-14","ExpectedArrivalTime","Wed., Dec.14, 2011 4:49 p.m."
"CO-50-CLE-EWR2011-12-14","ActualArrivalTime","Wed., Dec.14, 2011 4:40 p.m."
"CO-1561-PHX-IAH2011-12-14","ExpectedDepartureTime","Wed., Dec.14, 2011 8:05 a.m."
"CO-1561-PHX-IAH2011-12-14","ActualDepartureTime","Wed., Dec.14, 2011 8:21 a.m."
"CO-1561-PHX-IAH2011-12-14","ExpectedArrivalTime","Wed., Dec.14, 2011 11:35 a.m."
"CO-1561-PHX-IAH2011-12-14","ActualArrivalTime","Wed., Dec.14, 2011 11:46 a.m."
"CO-47-IAH-LAX2011-12-14","ExpectedDepartureTime","Wed., Dec.14, 2011 7:10 p.m."
"CO-47-IAH-LAX2011-12-14","ActualDepartureTime","Wed., Dec.14, 2011 7:11 p.m."
"CO-47-IAH-LAX2011-12-14","ExpectedArrivalTime","Wed., Dec.14, 2011 8:56 p.m."
"CO-47-IAH-LAX2011-12-14","ActualArrivalTime","Wed., Dec.14, 2011 8:44 p.m."
