"ObjectID","PropertyID","PropertyValue"
"AA-1221-MCO-ORD2011-12-22","ExpectedDepartureTime","December 22, 2011               08:00 PM    "
"AA-1221-MCO-ORD2011-12-22","ActualDepartureTime","December 22, 2011               08:30 PM    "
"AA-1221-MCO-ORD2011-12-22","DepartureGate"," 16"
"AA-1221-MCO-ORD2011-12-22","ExpectedArrivalTime","December 22, 2011               09:50 PM    "
"AA-1221-MCO-ORD2011-12-22","ActualArrivalTime","December 22, 2011               09:57 PM    "
"AA-1221-MCO-ORD2011-12-22","ArrivalGate"," K3    "
"AA-4307-ORD-DTW2011-12-22","ExpectedDepartureTime","December 22, 2011               06:45 PM    "
"AA-4307-ORD-DTW2011-12-22","ActualDepartureTime","December 22, 2011               06:48 PM    "
"AA-4307-ORD-DTW2011-12-22","DepartureGate"," G12"
"AA-4307-ORD-DTW2011-12-22","ExpectedArrivalTime","December 22, 2011               09:10 PM    "
"AA-4307-ORD-DTW2011-12-22","ActualArrivalTime","December 22, 2011               09:10 PM    "
"AA-4307-ORD-DTW2011-12-22","ArrivalGate"," D28    "
"AA-616-DFW-DTW2011-12-22","ExpectedDepartureTime","December 22, 2011               09:05 AM    "
"AA-616-DFW-DTW2011-12-22","ActualDepartureTime","December 22, 2011               08:59 AM    "
"AA-616-DFW-DTW2011-12-22","DepartureGate"," C14"
"AA-616-DFW-DTW2011-12-22","ExpectedArrivalTime","December 22, 2011               12:35 PM    "
"AA-616-DFW-DTW2011-12-22","ActualArrivalTime","December 22, 2011               12:18 PM    "
"AA-616-DFW-DTW2011-12-22","ArrivalGate"," D32    "
"AA-431-MIA-SFO2011-12-22","ExpectedDepartureTime","December 22, 2011               08:35 AM    "
"AA-431-MIA-SFO2011-12-22","ActualDepartureTime","December 22, 2011               08:51 AM    "
"AA-431-MIA-SFO2011-12-22","DepartureGate"," D2"
"AA-431-MIA-SFO2011-12-22","ExpectedArrivalTime","December 22, 2011               11:50 AM    "
"AA-431-MIA-SFO2011-12-22","ActualArrivalTime","December 22, 2011               11:45 AM    "
"AA-431-MIA-SFO2011-12-22","ArrivalGate"," 58B    "
"AA-3756-ORD-SLC2011-12-22","ExpectedDepartureTime","December 22, 2011               12:15 PM    "
"AA-3756-ORD-SLC2011-12-22","ActualDepartureTime","December 22, 2011               12:17 PM    "
"AA-3756-ORD-SLC2011-12-22","DepartureGate"," G9"
"AA-3756-ORD-SLC2011-12-22","ExpectedArrivalTime","December 22, 2011               02:45 PM    "
"AA-3756-ORD-SLC2011-12-22","ActualArrivalTime","December 22, 2011               02:44 PM    "
"AA-3756-ORD-SLC2011-12-22","ArrivalGate"," A3    "
"AA-2050-ORD-MIA2011-12-22","ExpectedDepartureTime","December 22, 2011               10:40 AM    "
"AA-2050-ORD-MIA2011-12-22","ActualDepartureTime","December 22, 2011               10:44 AM    "
"AA-2050-ORD-MIA2011-12-22","DepartureGate"," K13"
"AA-2050-ORD-MIA2011-12-22","ExpectedArrivalTime","December 22, 2011               02:45 PM    "
"AA-2050-ORD-MIA2011-12-22","ActualArrivalTime","December 22, 2011               02:45 PM    "
"AA-2050-ORD-MIA2011-12-22","ArrivalGate"," D23    "
"AA-3804-PHL-ORD2011-12-22","ExpectedDepartureTime","December 22, 2011               02:35 PM    "
"AA-3804-PHL-ORD2011-12-22","ActualDepartureTime","December 22, 2011               02:27 PM    "
"AA-3804-PHL-ORD2011-12-22","DepartureGate"," A7"
"AA-3804-PHL-ORD2011-12-22","ExpectedArrivalTime","December 22, 2011               04:05 PM    "
"AA-3804-PHL-ORD2011-12-22","ActualArrivalTime","December 22, 2011               03:53 PM    "
"AA-3804-PHL-ORD2011-12-22","ArrivalGate"," H2    "
"AA-1664-MIA-ATL2011-12-22","ExpectedDepartureTime","December 22, 2011               10:15 AM    "
"AA-1664-MIA-ATL2011-12-22","ActualDepartureTime","December 22, 2011               10:47 AM    "
"AA-1664-MIA-ATL2011-12-22","DepartureGate"," D32"
"AA-1664-MIA-ATL2011-12-22","ExpectedArrivalTime","December 22, 2011               12:10 PM    "
"AA-1664-MIA-ATL2011-12-22","ActualArrivalTime","December 22, 2011               12:51 PM    "
"AA-1664-MIA-ATL2011-12-22","ArrivalGate"," T11    "
"AA-789-ORD-DEN2011-12-22","ExpectedDepartureTime","December 22, 2011               01:05 PM    "
"AA-789-ORD-DEN2011-12-22","ActualDepartureTime","December 22, 2011               02:01 PM    "
"AA-789-ORD-DEN2011-12-22","DepartureGate"," K16"
"AA-789-ORD-DEN2011-12-22","ExpectedArrivalTime","December 22, 2011               02:35 PM    "
"AA-789-ORD-DEN2011-12-22","ActualArrivalTime","December 22, 2011               03:56 PM    "
"AA-789-ORD-DEN2011-12-22","ArrivalGate"," A45    "
"AA-1733-ORD-PHX2011-12-22","ExpectedDepartureTime","December 22, 2011               07:45 PM    "
"AA-1733-ORD-PHX2011-12-22","ActualDepartureTime","December 22, 2011     "
"AA-1733-ORD-PHX2011-12-22","DepartureGate"," H17"
"AA-1733-ORD-PHX2011-12-22","ExpectedArrivalTime","December 22, 2011               10:30 PM    "
"AA-1733-ORD-PHX2011-12-22","ActualArrivalTime","December 22, 2011     "
"AA-1733-ORD-PHX2011-12-22","ArrivalGate"," 6    "
"AA-1733-ORD-PHX2011-12-22","ExpectedDepartureTime","December 22, 2011               07:45 PM    "
"AA-1733-ORD-PHX2011-12-22","ActualDepartureTime","December 22, 2011               08:49 PM    "
"AA-1733-ORD-PHX2011-12-22","DepartureGate"," H17"
"AA-1733-ORD-PHX2011-12-22","ExpectedArrivalTime","December 22, 2011               10:30 PM    "
"AA-1733-ORD-PHX2011-12-22","ActualArrivalTime","December 22, 2011     "
"AA-1733-ORD-PHX2011-12-22","ArrivalGate"," 6    "
"AA-4277-CVG-JFK2011-12-22","ExpectedDepartureTime","December 22, 2011               12:10 PM    "
"AA-4277-CVG-JFK2011-12-22","ActualDepartureTime","December 22, 2011               12:05 PM    "
"AA-4277-CVG-JFK2011-12-22","DepartureGate"," 1"
"AA-4277-CVG-JFK2011-12-22","ExpectedArrivalTime","December 22, 2011               02:15 PM    "
"AA-4277-CVG-JFK2011-12-22","ActualArrivalTime","December 22, 2011               01:57 PM    "
"AA-4277-CVG-JFK2011-12-22","ArrivalGate"," 31E    "
"AA-2312-DFW-DTW2011-12-22","ExpectedDepartureTime","December 22, 2011               08:25 PM    "
"AA-2312-DFW-DTW2011-12-22","ActualDepartureTime","December 22, 2011     "
"AA-2312-DFW-DTW2011-12-22","DepartureGate"," A28"
"AA-2312-DFW-DTW2011-12-22","ExpectedArrivalTime","December 22, 2011               11:50 PM    "
"AA-2312-DFW-DTW2011-12-22","ActualArrivalTime","December 22, 2011     "
"AA-2312-DFW-DTW2011-12-22","ArrivalGate"," D32    "
"AA-85-JFK-SFO2011-12-22","ExpectedDepartureTime","December 22, 2011               03:05 PM    "
"AA-85-JFK-SFO2011-12-22","ActualDepartureTime","December 22, 2011               03:36 PM    "
"AA-85-JFK-SFO2011-12-22","DepartureGate"," 38"
"AA-85-JFK-SFO2011-12-22","ExpectedArrivalTime","December 22, 2011               06:30 PM    "
"AA-85-JFK-SFO2011-12-22","ActualArrivalTime","December 22, 2011               07:15 PM    "
"AA-85-JFK-SFO2011-12-22","ArrivalGate"," 58B    "
"AA-404-MIA-MCO2011-12-22","ExpectedDepartureTime","December 22, 2011               06:45 AM    "
"AA-404-MIA-MCO2011-12-22","ActualDepartureTime","December 22, 2011               06:44 AM    "
"AA-404-MIA-MCO2011-12-22","DepartureGate"," E5"
"AA-404-MIA-MCO2011-12-22","ExpectedArrivalTime","December 22, 2011               07:45 AM    "
"AA-404-MIA-MCO2011-12-22","ActualArrivalTime","December 22, 2011               07:39 AM    "
"AA-404-MIA-MCO2011-12-22","ArrivalGate"," 16    "
"AA-446-DFW-PHL2011-12-22","ExpectedDepartureTime","December 22, 2011               11:50 AM    "
"AA-446-DFW-PHL2011-12-22","ActualDepartureTime","December 22, 2011               11:46 AM    "
"AA-446-DFW-PHL2011-12-22","DepartureGate"," D17"
"AA-446-DFW-PHL2011-12-22","ExpectedArrivalTime","December 22, 2011               03:50 PM    "
"AA-446-DFW-PHL2011-12-22","ActualArrivalTime","December 22, 2011               03:29 PM    "
"AA-446-DFW-PHL2011-12-22","ArrivalGate"," A9    "
"AA-2268-PHX-ORD2011-12-22","ExpectedDepartureTime","December 22, 2011               07:15 AM    "
"AA-2268-PHX-ORD2011-12-22","ActualDepartureTime","December 22, 2011               07:12 AM    "
"AA-2268-PHX-ORD2011-12-22","DepartureGate"," 6"
"AA-2268-PHX-ORD2011-12-22","ExpectedArrivalTime","December 22, 2011               11:35 AM    "
"AA-2268-PHX-ORD2011-12-22","ActualArrivalTime","December 22, 2011               11:21 AM    "
"AA-2268-PHX-ORD2011-12-22","ArrivalGate"," H11A    "
"AA-4344-ORD-DTW2011-12-22","ExpectedDepartureTime","December 22, 2011               11:45 AM    "
"AA-4344-ORD-DTW2011-12-22","ActualDepartureTime","December 22, 2011               12:11 PM    "
"AA-4344-ORD-DTW2011-12-22","DepartureGate"," G14A"
"AA-4344-ORD-DTW2011-12-22","ExpectedArrivalTime","December 22, 2011               02:00 PM    "
"AA-4344-ORD-DTW2011-12-22","ActualArrivalTime","December 22, 2011               02:48 PM    "
"AA-4344-ORD-DTW2011-12-22","ArrivalGate"," D28    "
"AA-484-DFW-MIA2011-12-22","ExpectedDepartureTime","December 22, 2011               04:15 PM    "
"AA-484-DFW-MIA2011-12-22","ActualDepartureTime","December 22, 2011               04:21 PM    "
"AA-484-DFW-MIA2011-12-22","DepartureGate"," D28"
"AA-484-DFW-MIA2011-12-22","ExpectedArrivalTime","December 22, 2011               07:55 PM    "
"AA-484-DFW-MIA2011-12-22","ActualArrivalTime","December 22, 2011               08:30 PM    "
"AA-484-DFW-MIA2011-12-22","ArrivalGate"," D6    "
"AA-3979-CVG-ORD2011-12-22","ExpectedDepartureTime","December 22, 2011               07:30 AM    "
"AA-3979-CVG-ORD2011-12-22","ActualDepartureTime","December 22, 2011               07:23 AM    "
"AA-3979-CVG-ORD2011-12-22","DepartureGate"," 5"
"AA-3979-CVG-ORD2011-12-22","ExpectedArrivalTime","December 22, 2011               08:00 AM    "
"AA-3979-CVG-ORD2011-12-22","ActualArrivalTime","December 22, 2011               07:46 AM    "
"AA-3979-CVG-ORD2011-12-22","ArrivalGate"," G19A    "
"AA-3063-SLC-LAX2011-12-22","ExpectedDepartureTime","December 22, 2011               08:20 PM    "
"AA-3063-SLC-LAX2011-12-22","ActualDepartureTime","December 22, 2011               08:19 PM    "
"AA-3063-SLC-LAX2011-12-22","DepartureGate"," A3"
"AA-3063-SLC-LAX2011-12-22","ExpectedArrivalTime","December 22, 2011               09:20 PM    "
"AA-3063-SLC-LAX2011-12-22","ActualArrivalTime","December 22, 2011     "
"AA-3063-SLC-LAX2011-12-22","ArrivalGate"," 44G    "
"AA-3859-IAH-ORD2011-12-22","ExpectedDepartureTime","December 22, 2011               07:10 AM    "
"AA-3859-IAH-ORD2011-12-22","ActualDepartureTime","December 22, 2011               07:13 AM    "
"AA-3859-IAH-ORD2011-12-22","DepartureGate"," A29"
"AA-3859-IAH-ORD2011-12-22","ExpectedArrivalTime","December 22, 2011               09:40 AM    "
"AA-3859-IAH-ORD2011-12-22","ActualArrivalTime","December 22, 2011               09:24 AM    "
"AA-3859-IAH-ORD2011-12-22","ArrivalGate"," H1B    "
"AA-3842-MSP-ORD2011-12-22","ExpectedDepartureTime","December 22, 2011               06:00 AM    "
"AA-3842-MSP-ORD2011-12-22","ActualDepartureTime","December 22, 2011               05:59 AM    "
"AA-3842-MSP-ORD2011-12-22","DepartureGate"," E14"
"AA-3842-MSP-ORD2011-12-22","ExpectedArrivalTime","December 22, 2011               07:30 AM    "
"AA-3842-MSP-ORD2011-12-22","ActualArrivalTime","December 22, 2011               07:27 AM    "
"AA-3842-MSP-ORD2011-12-22","ArrivalGate"," H3A    "
"AA-1544-SAN-ORD2011-12-22","ExpectedDepartureTime","December 22, 2011               11:25 AM    "
"AA-1544-SAN-ORD2011-12-22","ActualDepartureTime","December 22, 2011               11:49 AM    "
"AA-1544-SAN-ORD2011-12-22","DepartureGate"," 27"
"AA-1544-SAN-ORD2011-12-22","ExpectedArrivalTime","December 22, 2011               05:25 PM    "
"AA-1544-SAN-ORD2011-12-22","ActualArrivalTime","December 22, 2011               05:46 PM    "
"AA-1544-SAN-ORD2011-12-22","ArrivalGate"," H6    "
"AA-649-ORD-SNA2011-12-22","ExpectedDepartureTime","December 22, 2011               01:30 PM    "
"AA-649-ORD-SNA2011-12-22","ActualDepartureTime","December 22, 2011     "
"AA-649-ORD-SNA2011-12-22","DepartureGate"," H12"
"AA-649-ORD-SNA2011-12-22","ExpectedArrivalTime","December 22, 2011               03:50 PM    "
"AA-649-ORD-SNA2011-12-22","ActualArrivalTime","December 22, 2011     "
"AA-649-ORD-SNA2011-12-22","ArrivalGate"," 7    "
"AA-1640-MIA-MCO2011-12-22","ExpectedDepartureTime","December 22, 2011               06:30 PM    "
"AA-1640-MIA-MCO2011-12-22","ActualDepartureTime","December 22, 2011     "
"AA-1640-MIA-MCO2011-12-22","DepartureGate"," D20"
"AA-1640-MIA-MCO2011-12-22","ExpectedArrivalTime","December 22, 2011               07:25 PM    "
"AA-1640-MIA-MCO2011-12-22","ActualArrivalTime","December 22, 2011     "
"AA-1640-MIA-MCO2011-12-22","ArrivalGate"," 14    "
"AA-518-MIA-JFK2011-12-22","ExpectedDepartureTime","December 22, 2011               06:30 AM    "
"AA-518-MIA-JFK2011-12-22","ActualDepartureTime","December 22, 2011               06:29 AM    "
"AA-518-MIA-JFK2011-12-22","DepartureGate"," D11"
"AA-518-MIA-JFK2011-12-22","ExpectedArrivalTime","December 22, 2011               09:15 AM    "
"AA-518-MIA-JFK2011-12-22","ActualArrivalTime","December 22, 2011               09:17 AM    "
"AA-518-MIA-JFK2011-12-22","ArrivalGate"," 38    "
"AA-2525-DFW-MIA2011-12-22","ExpectedDepartureTime","December 22, 2011               07:25 AM    "
"AA-2525-DFW-MIA2011-12-22","ActualDepartureTime","December 22, 2011               07:27 AM    "
"AA-2525-DFW-MIA2011-12-22","DepartureGate"," C8"
"AA-2525-DFW-MIA2011-12-22","ExpectedArrivalTime","December 22, 2011               11:10 AM    "
"AA-2525-DFW-MIA2011-12-22","ActualArrivalTime","December 22, 2011               11:24 AM    "
"AA-2525-DFW-MIA2011-12-22","ArrivalGate"," D3    "
"AA-1279-DFW-PHX2011-12-22","ExpectedDepartureTime","December 22, 2011               01:00 PM    "
"AA-1279-DFW-PHX2011-12-22","ActualDepartureTime","December 22, 2011               01:46 PM    "
"AA-1279-DFW-PHX2011-12-22","DepartureGate"," D33"
"AA-1279-DFW-PHX2011-12-22","ExpectedArrivalTime","December 22, 2011               02:35 PM    "
"AA-1279-DFW-PHX2011-12-22","ActualArrivalTime","December 22, 2011               03:14 PM    "
"AA-1279-DFW-PHX2011-12-22","ArrivalGate"," 6    "
"AA-1522-SFO-ORD2011-12-22","ExpectedDepartureTime","December 22, 2011               11:55 PM    "
"AA-1522-SFO-ORD2011-12-22","ActualDepartureTime","December 22, 2011     "
"AA-1522-SFO-ORD2011-12-22","DepartureGate"," 57"
"AA-1522-SFO-ORD2011-12-22","ExpectedArrivalTime","December 23, 2011               05:50 AM    "
"AA-1522-SFO-ORD2011-12-22","ActualArrivalTime","December 23, 2011     "
"AA-1522-SFO-ORD2011-12-22","ArrivalGate"," H10    "
"AA-1434-DFW-MCO2011-12-22","ExpectedDepartureTime","December 22, 2011               07:15 AM    "
"AA-1434-DFW-MCO2011-12-22","ActualDepartureTime","December 22, 2011               07:10 AM    "
"AA-1434-DFW-MCO2011-12-22","DepartureGate"," D29"
"AA-1434-DFW-MCO2011-12-22","ExpectedArrivalTime","December 22, 2011               10:35 AM    "
"AA-1434-DFW-MCO2011-12-22","ActualArrivalTime","December 22, 2011               10:44 AM    "
"AA-1434-DFW-MCO2011-12-22","ArrivalGate"," 17    "
"AA-59-JFK-SFO2011-12-22","ExpectedDepartureTime","December 22, 2011               07:10 AM    "
"AA-59-JFK-SFO2011-12-22","ActualDepartureTime","December 22, 2011               07:05 AM    "
"AA-59-JFK-SFO2011-12-22","DepartureGate"," 43"
"AA-59-JFK-SFO2011-12-22","ExpectedArrivalTime","December 22, 2011               10:45 AM    "
"AA-59-JFK-SFO2011-12-22","ActualArrivalTime","December 22, 2011               11:06 AM    "
"AA-59-JFK-SFO2011-12-22","ArrivalGate"," 57    "
"AA-415-BOS-ORD2011-12-22","ExpectedDepartureTime","December 22, 2011               08:35 AM    "
"AA-415-BOS-ORD2011-12-22","ActualDepartureTime","December 22, 2011               08:33 AM    "
"AA-415-BOS-ORD2011-12-22","DepartureGate"," B34"
"AA-415-BOS-ORD2011-12-22","ExpectedArrivalTime","December 22, 2011               10:40 AM    "
"AA-415-BOS-ORD2011-12-22","ActualArrivalTime","December 22, 2011               10:42 AM    "
"AA-415-BOS-ORD2011-12-22","ArrivalGate"," H17    "
"AA-222-LAX-BOS2011-12-22","ExpectedDepartureTime","December 22, 2011               07:10 AM    "
"AA-222-LAX-BOS2011-12-22","ActualDepartureTime","December 22, 2011               07:51 AM    "
"AA-222-LAX-BOS2011-12-22","DepartureGate"," 47A"
"AA-222-LAX-BOS2011-12-22","ExpectedArrivalTime","December 22, 2011               03:30 PM    "
"AA-222-LAX-BOS2011-12-22","ActualArrivalTime","December 22, 2011               03:58 PM    "
"AA-222-LAX-BOS2011-12-22","ArrivalGate"," B35    "
"AA-3823-LAX-DEN2011-12-22","ExpectedDepartureTime","December 22, 2011               09:00 PM    "
"AA-3823-LAX-DEN2011-12-22","ActualDepartureTime","December 22, 2011     "
"AA-3823-LAX-DEN2011-12-22","DepartureGate"," 44J"
"AA-3823-LAX-DEN2011-12-22","ExpectedArrivalTime","December 23, 2011               12:15 AM    "
"AA-3823-LAX-DEN2011-12-22","ActualArrivalTime","December 23, 2011     "
"AA-3823-LAX-DEN2011-12-22","ArrivalGate"," A49    "
"AA-1165-JFK-MIA2011-12-22","ExpectedDepartureTime","December 22, 2011               06:59 AM    "
"AA-1165-JFK-MIA2011-12-22","ActualDepartureTime","December 22, 2011               06:56 AM    "
"AA-1165-JFK-MIA2011-12-22","DepartureGate"," 46"
"AA-1165-JFK-MIA2011-12-22","ExpectedArrivalTime","December 22, 2011               10:34 AM    "
"AA-1165-JFK-MIA2011-12-22","ActualArrivalTime","December 22, 2011               10:20 AM    "
"AA-1165-JFK-MIA2011-12-22","ArrivalGate"," D21    "
"AA-3786-IAH-ORD2011-12-22","ExpectedDepartureTime","December 22, 2011               04:00 PM    "
"AA-3786-IAH-ORD2011-12-22","ActualDepartureTime","December 22, 2011               04:28 PM    "
"AA-3786-IAH-ORD2011-12-22","DepartureGate"," A29"
"AA-3786-IAH-ORD2011-12-22","ExpectedArrivalTime","December 22, 2011               06:40 PM    "
"AA-3786-IAH-ORD2011-12-22","ActualArrivalTime","December 22, 2011               06:50 PM    "
"AA-3786-IAH-ORD2011-12-22","ArrivalGate"," G3    "
"AA-4330-CVG-ORD2011-12-22","ExpectedDepartureTime","December 22, 2011               03:35 PM    "
"AA-4330-CVG-ORD2011-12-22","ActualDepartureTime","December 22, 2011               04:33 PM    "
"AA-4330-CVG-ORD2011-12-22","DepartureGate"," 5"
"AA-4330-CVG-ORD2011-12-22","ExpectedArrivalTime","December 22, 2011               04:00 PM    "
"AA-4330-CVG-ORD2011-12-22","ActualArrivalTime","December 22, 2011               04:46 PM    "
"AA-4330-CVG-ORD2011-12-22","ArrivalGate"," G4    "
"AA-3468-CVG-MIA2011-12-22","ExpectedDepartureTime","December 22, 2011               07:00 AM    "
"AA-3468-CVG-MIA2011-12-22","ActualDepartureTime","December 22, 2011               06:53 AM    "
"AA-3468-CVG-MIA2011-12-22","DepartureGate"," 3"
"AA-3468-CVG-MIA2011-12-22","ExpectedArrivalTime","December 22, 2011               09:55 AM    "
"AA-3468-CVG-MIA2011-12-22","ActualArrivalTime","December 22, 2011               09:32 AM    "
"AA-3468-CVG-MIA2011-12-22","ArrivalGate"," D53    "
"AA-204-LAX-MCO2011-12-22","ExpectedDepartureTime","December 22, 2011               11:25 PM    "
"AA-204-LAX-MCO2011-12-22","ActualDepartureTime","December 22, 2011     "
"AA-204-LAX-MCO2011-12-22","DepartureGate"," 43"
"AA-204-LAX-MCO2011-12-22","ExpectedArrivalTime","December 23, 2011               06:55 AM    "
"AA-204-LAX-MCO2011-12-22","ActualArrivalTime","December 23, 2011     "
"AA-204-LAX-MCO2011-12-22","ArrivalGate"," TBA    "
"AA-466-IAH-MIA2011-12-22","ExpectedDepartureTime","December 22, 2011               06:00 AM    "
"AA-466-IAH-MIA2011-12-22","ActualDepartureTime","December 22, 2011               06:44 AM    "
"AA-466-IAH-MIA2011-12-22","DepartureGate"," A27"
"AA-466-IAH-MIA2011-12-22","ExpectedArrivalTime","December 22, 2011               09:20 AM    "
"AA-466-IAH-MIA2011-12-22","ActualArrivalTime","December 22, 2011               09:58 AM    "
"AA-466-IAH-MIA2011-12-22","ArrivalGate"," D32    "
"AA-3-JFK-LAX2011-12-22","ExpectedDepartureTime","December 22, 2011               12:00 PM    "
"AA-3-JFK-LAX2011-12-22","ActualDepartureTime","December 22, 2011               11:56 AM    "
"AA-3-JFK-LAX2011-12-22","DepartureGate"," 39"
"AA-3-JFK-LAX2011-12-22","ExpectedArrivalTime","December 22, 2011               03:15 PM    "
"AA-3-JFK-LAX2011-12-22","ActualArrivalTime","December 22, 2011               03:11 PM    "
"AA-3-JFK-LAX2011-12-22","ArrivalGate"," 47B    "
"AA-1007-MIA-PHX2011-12-22","ExpectedDepartureTime","December 22, 2011               04:55 PM    "
"AA-1007-MIA-PHX2011-12-22","ActualDepartureTime","December 22, 2011               05:47 PM    "
"AA-1007-MIA-PHX2011-12-22","DepartureGate"," D41"
"AA-1007-MIA-PHX2011-12-22","ExpectedArrivalTime","December 22, 2011               08:05 PM    "
"AA-1007-MIA-PHX2011-12-22","ActualArrivalTime","December 22, 2011     "
"AA-1007-MIA-PHX2011-12-22","ArrivalGate"," 6    "
"AA-271-MIA-LAX2011-12-22","ExpectedDepartureTime","December 22, 2011               11:35 AM    "
"AA-271-MIA-LAX2011-12-22","ActualDepartureTime","December 22, 2011               11:38 AM    "
"AA-271-MIA-LAX2011-12-22","DepartureGate"," D49"
"AA-271-MIA-LAX2011-12-22","ExpectedArrivalTime","December 22, 2011               02:25 PM    "
"AA-271-MIA-LAX2011-12-22","ActualArrivalTime","December 22, 2011               02:31 PM    "
"AA-271-MIA-LAX2011-12-22","ArrivalGate"," 42A    "
"AA-643-MIA-ORD2011-12-22","ExpectedDepartureTime","December 22, 2011               07:10 AM    "
"AA-643-MIA-ORD2011-12-22","ActualDepartureTime","December 22, 2011               07:02 AM    "
"AA-643-MIA-ORD2011-12-22","DepartureGate"," D16"
"AA-643-MIA-ORD2011-12-22","ExpectedArrivalTime","December 22, 2011               09:35 AM    "
"AA-643-MIA-ORD2011-12-22","ActualArrivalTime","December 22, 2011               08:58 AM    "
"AA-643-MIA-ORD2011-12-22","ArrivalGate"," H15    "
"AA-4198-ORD-CLE2011-12-22","ExpectedDepartureTime","December 22, 2011               10:40 AM    "
"AA-4198-ORD-CLE2011-12-22","ActualDepartureTime","December 22, 2011               10:40 AM    "
"AA-4198-ORD-CLE2011-12-22","DepartureGate"," G2A"
"AA-4198-ORD-CLE2011-12-22","ExpectedArrivalTime","December 22, 2011               12:55 PM    "
"AA-4198-ORD-CLE2011-12-22","ActualArrivalTime","December 22, 2011               12:54 PM    "
"AA-4198-ORD-CLE2011-12-22","ArrivalGate"," A1    "
"AA-400-DFW-JFK2011-12-22","ExpectedDepartureTime","December 22, 2011               10:40 AM    "
"AA-400-DFW-JFK2011-12-22","ActualDepartureTime","December 22, 2011               10:41 AM    "
"AA-400-DFW-JFK2011-12-22","DepartureGate"," C29"
"AA-400-DFW-JFK2011-12-22","ExpectedArrivalTime","December 22, 2011               02:59 PM    "
"AA-400-DFW-JFK2011-12-22","ActualArrivalTime","December 22, 2011               02:40 PM    "
"AA-400-DFW-JFK2011-12-22","ArrivalGate"," 45    "
"AA-1886-BOS-MIA2011-12-22","ExpectedDepartureTime","December 22, 2011               10:45 AM    "
"AA-1886-BOS-MIA2011-12-22","ActualDepartureTime","December 22, 2011               10:43 AM    "
"AA-1886-BOS-MIA2011-12-22","DepartureGate"," B33"
"AA-1886-BOS-MIA2011-12-22","ExpectedArrivalTime","December 22, 2011               02:20 PM    "
"AA-1886-BOS-MIA2011-12-22","ActualArrivalTime","December 22, 2011               02:15 PM    "
"AA-1886-BOS-MIA2011-12-22","ArrivalGate"," D38    "
"AA-1917-JFK-MCO2011-12-22","ExpectedDepartureTime","December 22, 2011               02:55 PM    "
"AA-1917-JFK-MCO2011-12-22","ActualDepartureTime","December 22, 2011               03:00 PM    "
"AA-1917-JFK-MCO2011-12-22","DepartureGate"," 37"
"AA-1917-JFK-MCO2011-12-22","ExpectedArrivalTime","December 22, 2011               05:55 PM    "
"AA-1917-JFK-MCO2011-12-22","ActualArrivalTime","December 22, 2011               06:07 PM    "
"AA-1917-JFK-MCO2011-12-22","ArrivalGate"," 16    "
"AA-3809-PHX-LAX2011-12-22","ActualDepartureTime","December 22, 2011     "
"AA-3809-PHX-LAX2011-12-22","DepartureGate"," 2"
"AA-3809-PHX-LAX2011-12-22","ActualArrivalTime","December 22, 2011     "
"AA-3809-PHX-LAX2011-12-22","ArrivalGate"," 44J    "
"AA-2957-DFW-CVG2011-12-22","ExpectedDepartureTime","December 22, 2011               07:55 AM    "
"AA-2957-DFW-CVG2011-12-22","ActualDepartureTime","December 22, 2011               07:52 AM    "
"AA-2957-DFW-CVG2011-12-22","DepartureGate"," B22"
"AA-2957-DFW-CVG2011-12-22","ExpectedArrivalTime","December 22, 2011               11:05 AM    "
"AA-2957-DFW-CVG2011-12-22","ActualArrivalTime","December 22, 2011               10:49 AM    "
"AA-2957-DFW-CVG2011-12-22","ArrivalGate"," 3    "
"UA-1500-IAH-GUA2011-12-22","ExpectedDepartureTime","Thu, Dec 22 8:50 AM"
"UA-1500-IAH-GUA2011-12-22","ActualDepartureTime","Thu, Dec 22 8:53 AM            Delayed"
"UA-1500-IAH-GUA2011-12-22","DepartureGate","E1"
"UA-1500-IAH-GUA2011-12-22","ExpectedArrivalTime","Thu, Dec 22 11:43 AM"
"UA-1500-IAH-GUA2011-12-22","ActualArrivalTime","Thu, Dec 22 11:36 AM"
"UA-3515-IAD-MSP2011-12-22","ExpectedDepartureTime","Thu, Dec 22 8:19 AM"
"UA-3515-IAD-MSP2011-12-22","DepartureGate","D18"
"UA-3515-IAD-MSP2011-12-22","ExpectedArrivalTime","Thu, Dec 22 10:09 AM"
"UA-3515-IAD-MSP2011-12-22","ArrivalGate","E8"
"UA-664-ORD-PHL2011-12-22","ExpectedDepartureTime","Thu, Dec 22 1:35 PM"
"UA-664-ORD-PHL2011-12-22","ActualDepartureTime","Thu, Dec 22 1:34 PM"
"UA-664-ORD-PHL2011-12-22","DepartureGate","C24"
"UA-664-ORD-PHL2011-12-22","ExpectedArrivalTime","Thu, Dec 22 4:38 PM"
"UA-664-ORD-PHL2011-12-22","ActualArrivalTime","Thu, Dec 22 4:18 PM"
"UA-664-ORD-PHL2011-12-22","ArrivalGate","D9"
"UA-414-LAX-SFO2011-12-22","ExpectedDepartureTime","Thu, Dec 22 6:00 AM"
"UA-414-LAX-SFO2011-12-22","ActualDepartureTime","Thu, Dec 22 5:51 AM"
"UA-414-LAX-SFO2011-12-22","DepartureGate","75A"
"UA-414-LAX-SFO2011-12-22","ExpectedArrivalTime","Thu, Dec 22 7:26 AM"
"UA-414-LAX-SFO2011-12-22","ActualArrivalTime","Thu, Dec 22 7:26 AM"
"UA-414-LAX-SFO2011-12-22","ArrivalGate","72"
"UA-257-JFK-SFO2011-12-22","ExpectedDepartureTime","Thu, Dec 22 2:30 PM"
"UA-257-JFK-SFO2011-12-22","ActualDepartureTime","Thu, Dec 22 2:27 PM"
"UA-257-JFK-SFO2011-12-22","DepartureGate","9"
"UA-257-JFK-SFO2011-12-22","ExpectedArrivalTime","Thu, Dec 22 6:14 PM"
"UA-257-JFK-SFO2011-12-22","ActualArrivalTime","Thu, Dec 22 5:49 PM"
"UA-257-JFK-SFO2011-12-22","ArrivalGate","80"
"UA-62-IAH-EWR2011-12-22","ExpectedDepartureTime","Thu, Dec 22 2:30 PM"
"UA-62-IAH-EWR2011-12-22","ActualDepartureTime","Thu, Dec 22 2:32 PM"
"UA-62-IAH-EWR2011-12-22","DepartureGate","C-40"
"UA-62-IAH-EWR2011-12-22","ExpectedArrivalTime","Thu, Dec 22 7:03 PM"
"UA-62-IAH-EWR2011-12-22","ActualArrivalTime","Thu, Dec 22 6:50 PM"
"UA-62-IAH-EWR2011-12-22","ArrivalGate","C74"
"UA-843-LAX-ORD2011-12-22","ExpectedDepartureTime","Thu, Dec 22 2:10 PM"
"UA-843-LAX-ORD2011-12-22","ActualDepartureTime","Thu, Dec 22 2:09 PM"
"UA-843-LAX-ORD2011-12-22","DepartureGate","73"
"UA-843-LAX-ORD2011-12-22","ExpectedArrivalTime","Thu, Dec 22 8:12 PM"
"UA-843-LAX-ORD2011-12-22","ActualArrivalTime","Thu, Dec 22 8:08 PM"
"UA-843-LAX-ORD2011-12-22","ArrivalGate","C19"
"UA-248-PHX-ORD2011-12-22","ExpectedDepartureTime","Thu, Dec 22 12:52 PM"
"UA-248-PHX-ORD2011-12-22","ActualDepartureTime","Thu, Dec 22 12:52 PM            On Time"
"UA-248-PHX-ORD2011-12-22","DepartureGate","3"
"UA-248-PHX-ORD2011-12-22","ExpectedArrivalTime","Thu, Dec 22 5:13 PM"
"UA-248-PHX-ORD2011-12-22","ActualArrivalTime","Thu, Dec 22 5:05 PM"
"UA-248-PHX-ORD2011-12-22","ArrivalGate","B6"
"UA-248-PHX-ORD2011-12-22","ExpectedDepartureTime","Thu, Dec 22 12:52 PM"
"UA-248-PHX-ORD2011-12-22","ActualDepartureTime","Thu, Dec 22 1:39 PM            Delayed"
"UA-248-PHX-ORD2011-12-22","DepartureGate","3"
"UA-248-PHX-ORD2011-12-22","ExpectedArrivalTime","Thu, Dec 22 5:13 PM"
"UA-248-PHX-ORD2011-12-22","ActualArrivalTime","Thu, Dec 22 5:59 PM"
"UA-248-PHX-ORD2011-12-22","ArrivalGate","B9"
"UA-397-JFK-SFO2011-12-22","ExpectedDepartureTime","Thu, Dec 22 8:25 AM"
"UA-397-JFK-SFO2011-12-22","ActualDepartureTime","Thu, Dec 22 8:21 AM"
"UA-397-JFK-SFO2011-12-22","DepartureGate","7"
"UA-397-JFK-SFO2011-12-22","ExpectedArrivalTime","Thu, Dec 22 12:14 PM"
"UA-397-JFK-SFO2011-12-22","ActualArrivalTime","Thu, Dec 22 11:47 AM"
"UA-397-JFK-SFO2011-12-22","ArrivalGate","85"
"UA-2704-DTW-PHX2011-12-22","ExpectedDepartureTime","Thu, Dec 22 11:15 AM"
"UA-2704-DTW-PHX2011-12-22","ActualDepartureTime","Thu, Dec 22 11:15 AM"
"UA-2704-DTW-PHX2011-12-22","DepartureGate","D14"
"UA-2704-DTW-PHX2011-12-22","ExpectedArrivalTime","Thu, Dec 22 1:40 PM"
"UA-2704-DTW-PHX2011-12-22","ActualArrivalTime","Thu, Dec 22 1:36 PM"
"UA-2704-DTW-PHX2011-12-22","ArrivalGate","A8"
"UA-2515-DFW-CLT2011-12-22","ExpectedDepartureTime","Thu, Dec 22 7:00 AM"
"UA-2515-DFW-CLT2011-12-22","ActualDepartureTime","Thu, Dec 22 7:00 AM"
"UA-2515-DFW-CLT2011-12-22","DepartureGate","E36"
"UA-2515-DFW-CLT2011-12-22","ExpectedArrivalTime","Thu, Dec 22 10:26 AM"
"UA-2515-DFW-CLT2011-12-22","ActualArrivalTime","Thu, Dec 22 10:17 AM"
"UA-2515-DFW-CLT2011-12-22","ArrivalGate","B10"
"UA-3373-IAD-PHL2011-12-22","ExpectedDepartureTime","Thu, Dec 22 8:30 AM"
"UA-3373-IAD-PHL2011-12-22","ActualDepartureTime","Thu, Dec 22 8:34 AM"
"UA-3373-IAD-PHL2011-12-22","DepartureGate","A5D"
"UA-3373-IAD-PHL2011-12-22","ExpectedArrivalTime","Thu, Dec 22 9:25 AM"
"UA-3373-IAD-PHL2011-12-22","ActualArrivalTime","Thu, Dec 22 9:23 AM"
"UA-3373-IAD-PHL2011-12-22","ArrivalGate","D7"
"UA-2906-PHL-MCO2011-12-22","ExpectedDepartureTime","Thu, Dec 22 3:50 PM"
"UA-2906-PHL-MCO2011-12-22","ActualDepartureTime","Thu, Dec 22 3:50 PM            Delayed"
"UA-2906-PHL-MCO2011-12-22","DepartureGate","B13"
"UA-2906-PHL-MCO2011-12-22","ExpectedArrivalTime","Thu, Dec 22 6:23 PM"
"UA-2906-PHL-MCO2011-12-22","ActualArrivalTime","Thu, Dec 22 6:36 PM"
"UA-2906-PHL-MCO2011-12-22","ArrivalGate","58"
"UA-938-DEN-ORD2011-12-22","ExpectedDepartureTime","Thu, Dec 22 3:54 PM"
"UA-938-DEN-ORD2011-12-22","ActualDepartureTime","Thu, Dec 22 4:33 PM"
"UA-938-DEN-ORD2011-12-22","DepartureGate","B36"
"UA-938-DEN-ORD2011-12-22","ExpectedArrivalTime","Thu, Dec 22 7:17 PM"
"UA-938-DEN-ORD2011-12-22","ActualArrivalTime","Thu, Dec 22 7:53 PM"
"UA-938-DEN-ORD2011-12-22","ArrivalGate","C9"
"UA-3099-PHX-PHL2011-12-22","ExpectedDepartureTime","Thu, Dec 22 11:55 AM"
"UA-3099-PHX-PHL2011-12-22","ActualDepartureTime","Thu, Dec 22 11:55 AM"
"UA-3099-PHX-PHL2011-12-22","DepartureGate","A18"
"UA-3099-PHX-PHL2011-12-22","ExpectedArrivalTime","Thu, Dec 22 6:17 PM"
"UA-3099-PHX-PHL2011-12-22","ActualArrivalTime","Thu, Dec 22 5:58 PM"
"UA-3099-PHX-PHL2011-12-22","ArrivalGate","C28"
"UA-3925-IAD-ORF2011-12-22","ExpectedDepartureTime","Thu, Dec 22 8:42 AM"
"UA-3925-IAD-ORF2011-12-22","ActualDepartureTime","Thu, Dec 22 8:40 AM"
"UA-3925-IAD-ORF2011-12-22","DepartureGate","A1A"
"UA-3925-IAD-ORF2011-12-22","ExpectedArrivalTime","Thu, Dec 22 9:55 AM"
"UA-3925-IAD-ORF2011-12-22","ActualArrivalTime","Thu, Dec 22 9:34 AM"
"UA-5487-SFO-MRY2011-12-22","ExpectedDepartureTime","Thu, Dec 22 10:37 AM"
"UA-5487-SFO-MRY2011-12-22","ActualDepartureTime","Thu, Dec 22 10:40 AM"
"UA-5487-SFO-MRY2011-12-22","DepartureGate","78B"
"UA-5487-SFO-MRY2011-12-22","ExpectedArrivalTime","Thu, Dec 22 11:24 AM"
"UA-5487-SFO-MRY2011-12-22","ActualArrivalTime","Thu, Dec 22 11:22 AM"
"UA-3050-PHX-CLT2011-12-22","ExpectedDepartureTime","Thu, Dec 22 11:05 AM"
"UA-3050-PHX-CLT2011-12-22","ActualDepartureTime","Thu, Dec 22 11:05 AM"
"UA-3050-PHX-CLT2011-12-22","DepartureGate","A3"
"UA-3050-PHX-CLT2011-12-22","ExpectedArrivalTime","Thu, Dec 22 4:57 PM"
"UA-3050-PHX-CLT2011-12-22","ActualArrivalTime","Thu, Dec 22 4:48 PM"
"UA-3050-PHX-CLT2011-12-22","ArrivalGate","B11"
"UA-828-SFO-ORD2011-12-22","ExpectedDepartureTime","Thu, Dec 22 11:13 PM"
"UA-828-SFO-ORD2011-12-22","ActualDepartureTime","Thu, Dec 22 11:13 PM            On Time"
"UA-828-SFO-ORD2011-12-22","ExpectedArrivalTime","Fri, Dec 23 5:15 AM"
"UA-828-SFO-ORD2011-12-22","ActualArrivalTime","Fri, Dec 23 5:15 AM"
"UA-828-SFO-ORD2011-12-22","ArrivalGate","C11"
"UA-2830-MCO-CLT2011-12-22","ExpectedDepartureTime","Thu, Dec 22 3:27 PM"
"UA-2830-MCO-CLT2011-12-22","ActualDepartureTime","Thu, Dec 22 3:53 PM"
"UA-2830-MCO-CLT2011-12-22","DepartureGate","58"
"UA-2830-MCO-CLT2011-12-22","ExpectedArrivalTime","Thu, Dec 22 5:05 PM"
"UA-2830-MCO-CLT2011-12-22","ActualArrivalTime","Thu, Dec 22 5:33 PM"
"UA-2830-MCO-CLT2011-12-22","ArrivalGate","B8"
"UA-37-EWR-MCO2011-12-22","ExpectedDepartureTime","Thu, Dec 22 1:30 PM"
"UA-37-EWR-MCO2011-12-22","ActualDepartureTime","Thu, Dec 22 1:51 PM            Delayed"
"UA-37-EWR-MCO2011-12-22","DepartureGate","C136"
"UA-37-EWR-MCO2011-12-22","ExpectedArrivalTime","Thu, Dec 22 4:23 PM"
"UA-37-EWR-MCO2011-12-22","ActualArrivalTime","Thu, Dec 22 4:46 PM"
"UA-37-EWR-MCO2011-12-22","ArrivalGate","39"
"UA-37-EDI-EWR2011-12-22","ExpectedDepartureTime","Thu, Dec 22 9:05 AM"
"UA-37-EDI-EWR2011-12-22","ActualDepartureTime","Thu, Dec 22 8:57 AM"
"UA-37-EDI-EWR2011-12-22","ExpectedArrivalTime","Thu, Dec 22 11:53 AM"
"UA-37-EDI-EWR2011-12-22","ActualArrivalTime","Thu, Dec 22 12:03 PM"
"UA-37-EDI-EWR2011-12-22","ArrivalGate","B63"
"UA-2708-EWR-CLT2011-12-22","ExpectedDepartureTime","Thu, Dec 22 2:55 PM"
"UA-2708-EWR-CLT2011-12-22","ActualDepartureTime","Thu, Dec 22 2:55 PM"
"UA-2708-EWR-CLT2011-12-22","DepartureGate","A37"
"UA-2708-EWR-CLT2011-12-22","ExpectedArrivalTime","Thu, Dec 22 4:53 PM"
"UA-2708-EWR-CLT2011-12-22","ActualArrivalTime","Thu, Dec 22 4:48 PM"
"UA-2708-EWR-CLT2011-12-22","ArrivalGate","C6"
"UA-233-LAX-JFK2011-12-22","ExpectedDepartureTime","Thu, Dec 22 4:25 PM"
"UA-233-LAX-JFK2011-12-22","ActualDepartureTime","Thu, Dec 22 4:25 PM"
"UA-233-LAX-JFK2011-12-22","DepartureGate","73"
"UA-233-LAX-JFK2011-12-22","ExpectedArrivalTime","Fri, Dec 23 12:44 AM"
"UA-233-LAX-JFK2011-12-22","ActualArrivalTime","Fri, Dec 23 12:44 AM"
"UA-233-LAX-JFK2011-12-22","ArrivalGate","6"
"UA-2726-FLL-PHL2011-12-22","ExpectedDepartureTime","Thu, Dec 22 4:00 PM"
"UA-2726-FLL-PHL2011-12-22","ActualDepartureTime","Thu, Dec 22 4:00 PM"
"UA-2726-FLL-PHL2011-12-22","DepartureGate","E3"
"UA-2726-FLL-PHL2011-12-22","ExpectedArrivalTime","Thu, Dec 22 6:46 PM"
"UA-2726-FLL-PHL2011-12-22","ActualArrivalTime","Thu, Dec 22 6:21 PM"
"UA-2726-FLL-PHL2011-12-22","ArrivalGate","C17"
"UA-2945-PHL-CLT2011-12-22","ExpectedDepartureTime","Thu, Dec 22 12:00 AM"
"UA-2945-PHL-CLT2011-12-22","ActualDepartureTime","Thu, Dec 22 12:00 AM"
"UA-2945-PHL-CLT2011-12-22","DepartureGate","C21"
"UA-2945-PHL-CLT2011-12-22","ExpectedArrivalTime","Thu, Dec 22 1:45 PM"
"UA-2945-PHL-CLT2011-12-22","ActualArrivalTime","Thu, Dec 22 1:36 PM"
"UA-2945-PHL-CLT2011-12-22","ArrivalGate","B5"
"UA-6273-YYC-SFO2011-12-22","ExpectedDepartureTime","Thu, Dec 22 7:45 AM"
"UA-6273-YYC-SFO2011-12-22","ActualDepartureTime","Thu, Dec 22 7:38 AM"
"UA-6273-YYC-SFO2011-12-22","ExpectedArrivalTime","Thu, Dec 22 9:53 AM"
"UA-6273-YYC-SFO2011-12-22","ActualArrivalTime","Thu, Dec 22 9:15 AM"
"UA-6273-YYC-SFO2011-12-22","ArrivalGate","77A"
"UA-2314-ATL-PHL2011-12-22","ExpectedDepartureTime","Thu, Dec 22 2:55 PM"
"UA-2314-ATL-PHL2011-12-22","ActualDepartureTime","Thu, Dec 22 2:55 PM"
"UA-2314-ATL-PHL2011-12-22","DepartureGate","D23"
"UA-2314-ATL-PHL2011-12-22","ExpectedArrivalTime","Thu, Dec 22 5:00 PM"
"UA-2314-ATL-PHL2011-12-22","ActualArrivalTime","Thu, Dec 22 4:30 PM"
"UA-2314-ATL-PHL2011-12-22","ArrivalGate","C26"
"UA-382-IAD-LAX2011-12-22","ExpectedDepartureTime","Thu, Dec 22 8:35 AM"
"UA-382-IAD-LAX2011-12-22","ActualDepartureTime","Thu, Dec 22 8:31 AM"
"UA-382-IAD-LAX2011-12-22","DepartureGate","D5"
"UA-382-IAD-LAX2011-12-22","ExpectedArrivalTime","Thu, Dec 22 11:28 AM"
"UA-382-IAD-LAX2011-12-22","ActualArrivalTime","Thu, Dec 22 11:23 AM"
"UA-382-IAD-LAX2011-12-22","ArrivalGate","86"
"UA-858-PVG-SFO2011-12-22","ExpectedDepartureTime","Thu, Dec 22 1:45 PM"
"UA-858-PVG-SFO2011-12-22","ActualDepartureTime","Thu, Dec 22 1:45 PM"
"UA-858-PVG-SFO2011-12-22","DepartureGate","73"
"UA-858-PVG-SFO2011-12-22","ExpectedArrivalTime","Thu, Dec 22 8:27 AM"
"UA-858-PVG-SFO2011-12-22","ActualArrivalTime","Thu, Dec 22 8:02 AM"
"UA-858-PVG-SFO2011-12-22","ArrivalGate","99"
"UA-854-SFO-IAH2011-12-22","ExpectedDepartureTime","Thu, Dec 22 7:35 AM"
"UA-854-SFO-IAH2011-12-22","ActualDepartureTime","Thu, Dec 22 7:37 AM"
"UA-854-SFO-IAH2011-12-22","DepartureGate","87"
"UA-854-SFO-IAH2011-12-22","ExpectedArrivalTime","Thu, Dec 22 1:30 PM"
"UA-854-SFO-IAH2011-12-22","ActualArrivalTime","Thu, Dec 22 1:16 PM"
"UA-854-SFO-IAH2011-12-22","ArrivalGate","C16"
"CO-1586-IAH-MCO2011-12-22","ExpectedDepartureTime","Thu., Dec.22, 2011 7:00 p.m."
"CO-1586-IAH-MCO2011-12-22","ActualDepartureTime","Thu., Dec.22, 2011 7:09 p.m."
"CO-1586-IAH-MCO2011-12-22","ExpectedArrivalTime","Thu., Dec.22, 2011 10:12 p.m."
"CO-1586-IAH-MCO2011-12-22","ActualArrivalTime","Thu., Dec.22, 2011 10:24 p.m."
"CO-1694-LAX-IAH2011-12-22","ExpectedDepartureTime","Thu., Dec.22, 2011 7:41 p.m."
"CO-1694-LAX-IAH2011-12-22","ActualDepartureTime","Thu., Dec.22, 2011 7:41 p.m."
"CO-1694-LAX-IAH2011-12-22","ExpectedArrivalTime","Thu., Dec.22, 2011 12:44 a.m."
"CO-1694-LAX-IAH2011-12-22","ActualArrivalTime","Thu., Dec.22, 2011 12:44 a.m."
"CO-1088-CLE-IAH2011-12-22","ExpectedDepartureTime","Thu., Dec.22, 2011 8:35 a.m."
"CO-1088-CLE-IAH2011-12-22","ActualDepartureTime","Thu., Dec.22, 2011 8:57 a.m."
"CO-1088-CLE-IAH2011-12-22","ExpectedArrivalTime","Thu., Dec.22, 2011 10:55 a.m."
"CO-1088-CLE-IAH2011-12-22","ActualArrivalTime","Thu., Dec.22, 2011 11:28 a.m."
"CO-16-LAX-EWR2011-12-22","ExpectedDepartureTime","Thu., Dec.22, 2011 10:25 a.m."
"CO-16-LAX-EWR2011-12-22","ActualDepartureTime","Thu., Dec.22, 2011 10:36 a.m."
"CO-16-LAX-EWR2011-12-22","ExpectedArrivalTime","Thu., Dec.22, 2011 6:39 p.m."
"CO-16-LAX-EWR2011-12-22","ActualArrivalTime","Thu., Dec.22, 2011 6:36 p.m."
"CO-58-DEN-IAH2011-12-22","ExpectedDepartureTime","Thu., Dec.22, 2011 11:30 a.m."
"CO-58-DEN-IAH2011-12-22","ActualDepartureTime","Thu., Dec.22, 2011 12:00 p.m."
"CO-58-DEN-IAH2011-12-22","ExpectedArrivalTime","Thu., Dec.22, 2011 2:56 p.m."
"CO-58-DEN-IAH2011-12-22","ActualArrivalTime","Thu., Dec.22, 2011 3:34 p.m."
"CO-1193-EWR-MCO2011-12-22","ExpectedDepartureTime","Thu., Dec.22, 2011 9:15 a.m."
"CO-1193-EWR-MCO2011-12-22","ActualDepartureTime","Thu., Dec.22, 2011 9:16 a.m."
"CO-1193-EWR-MCO2011-12-22","ExpectedArrivalTime","Thu., Dec.22, 2011 12:16 p.m."
"CO-1193-EWR-MCO2011-12-22","ActualArrivalTime","Thu., Dec.22, 2011 12:44 p.m."
"CO-1023-IAH-DEN2011-12-22","ExpectedDepartureTime","Thu., Dec.22, 2011 11:40 a.m."
"CO-1023-IAH-DEN2011-12-22","ActualDepartureTime","Thu., Dec.22, 2011 11:44 a.m."
"CO-1023-IAH-DEN2011-12-22","ExpectedArrivalTime","Thu., Dec.22, 2011 1:20 p.m."
"CO-1023-IAH-DEN2011-12-22","ActualArrivalTime","Thu., Dec.22, 2011 1:34 p.m."
"CO-1250-MIA-IAH2011-12-22","ExpectedDepartureTime","Thu., Dec.22, 2011 2:44 p.m."
"CO-1250-MIA-IAH2011-12-22","ActualDepartureTime","Thu., Dec.22, 2011 2:48 p.m."
"CO-1250-MIA-IAH2011-12-22","ExpectedArrivalTime","Thu., Dec.22, 2011 4:45 p.m."
"CO-1250-MIA-IAH2011-12-22","ActualArrivalTime","Thu., Dec.22, 2011 4:34 p.m."
"CO-62-IAH-EWR2011-12-22","ExpectedDepartureTime","Thu., Dec.22, 2011 2:30 p.m."
"CO-62-IAH-EWR2011-12-22","ActualDepartureTime","Thu., Dec.22, 2011 2:32 p.m."
"CO-62-IAH-EWR2011-12-22","ExpectedArrivalTime","Thu., Dec.22, 2011 7:03 p.m."
"CO-62-IAH-EWR2011-12-22","ActualArrivalTime","Thu., Dec.22, 2011 6:50 p.m."
"CO-52-IAH-LAX2011-12-22","ExpectedDepartureTime","Thu., Dec.22, 2011 7:35 a.m."
"CO-52-IAH-LAX2011-12-22","ActualDepartureTime","Thu., Dec.22, 2011 7:40 a.m."
"CO-52-IAH-LAX2011-12-22","ExpectedArrivalTime","Thu., Dec.22, 2011 9:30 a.m."
"CO-52-IAH-LAX2011-12-22","ActualArrivalTime","Thu., Dec.22, 2011 9:25 a.m."
"CO-1614-LAX-IAH2011-12-22","ExpectedDepartureTime","Thu., Dec.22, 2011 12:30 a.m."
"CO-1614-LAX-IAH2011-12-22","ActualDepartureTime","Thu., Dec.22, 2011 3:07 a.m."
"CO-1614-LAX-IAH2011-12-22","ExpectedArrivalTime","Thu., Dec.22, 2011 5:36 a.m."
"CO-1614-LAX-IAH2011-12-22","ActualArrivalTime","Thu., Dec.22, 2011 8:13 a.m."
"CO-89-IAH-EWR2011-12-22","ExpectedDepartureTime","Thu., Dec.22, 2011 6:00 a.m."
"CO-89-IAH-EWR2011-12-22","ActualDepartureTime","Thu., Dec.22, 2011 6:02 a.m."
"CO-89-IAH-EWR2011-12-22","ExpectedArrivalTime","Thu., Dec.22, 2011 10:20 a.m."
"CO-89-IAH-EWR2011-12-22","ActualArrivalTime","Thu., Dec.22, 2011 10:09 a.m."
"CO-1090-BOS-IAH2011-12-22","ExpectedDepartureTime","Thu., Dec.22, 2011 9:50 a.m."
"CO-1090-BOS-IAH2011-12-22","ActualDepartureTime","Thu., Dec.22, 2011 9:58 a.m."
"CO-1090-BOS-IAH2011-12-22","ExpectedArrivalTime","Thu., Dec.22, 2011 1:20 p.m."
"CO-1090-BOS-IAH2011-12-22","ActualArrivalTime","Thu., Dec.22, 2011 1:31 p.m."
"CO-45-EWR-MIA2011-12-22","ExpectedDepartureTime","Thu., Dec.22, 2011 3:50 p.m."
"CO-45-EWR-MIA2011-12-22","ActualDepartureTime","Thu., Dec.22, 2011 3:54 p.m."
"CO-45-EWR-MIA2011-12-22","ExpectedArrivalTime","Thu., Dec.22, 2011 7:05 p.m."
"CO-45-EWR-MIA2011-12-22","ActualArrivalTime","Thu., Dec.22, 2011 6:50 p.m."
"CO-63-EWR-IAH2011-12-22","ExpectedDepartureTime","Thu., Dec.22, 2011 5:25 p.m."
"CO-63-EWR-IAH2011-12-22","ActualDepartureTime","Thu., Dec.22, 2011 5:37 p.m."
"CO-63-EWR-IAH2011-12-22","ExpectedArrivalTime","Thu., Dec.22, 2011 8:30 p.m."
"CO-63-EWR-IAH2011-12-22","ActualArrivalTime","Thu., Dec.22, 2011 8:35 p.m."
"CO-50-CLE-EWR2011-12-22","ExpectedDepartureTime","Thu., Dec.22, 2011 2:55 p.m."
"CO-50-CLE-EWR2011-12-22","ActualDepartureTime","Thu., Dec.22, 2011 2:47 p.m."
"CO-50-CLE-EWR2011-12-22","ExpectedArrivalTime","Thu., Dec.22, 2011 4:53 p.m."
"CO-50-CLE-EWR2011-12-22","ActualArrivalTime","Thu., Dec.22, 2011 4:23 p.m."
"CO-1561-PHX-IAH2011-12-22","ExpectedDepartureTime","Thu., Dec.22, 2011 8:05 a.m."
"CO-1561-PHX-IAH2011-12-22","ActualDepartureTime","Thu., Dec.22, 2011 8:24 a.m."
"CO-1561-PHX-IAH2011-12-22","ExpectedArrivalTime","Thu., Dec.22, 2011 11:37 a.m."
"CO-1561-PHX-IAH2011-12-22","ActualArrivalTime","Thu., Dec.22, 2011 12:14 p.m."
"CO-47-IAH-LAX2011-12-22","ExpectedDepartureTime","Thu., Dec.22, 2011 7:10 p.m."
"CO-47-IAH-LAX2011-12-22","ActualDepartureTime","Thu., Dec.22, 2011 7:15 p.m."
"CO-47-IAH-LAX2011-12-22","ExpectedArrivalTime","Thu., Dec.22, 2011 9:06 p.m."
"CO-47-IAH-LAX2011-12-22","ActualArrivalTime","Thu., Dec.22, 2011 9:19 p.m."
