"ObjectID","PropertyID","PropertyValue"
"AA-1221-MCO-ORD2011-12-05","ExpectedDepartureTime","12/05/2011 08:00 PM"
"AA-1221-MCO-ORD2011-12-05","ActualDepartureTime","12/05/2011 08:06 PM"
"AA-1221-MCO-ORD2011-12-05","DepartureGate","15"
"AA-1221-MCO-ORD2011-12-05","ExpectedArrivalTime","12/05/2011 09:50 PM"
"AA-1221-MCO-ORD2011-12-05","ActualArrivalTime","12/05/2011 09:29 PM"
"AA-1221-MCO-ORD2011-12-05","ArrivalGate","K4"
"AA-4307-ORD-DTW2011-12-05","ExpectedDepartureTime","12/05/2011 06:45 PM"
"AA-4307-ORD-DTW2011-12-05","ActualDepartureTime","12/05/2011 07:08 PM"
"AA-4307-ORD-DTW2011-12-05","DepartureGate","G19A"
"AA-4307-ORD-DTW2011-12-05","ExpectedArrivalTime","12/05/2011 09:10 PM"
"AA-4307-ORD-DTW2011-12-05","ActualArrivalTime","12/05/2011 09:34 PM"
"AA-4307-ORD-DTW2011-12-05","ArrivalGate","D28"
"AA-616-DFW-DTW2011-12-05","ExpectedDepartureTime","12/05/2011 09:05 AM"
"AA-616-DFW-DTW2011-12-05","ActualDepartureTime","12/05/2011 09:17 AM"
"AA-616-DFW-DTW2011-12-05","DepartureGate","C14"
"AA-616-DFW-DTW2011-12-05","ExpectedArrivalTime","12/05/2011 12:35 PM"
"AA-616-DFW-DTW2011-12-05","ActualArrivalTime","12/05/2011 12:19 PM"
"AA-616-DFW-DTW2011-12-05","ArrivalGate","D32"
"AA-431-MIA-SFO2011-12-05","ExpectedDepartureTime","12/05/2011 08:35 AM"
"AA-431-MIA-SFO2011-12-05","ActualDepartureTime","12/05/2011 08:52 AM"
"AA-431-MIA-SFO2011-12-05","DepartureGate","D3"
"AA-431-MIA-SFO2011-12-05","ExpectedArrivalTime","12/05/2011 11:50 AM"
"AA-431-MIA-SFO2011-12-05","ActualArrivalTime","12/05/2011 11:15 AM"
"AA-431-MIA-SFO2011-12-05","ArrivalGate","57"
"AA-3756-ORD-SLC2011-12-05","ExpectedDepartureTime","12/05/2011 12:15 PM"
"AA-3756-ORD-SLC2011-12-05","ActualDepartureTime","12/05/2011 12:29 PM"
"AA-3756-ORD-SLC2011-12-05","DepartureGate","G9"
"AA-3756-ORD-SLC2011-12-05","ExpectedArrivalTime","12/05/2011 02:45 PM"
"AA-3756-ORD-SLC2011-12-05","ActualArrivalTime","12/05/2011 02:31 PM"
"AA-3756-ORD-SLC2011-12-05","ArrivalGate","A3"
"AA-2050-ORD-MIA2011-12-05","ExpectedDepartureTime","12/05/2011 10:40 AM"
"AA-2050-ORD-MIA2011-12-05","ActualDepartureTime","12/05/2011 10:52 AM"
"AA-2050-ORD-MIA2011-12-05","DepartureGate","K13"
"AA-2050-ORD-MIA2011-12-05","ExpectedArrivalTime","12/05/2011 02:45 PM"
"AA-2050-ORD-MIA2011-12-05","ActualArrivalTime","12/05/2011 02:37 PM"
"AA-2050-ORD-MIA2011-12-05","ArrivalGate","D40"
"AA-3804-PHL-ORD2011-12-05","ExpectedDepartureTime","12/05/2011 02:35 PM"
"AA-3804-PHL-ORD2011-12-05","ActualDepartureTime","12/05/2011 02:40 PM"
"AA-3804-PHL-ORD2011-12-05","DepartureGate","A7"
"AA-3804-PHL-ORD2011-12-05","ExpectedArrivalTime","12/05/2011 04:05 PM"
"AA-3804-PHL-ORD2011-12-05","ActualArrivalTime","12/05/2011 03:45 PM"
"AA-3804-PHL-ORD2011-12-05","ArrivalGate","G13"
"AA-1664-MIA-ATL2011-12-05","ExpectedDepartureTime","12/05/2011 10:15 AM"
"AA-1664-MIA-ATL2011-12-05","ActualDepartureTime","12/05/2011 10:43 AM"
"AA-1664-MIA-ATL2011-12-05","DepartureGate","D41"
"AA-1664-MIA-ATL2011-12-05","ExpectedArrivalTime","12/05/2011 12:10 PM"
"AA-1664-MIA-ATL2011-12-05","ActualArrivalTime","12/05/2011 12:26 PM"
"AA-1664-MIA-ATL2011-12-05","ArrivalGate","T11"
"AA-789-ORD-DEN2011-12-05","ExpectedDepartureTime","12/05/2011 01:05 PM"
"AA-789-ORD-DEN2011-12-05","ActualDepartureTime","12/05/2011 01:27 PM"
"AA-789-ORD-DEN2011-12-05","DepartureGate","K9"
"AA-789-ORD-DEN2011-12-05","ExpectedArrivalTime","12/05/2011 02:35 PM"
"AA-789-ORD-DEN2011-12-05","ActualArrivalTime","12/05/2011 02:48 PM"
"AA-789-ORD-DEN2011-12-05","ArrivalGate","A49"
"AA-1733-ORD-PHX2011-12-05","ExpectedDepartureTime","12/05/2011 07:45 PM"
"AA-1733-ORD-PHX2011-12-05","ActualDepartureTime","12/05/2011 07:53 PM"
"AA-1733-ORD-PHX2011-12-05","DepartureGate","H10"
"AA-1733-ORD-PHX2011-12-05","ExpectedArrivalTime","12/05/2011 10:30 PM"
"AA-1733-ORD-PHX2011-12-05","ArrivalGate","6"
"AA-1733-ORD-PHX2011-12-05","ExpectedDepartureTime","12/05/2011 07:45 PM"
"AA-1733-ORD-PHX2011-12-05","ActualDepartureTime","12/05/2011 07:53 PM"
"AA-1733-ORD-PHX2011-12-05","DepartureGate","H10"
"AA-1733-ORD-PHX2011-12-05","ExpectedArrivalTime","12/05/2011 10:30 PM"
"AA-1733-ORD-PHX2011-12-05","ArrivalGate","6"
"AA-4277-CVG-JFK2011-12-05","ExpectedDepartureTime","12/05/2011 12:10 PM"
"AA-4277-CVG-JFK2011-12-05","ActualDepartureTime","12/05/2011 12:19 PM"
"AA-4277-CVG-JFK2011-12-05","DepartureGate","1"
"AA-4277-CVG-JFK2011-12-05","ExpectedArrivalTime","12/05/2011 02:15 PM"
"AA-4277-CVG-JFK2011-12-05","ActualArrivalTime","12/05/2011 02:01 PM"
"AA-4277-CVG-JFK2011-12-05","ArrivalGate","32I"
"AA-2312-DFW-DTW2011-12-05","ExpectedDepartureTime","12/05/2011 08:25 PM"
"AA-2312-DFW-DTW2011-12-05","DepartureGate","C2"
"AA-2312-DFW-DTW2011-12-05","ExpectedArrivalTime","12/05/2011 11:50 PM"
"AA-2312-DFW-DTW2011-12-05","ArrivalGate","D32"
"AA-85-JFK-SFO2011-12-05","ExpectedDepartureTime","12/05/2011 03:05 PM"
"AA-85-JFK-SFO2011-12-05","ActualDepartureTime","12/05/2011 03:31 PM"
"AA-85-JFK-SFO2011-12-05","DepartureGate","33"
"AA-85-JFK-SFO2011-12-05","ExpectedArrivalTime","12/05/2011 06:30 PM"
"AA-85-JFK-SFO2011-12-05","ActualArrivalTime","12/05/2011 06:17 PM"
"AA-85-JFK-SFO2011-12-05","ArrivalGate","58B"
"AA-404-MIA-MCO2011-12-05","ExpectedDepartureTime","12/05/2011 06:45 AM"
"AA-404-MIA-MCO2011-12-05","ActualDepartureTime","12/05/2011 06:56 AM"
"AA-404-MIA-MCO2011-12-05","DepartureGate","D33"
"AA-404-MIA-MCO2011-12-05","ExpectedArrivalTime","12/05/2011 07:45 AM"
"AA-404-MIA-MCO2011-12-05","ActualArrivalTime","12/05/2011 07:51 AM"
"AA-404-MIA-MCO2011-12-05","ArrivalGate","16"
"AA-446-DFW-PHL2011-12-05","ExpectedDepartureTime","12/05/2011 11:50 AM"
"AA-446-DFW-PHL2011-12-05","ActualDepartureTime","12/05/2011 12:06 PM"
"AA-446-DFW-PHL2011-12-05","DepartureGate","D16"
"AA-446-DFW-PHL2011-12-05","ExpectedArrivalTime","12/05/2011 03:50 PM"
"AA-446-DFW-PHL2011-12-05","ActualArrivalTime","12/05/2011 03:44 PM"
"AA-446-DFW-PHL2011-12-05","ArrivalGate","A9"
"AA-2268-PHX-ORD2011-12-05","ExpectedDepartureTime","12/05/2011 07:15 AM"
"AA-2268-PHX-ORD2011-12-05","ActualDepartureTime","12/05/2011 07:20 AM"
"AA-2268-PHX-ORD2011-12-05","DepartureGate","6"
"AA-2268-PHX-ORD2011-12-05","ExpectedArrivalTime","12/05/2011 11:35 AM"
"AA-2268-PHX-ORD2011-12-05","ActualArrivalTime","12/05/2011 11:12 AM"
"AA-2268-PHX-ORD2011-12-05","ArrivalGate","H12"
"AA-4344-ORD-DTW2011-12-05","ExpectedDepartureTime","12/05/2011 11:45 AM"
"AA-4344-ORD-DTW2011-12-05","ActualDepartureTime","12/05/2011 11:55 AM"
"AA-4344-ORD-DTW2011-12-05","DepartureGate","G1B"
"AA-4344-ORD-DTW2011-12-05","ExpectedArrivalTime","12/05/2011 02:00 PM"
"AA-4344-ORD-DTW2011-12-05","ActualArrivalTime","12/05/2011 02:13 PM"
"AA-4344-ORD-DTW2011-12-05","ArrivalGate","D28"
"AA-484-DFW-MIA2011-12-05","ExpectedDepartureTime","12/05/2011 04:15 PM"
"AA-484-DFW-MIA2011-12-05","ActualDepartureTime","12/05/2011 04:36 PM"
"AA-484-DFW-MIA2011-12-05","DepartureGate","D17"
"AA-484-DFW-MIA2011-12-05","ExpectedArrivalTime","12/05/2011 07:55 PM"
"AA-484-DFW-MIA2011-12-05","ActualArrivalTime","12/05/2011 07:52 PM"
"AA-484-DFW-MIA2011-12-05","ArrivalGate","D34"
"AA-3979-CVG-ORD2011-12-05","ExpectedDepartureTime","12/05/2011 07:30 AM"
"AA-3979-CVG-ORD2011-12-05","ActualDepartureTime","12/05/2011 07:48 AM"
"AA-3979-CVG-ORD2011-12-05","DepartureGate","3"
"AA-3979-CVG-ORD2011-12-05","ExpectedArrivalTime","12/05/2011 08:00 AM"
"AA-3979-CVG-ORD2011-12-05","ActualArrivalTime","12/05/2011 07:42 AM"
"AA-3979-CVG-ORD2011-12-05","ArrivalGate","G14"
"AA-3063-SLC-LAX2011-12-05","ExpectedDepartureTime","12/05/2011 08:20 PM"
"AA-3063-SLC-LAX2011-12-05","ActualDepartureTime","12/05/2011 08:30 PM"
"AA-3063-SLC-LAX2011-12-05","DepartureGate","A3"
"AA-3063-SLC-LAX2011-12-05","ExpectedArrivalTime","12/05/2011 09:20 PM"
"AA-3063-SLC-LAX2011-12-05","ArrivalGate","44C"
"AA-3859-IAH-ORD2011-12-05","ExpectedDepartureTime","12/05/2011 07:10 AM"
"AA-3859-IAH-ORD2011-12-05","ActualDepartureTime","12/05/2011 07:25 AM"
"AA-3859-IAH-ORD2011-12-05","DepartureGate","A29"
"AA-3859-IAH-ORD2011-12-05","ExpectedArrivalTime","12/05/2011 09:40 AM"
"AA-3859-IAH-ORD2011-12-05","ActualArrivalTime","12/05/2011 09:59 AM"
"AA-3859-IAH-ORD2011-12-05","ArrivalGate","H4"
"AA-3842-MSP-ORD2011-12-05","ExpectedDepartureTime","12/05/2011 06:00 AM"
"AA-3842-MSP-ORD2011-12-05","ActualDepartureTime","12/05/2011 06:10 AM"
"AA-3842-MSP-ORD2011-12-05","DepartureGate","E14"
"AA-3842-MSP-ORD2011-12-05","ExpectedArrivalTime","12/05/2011 07:30 AM"
"AA-3842-MSP-ORD2011-12-05","ActualArrivalTime","12/05/2011 07:09 AM"
"AA-3842-MSP-ORD2011-12-05","ArrivalGate","H5"
"AA-1544-SAN-ORD2011-12-05","ExpectedDepartureTime","12/05/2011 11:25 AM"
"AA-1544-SAN-ORD2011-12-05","ActualDepartureTime","12/05/2011 03:26 PM"
"AA-1544-SAN-ORD2011-12-05","DepartureGate","27"
"AA-1544-SAN-ORD2011-12-05","ExpectedArrivalTime","12/05/2011 05:25 PM"
"AA-1544-SAN-ORD2011-12-05","ArrivalGate","H14"
"AA-649-ORD-SNA2011-12-05","ExpectedDepartureTime","12/05/2011 01:30 PM"
"AA-649-ORD-SNA2011-12-05","DepartureGate","K15"
"AA-649-ORD-SNA2011-12-05","ExpectedArrivalTime","12/05/2011 03:50 PM"
"AA-649-ORD-SNA2011-12-05","ArrivalGate","7"
"AA-1640-MIA-MCO2011-12-05","ExpectedDepartureTime","12/05/2011 06:30 PM"
"AA-1640-MIA-MCO2011-12-05","DepartureGate","D33"
"AA-1640-MIA-MCO2011-12-05","ExpectedArrivalTime","12/05/2011 07:25 PM"
"AA-1640-MIA-MCO2011-12-05","ArrivalGate","14"
"AA-518-MIA-JFK2011-12-05","ExpectedDepartureTime","12/05/2011 06:30 AM"
"AA-518-MIA-JFK2011-12-05","ActualDepartureTime","12/05/2011 06:50 AM"
"AA-518-MIA-JFK2011-12-05","DepartureGate","D24"
"AA-518-MIA-JFK2011-12-05","ExpectedArrivalTime","12/05/2011 09:15 AM"
"AA-518-MIA-JFK2011-12-05","ActualArrivalTime","12/05/2011 09:20 AM"
"AA-518-MIA-JFK2011-12-05","ArrivalGate","33"
"AA-2525-DFW-MIA2011-12-05","ExpectedDepartureTime","12/05/2011 07:25 AM"
"AA-2525-DFW-MIA2011-12-05","ActualDepartureTime","12/05/2011 08:37 AM"
"AA-2525-DFW-MIA2011-12-05","DepartureGate","C4"
"AA-2525-DFW-MIA2011-12-05","ExpectedArrivalTime","12/05/2011 11:10 AM"
"AA-2525-DFW-MIA2011-12-05","ActualArrivalTime","12/05/2011 12:00 PM"
"AA-2525-DFW-MIA2011-12-05","ArrivalGate","D16"
"AA-1279-DFW-PHX2011-12-05","ExpectedDepartureTime","12/05/2011 01:00 PM"
"AA-1279-DFW-PHX2011-12-05","ActualDepartureTime","12/05/2011 01:19 PM"
"AA-1279-DFW-PHX2011-12-05","DepartureGate","C12"
"AA-1279-DFW-PHX2011-12-05","ExpectedArrivalTime","12/05/2011 02:35 PM"
"AA-1279-DFW-PHX2011-12-05","ActualArrivalTime","12/05/2011 02:51 PM"
"AA-1279-DFW-PHX2011-12-05","ArrivalGate","4"
"AA-1522-SFO-ORD2011-12-05","ExpectedDepartureTime","12/05/2011 11:55 PM"
"AA-1522-SFO-ORD2011-12-05","DepartureGate","57"
"AA-1522-SFO-ORD2011-12-05","ExpectedArrivalTime","12/06/2011 05:50 AM"
"AA-1522-SFO-ORD2011-12-05","ArrivalGate","H9"
"AA-1434-DFW-MCO2011-12-05","ExpectedDepartureTime","12/05/2011 07:15 AM"
"AA-1434-DFW-MCO2011-12-05","ActualDepartureTime","12/05/2011 07:27 AM"
"AA-1434-DFW-MCO2011-12-05","DepartureGate","C30"
"AA-1434-DFW-MCO2011-12-05","ExpectedArrivalTime","12/05/2011 10:35 AM"
"AA-1434-DFW-MCO2011-12-05","ActualArrivalTime","12/05/2011 10:39 AM"
"AA-1434-DFW-MCO2011-12-05","ArrivalGate","17"
"AA-59-JFK-SFO2011-12-05","ExpectedDepartureTime","12/05/2011 07:10 AM"
"AA-59-JFK-SFO2011-12-05","ActualDepartureTime","12/05/2011 07:49 AM"
"AA-59-JFK-SFO2011-12-05","DepartureGate","36"
"AA-59-JFK-SFO2011-12-05","ExpectedArrivalTime","12/05/2011 10:45 AM"
"AA-59-JFK-SFO2011-12-05","ActualArrivalTime","12/05/2011 10:45 AM"
"AA-59-JFK-SFO2011-12-05","ArrivalGate","58B"
"AA-415-BOS-ORD2011-12-05","ExpectedDepartureTime","12/05/2011 08:35 AM"
"AA-415-BOS-ORD2011-12-05","ActualDepartureTime","12/05/2011 08:50 AM"
"AA-415-BOS-ORD2011-12-05","DepartureGate","B34"
"AA-415-BOS-ORD2011-12-05","ExpectedArrivalTime","12/05/2011 10:40 AM"
"AA-415-BOS-ORD2011-12-05","ActualArrivalTime","12/05/2011 10:18 AM"
"AA-415-BOS-ORD2011-12-05","ArrivalGate","H17"
"AA-222-LAX-BOS2011-12-05","ExpectedDepartureTime","12/05/2011 07:10 AM"
"AA-222-LAX-BOS2011-12-05","ActualDepartureTime","12/05/2011 07:13 AM"
"AA-222-LAX-BOS2011-12-05","DepartureGate","42B"
"AA-222-LAX-BOS2011-12-05","ExpectedArrivalTime","12/05/2011 03:30 PM"
"AA-222-LAX-BOS2011-12-05","ActualArrivalTime","12/05/2011 02:55 PM"
"AA-222-LAX-BOS2011-12-05","ArrivalGate","B31"
"AA-3823-LAX-DEN2011-12-05","ExpectedDepartureTime","12/05/2011 09:00 PM"
"AA-3823-LAX-DEN2011-12-05","DepartureGate","44J"
"AA-3823-LAX-DEN2011-12-05","ExpectedArrivalTime","12/06/2011 12:15 AM"
"AA-3823-LAX-DEN2011-12-05","ArrivalGate","A49"
"AA-1165-JFK-MIA2011-12-05","ExpectedDepartureTime","12/05/2011 06:59 AM"
"AA-1165-JFK-MIA2011-12-05","ActualDepartureTime","12/05/2011 07:33 AM"
"AA-1165-JFK-MIA2011-12-05","DepartureGate","35"
"AA-1165-JFK-MIA2011-12-05","ExpectedArrivalTime","12/05/2011 10:34 AM"
"AA-1165-JFK-MIA2011-12-05","ActualArrivalTime","12/05/2011 10:06 AM"
"AA-1165-JFK-MIA2011-12-05","ArrivalGate","D24"
"AA-3786-IAH-ORD2011-12-05","ExpectedDepartureTime","12/05/2011 04:00 PM"
"AA-3786-IAH-ORD2011-12-05","ActualDepartureTime","12/05/2011 04:28 PM"
"AA-3786-IAH-ORD2011-12-05","DepartureGate","A29"
"AA-3786-IAH-ORD2011-12-05","ExpectedArrivalTime","12/05/2011 06:40 PM"
"AA-3786-IAH-ORD2011-12-05","ActualArrivalTime","12/05/2011 06:37 PM"
"AA-3786-IAH-ORD2011-12-05","ArrivalGate","G3"
"AA-4330-CVG-ORD2011-12-05","ExpectedDepartureTime","12/05/2011 03:35 PM"
"AA-4330-CVG-ORD2011-12-05","ActualDepartureTime","12/05/2011 04:51 PM"
"AA-4330-CVG-ORD2011-12-05","DepartureGate","5"
"AA-4330-CVG-ORD2011-12-05","ExpectedArrivalTime","12/05/2011 04:00 PM"
"AA-4330-CVG-ORD2011-12-05","ActualArrivalTime","12/05/2011 04:47 PM"
"AA-4330-CVG-ORD2011-12-05","ArrivalGate","G19A"
"AA-3468-CVG-MIA2011-12-05","ExpectedDepartureTime","12/05/2011 07:00 AM"
"AA-3468-CVG-MIA2011-12-05","ActualDepartureTime","12/05/2011 07:23 AM"
"AA-3468-CVG-MIA2011-12-05","DepartureGate","1"
"AA-3468-CVG-MIA2011-12-05","ExpectedArrivalTime","12/05/2011 09:55 AM"
"AA-3468-CVG-MIA2011-12-05","ActualArrivalTime","12/05/2011 09:47 AM"
"AA-3468-CVG-MIA2011-12-05","ArrivalGate","D60"
"AA-204-LAX-MCO2011-12-05","ExpectedDepartureTime","12/05/2011 11:25 PM"
"AA-204-LAX-MCO2011-12-05","DepartureGate","43"
"AA-204-LAX-MCO2011-12-05","ExpectedArrivalTime","12/06/2011 06:55 AM"
"AA-204-LAX-MCO2011-12-05","ArrivalGate","TBA"
"AA-466-IAH-MIA2011-12-05","ExpectedDepartureTime","12/05/2011 06:00 AM"
"AA-466-IAH-MIA2011-12-05","ActualDepartureTime","12/05/2011 06:19 AM"
"AA-466-IAH-MIA2011-12-05","DepartureGate","A27"
"AA-466-IAH-MIA2011-12-05","ExpectedArrivalTime","12/05/2011 09:20 AM"
"AA-466-IAH-MIA2011-12-05","ActualArrivalTime","12/05/2011 09:26 AM"
"AA-466-IAH-MIA2011-12-05","ArrivalGate","D41"
"AA-3-JFK-LAX2011-12-05","ExpectedDepartureTime","12/05/2011 12:00 PM"
"AA-3-JFK-LAX2011-12-05","ActualDepartureTime","12/05/2011 12:02 PM"
"AA-3-JFK-LAX2011-12-05","DepartureGate","42"
"AA-3-JFK-LAX2011-12-05","ExpectedArrivalTime","12/05/2011 03:15 PM"
"AA-3-JFK-LAX2011-12-05","ActualArrivalTime","12/05/2011 02:46 PM"
"AA-3-JFK-LAX2011-12-05","ArrivalGate","48B"
"AA-1007-MIA-PHX2011-12-05","ExpectedDepartureTime","12/05/2011 04:55 PM"
"AA-1007-MIA-PHX2011-12-05","ActualDepartureTime","12/05/2011 05:01 PM"
"AA-1007-MIA-PHX2011-12-05","DepartureGate","D5"
"AA-1007-MIA-PHX2011-12-05","ExpectedArrivalTime","12/05/2011 08:05 PM"
"AA-1007-MIA-PHX2011-12-05","ActualArrivalTime","12/05/2011 07:55 PM"
"AA-1007-MIA-PHX2011-12-05","ArrivalGate","6"
"AA-271-MIA-LAX2011-12-05","ExpectedDepartureTime","12/05/2011 11:35 AM"
"AA-271-MIA-LAX2011-12-05","ActualDepartureTime","12/05/2011 11:53 AM"
"AA-271-MIA-LAX2011-12-05","DepartureGate","D12"
"AA-271-MIA-LAX2011-12-05","ExpectedArrivalTime","12/05/2011 02:25 PM"
"AA-271-MIA-LAX2011-12-05","ActualArrivalTime","12/05/2011 02:14 PM"
"AA-271-MIA-LAX2011-12-05","ArrivalGate","46A"
"AA-643-MIA-ORD2011-12-05","ExpectedDepartureTime","12/05/2011 07:10 AM"
"AA-643-MIA-ORD2011-12-05","ActualDepartureTime","12/05/2011 07:29 AM"
"AA-643-MIA-ORD2011-12-05","DepartureGate","D1"
"AA-643-MIA-ORD2011-12-05","ExpectedArrivalTime","12/05/2011 09:35 AM"
"AA-643-MIA-ORD2011-12-05","ActualArrivalTime","12/05/2011 09:23 AM"
"AA-643-MIA-ORD2011-12-05","ArrivalGate","L8"
"AA-4198-ORD-CLE2011-12-05","ExpectedDepartureTime","12/05/2011 10:40 AM"
"AA-4198-ORD-CLE2011-12-05","ActualDepartureTime","12/05/2011 10:47 AM"
"AA-4198-ORD-CLE2011-12-05","DepartureGate","G7"
"AA-4198-ORD-CLE2011-12-05","ExpectedArrivalTime","12/05/2011 12:55 PM"
"AA-4198-ORD-CLE2011-12-05","ActualArrivalTime","12/05/2011 12:44 PM"
"AA-4198-ORD-CLE2011-12-05","ArrivalGate","A1"
"AA-400-DFW-JFK2011-12-05","ExpectedDepartureTime","12/05/2011 10:40 AM"
"AA-400-DFW-JFK2011-12-05","ActualDepartureTime","12/05/2011 11:07 AM"
"AA-400-DFW-JFK2011-12-05","DepartureGate","C39"
"AA-400-DFW-JFK2011-12-05","ExpectedArrivalTime","12/05/2011 02:59 PM"
"AA-400-DFW-JFK2011-12-05","ActualArrivalTime","12/05/2011 03:12 PM"
"AA-400-DFW-JFK2011-12-05","ArrivalGate","42"
"AA-1886-BOS-MIA2011-12-05","ExpectedDepartureTime","12/05/2011 10:45 AM"
"AA-1886-BOS-MIA2011-12-05","ActualDepartureTime","12/05/2011 10:56 AM"
"AA-1886-BOS-MIA2011-12-05","DepartureGate","B35"
"AA-1886-BOS-MIA2011-12-05","ExpectedArrivalTime","12/05/2011 02:20 PM"
"AA-1886-BOS-MIA2011-12-05","ActualArrivalTime","12/05/2011 02:01 PM"
"AA-1886-BOS-MIA2011-12-05","ArrivalGate","D1"
"AA-1917-JFK-MCO2011-12-05","ExpectedDepartureTime","12/05/2011 02:55 PM"
"AA-1917-JFK-MCO2011-12-05","ActualDepartureTime","12/05/2011 03:09 PM"
"AA-1917-JFK-MCO2011-12-05","DepartureGate","43"
"AA-1917-JFK-MCO2011-12-05","ExpectedArrivalTime","12/05/2011 05:55 PM"
"AA-1917-JFK-MCO2011-12-05","ActualArrivalTime","12/05/2011 05:36 PM"
"AA-1917-JFK-MCO2011-12-05","ArrivalGate","16"
"AA-3809-PHX-LAX2011-12-05","ExpectedDepartureTime","12/05/2011 06:00 AM"
"AA-3809-PHX-LAX2011-12-05","ActualDepartureTime","12/05/2011 06:18 AM"
"AA-3809-PHX-LAX2011-12-05","DepartureGate","2"
"AA-3809-PHX-LAX2011-12-05","ExpectedArrivalTime","12/05/2011 06:40 AM"
"AA-3809-PHX-LAX2011-12-05","ActualArrivalTime","12/05/2011 06:27 AM"
"AA-3809-PHX-LAX2011-12-05","ArrivalGate","44J"
"AA-2957-DFW-CVG2011-12-05","ExpectedDepartureTime","12/05/2011 07:55 AM"
"AA-2957-DFW-CVG2011-12-05","ActualDepartureTime","12/05/2011 08:31 AM"
"AA-2957-DFW-CVG2011-12-05","DepartureGate","B21"
"AA-2957-DFW-CVG2011-12-05","ExpectedArrivalTime","12/05/2011 11:05 AM"
"AA-2957-DFW-CVG2011-12-05","ActualArrivalTime","12/05/2011 11:17 AM"
"AA-2957-DFW-CVG2011-12-05","ArrivalGate","3"
"UA-1500-IAH-GUA2011-12-05","ExpectedDepartureTime","Mon, Dec 5 8:55 AM"
"UA-1500-IAH-GUA2011-12-05","ActualDepartureTime","Mon, Dec 5 9:08 AM            Delayed"
"UA-1500-IAH-GUA2011-12-05","DepartureGate","E16"
"UA-1500-IAH-GUA2011-12-05","ExpectedArrivalTime","Mon, Dec 5 11:45 AM"
"UA-1500-IAH-GUA2011-12-05","ActualArrivalTime","Mon, Dec 5 12:04 PM"
"UA-1500-IAH-GUA2011-12-05","ArrivalGate","15"
"UA-3515-IAD-MSP2011-12-05","ExpectedDepartureTime","Mon, Dec 5 8:17 AM"
"UA-3515-IAD-MSP2011-12-05","ActualDepartureTime","Mon, Dec 5 8:12 AM"
"UA-3515-IAD-MSP2011-12-05","DepartureGate","D14"
"UA-3515-IAD-MSP2011-12-05","ExpectedArrivalTime","Mon, Dec 5 10:08 AM"
"UA-3515-IAD-MSP2011-12-05","ActualArrivalTime","Mon, Dec 5 9:51 AM"
"UA-3515-IAD-MSP2011-12-05","ArrivalGate","E10"
"UA-664-ORD-PHL2011-12-05","ExpectedDepartureTime","Mon, Dec 5 1:33 PM"
"UA-664-ORD-PHL2011-12-05","ActualDepartureTime","Mon, Dec 5 1:56 PM"
"UA-664-ORD-PHL2011-12-05","DepartureGate","B14"
"UA-664-ORD-PHL2011-12-05","ExpectedArrivalTime","Mon, Dec 5 4:31 PM"
"UA-664-ORD-PHL2011-12-05","ActualArrivalTime","Mon, Dec 5 4:51 PM"
"UA-664-ORD-PHL2011-12-05","ArrivalGate","D13"
"UA-414-LAX-SFO2011-12-05","ExpectedDepartureTime","Mon, Dec 5 6:00 AM"
"UA-414-LAX-SFO2011-12-05","ActualDepartureTime","Mon, Dec 5 5:56 AM"
"UA-414-LAX-SFO2011-12-05","DepartureGate","73"
"UA-414-LAX-SFO2011-12-05","ExpectedArrivalTime","Mon, Dec 5 7:23 AM"
"UA-414-LAX-SFO2011-12-05","ActualArrivalTime","Mon, Dec 5 7:09 AM"
"UA-414-LAX-SFO2011-12-05","ArrivalGate","88"
"UA-257-JFK-SFO2011-12-05","ExpectedDepartureTime","Mon, Dec 5 2:30 PM"
"UA-257-JFK-SFO2011-12-05","ActualDepartureTime","Mon, Dec 5 2:29 PM"
"UA-257-JFK-SFO2011-12-05","DepartureGate","12"
"UA-257-JFK-SFO2011-12-05","ExpectedArrivalTime","Mon, Dec 5 6:15 PM"
"UA-257-JFK-SFO2011-12-05","ActualArrivalTime","Mon, Dec 5 5:34 PM"
"UA-257-JFK-SFO2011-12-05","ArrivalGate","80"
"UA-62-IAH-EWR2011-12-05","ExpectedDepartureTime","Mon, Dec 5 2:30 PM"
"UA-62-IAH-EWR2011-12-05","ActualDepartureTime","Mon, Dec 5 2:33 PM"
"UA-62-IAH-EWR2011-12-05","DepartureGate","C-40"
"UA-62-IAH-EWR2011-12-05","ExpectedArrivalTime","Mon, Dec 5 7:03 PM"
"UA-62-IAH-EWR2011-12-05","ActualArrivalTime","Mon, Dec 5 7:24 PM"
"UA-62-IAH-EWR2011-12-05","ArrivalGate","C74"
"UA-843-LAX-ORD2011-12-05","ExpectedDepartureTime","Mon, Dec 5 1:55 PM"
"UA-843-LAX-ORD2011-12-05","ActualDepartureTime","Mon, Dec 5 2:31 PM"
"UA-843-LAX-ORD2011-12-05","DepartureGate","77"
"UA-843-LAX-ORD2011-12-05","ExpectedArrivalTime","Mon, Dec 5 7:53 PM"
"UA-843-LAX-ORD2011-12-05","ActualArrivalTime","Mon, Dec 5 8:22 PM"
"UA-843-LAX-ORD2011-12-05","ArrivalGate","C15"
"UA-248-PHX-ORD2011-12-05","ExpectedDepartureTime","Mon, Dec 5 12:57 PM"
"UA-248-PHX-ORD2011-12-05","ActualDepartureTime","Mon, Dec 5 12:57 PM            On Time"
"UA-248-PHX-ORD2011-12-05","DepartureGate","3"
"UA-248-PHX-ORD2011-12-05","ExpectedArrivalTime","Mon, Dec 5 5:15 PM"
"UA-248-PHX-ORD2011-12-05","ActualArrivalTime","Mon, Dec 5 5:15 PM"
"UA-248-PHX-ORD2011-12-05","ArrivalGate","C17"
"UA-248-PHX-ORD2011-12-05","ExpectedDepartureTime","Mon, Dec 5 12:57 PM"
"UA-248-PHX-ORD2011-12-05","ActualDepartureTime","Mon, Dec 5 1:10 PM            Delayed"
"UA-248-PHX-ORD2011-12-05","DepartureGate","3"
"UA-248-PHX-ORD2011-12-05","ExpectedArrivalTime","Mon, Dec 5 5:15 PM"
"UA-248-PHX-ORD2011-12-05","ActualArrivalTime","Mon, Dec 5 5:12 PM"
"UA-248-PHX-ORD2011-12-05","ArrivalGate","C17"
"UA-397-JFK-SFO2011-12-05","ExpectedDepartureTime","Mon, Dec 5 8:00 AM"
"UA-397-JFK-SFO2011-12-05","ActualDepartureTime","Mon, Dec 5 7:58 AM"
"UA-397-JFK-SFO2011-12-05","DepartureGate","8"
"UA-397-JFK-SFO2011-12-05","ExpectedArrivalTime","Mon, Dec 5 11:55 AM"
"UA-397-JFK-SFO2011-12-05","ActualArrivalTime","Mon, Dec 5 11:24 AM"
"UA-397-JFK-SFO2011-12-05","ArrivalGate","81"
"UA-2704-DTW-PHX2011-12-05","ExpectedDepartureTime","Mon, Dec 5 11:15 AM"
"UA-2704-DTW-PHX2011-12-05","ActualDepartureTime","Mon, Dec 5 11:15 AM"
"UA-2704-DTW-PHX2011-12-05","DepartureGate","D14"
"UA-2704-DTW-PHX2011-12-05","ExpectedArrivalTime","Mon, Dec 5 1:40 PM"
"UA-2704-DTW-PHX2011-12-05","ActualArrivalTime","Mon, Dec 5 2:00 PM"
"UA-2704-DTW-PHX2011-12-05","ArrivalGate","A6"
"UA-2515-DFW-CLT2011-12-05","ExpectedDepartureTime","Mon, Dec 5 7:05 AM"
"UA-2515-DFW-CLT2011-12-05","ActualDepartureTime","Mon, Dec 5 7:05 AM"
"UA-2515-DFW-CLT2011-12-05","DepartureGate","E35"
"UA-2515-DFW-CLT2011-12-05","ExpectedArrivalTime","Mon, Dec 5 10:31 AM"
"UA-2515-DFW-CLT2011-12-05","ActualArrivalTime","Mon, Dec 5 10:28 AM"
"UA-2515-DFW-CLT2011-12-05","ArrivalGate","D9"
"UA-3373-IAD-PHL2011-12-05","ExpectedDepartureTime","Mon, Dec 5 8:29 AM"
"UA-3373-IAD-PHL2011-12-05","ActualDepartureTime","Mon, Dec 5 8:49 AM"
"UA-3373-IAD-PHL2011-12-05","DepartureGate","C26"
"UA-3373-IAD-PHL2011-12-05","ExpectedArrivalTime","Mon, Dec 5 9:24 AM"
"UA-3373-IAD-PHL2011-12-05","ActualArrivalTime","Mon, Dec 5 10:26 AM"
"UA-3373-IAD-PHL2011-12-05","ArrivalGate","D7"
"UA-2906-PHL-MCO2011-12-05","ExpectedDepartureTime","Mon, Dec 5 3:50 PM"
"UA-2906-PHL-MCO2011-12-05","ActualDepartureTime","Mon, Dec 5 4:44 PM            Delayed"
"UA-2906-PHL-MCO2011-12-05","DepartureGate","C29"
"UA-2906-PHL-MCO2011-12-05","ExpectedArrivalTime","Mon, Dec 5 6:23 PM"
"UA-2906-PHL-MCO2011-12-05","ActualArrivalTime","Mon, Dec 5 7:04 PM"
"UA-2906-PHL-MCO2011-12-05","ArrivalGate","58"
"UA-938-DEN-ORD2011-12-05","ExpectedDepartureTime","Mon, Dec 5 4:16 PM"
"UA-938-DEN-ORD2011-12-05","ActualDepartureTime","Mon, Dec 5 4:19 PM"
"UA-938-DEN-ORD2011-12-05","DepartureGate","B46"
"UA-938-DEN-ORD2011-12-05","ExpectedArrivalTime","Mon, Dec 5 7:35 PM"
"UA-938-DEN-ORD2011-12-05","ActualArrivalTime","Mon, Dec 5 7:40 PM"
"UA-938-DEN-ORD2011-12-05","ArrivalGate","C9"
"UA-3099-PHX-PHL2011-12-05","ExpectedDepartureTime","Mon, Dec 5 11:55 AM"
"UA-3099-PHX-PHL2011-12-05","ActualDepartureTime","Mon, Dec 5 11:55 AM"
"UA-3099-PHX-PHL2011-12-05","DepartureGate","A6"
"UA-3099-PHX-PHL2011-12-05","ExpectedArrivalTime","Mon, Dec 5 6:17 PM"
"UA-3099-PHX-PHL2011-12-05","ActualArrivalTime","Mon, Dec 5 5:48 PM"
"UA-3099-PHX-PHL2011-12-05","ArrivalGate","A12"
"UA-3925-IAD-ORF2011-12-05","ExpectedDepartureTime","Mon, Dec 5 8:42 AM"
"UA-3925-IAD-ORF2011-12-05","ActualDepartureTime","Mon, Dec 5 8:46 AM"
"UA-3925-IAD-ORF2011-12-05","DepartureGate","A2A"
"UA-3925-IAD-ORF2011-12-05","ExpectedArrivalTime","Mon, Dec 5 9:55 AM"
"UA-3925-IAD-ORF2011-12-05","ActualArrivalTime","Mon, Dec 5 9:51 AM"
"UA-5487-SFO-MRY2011-12-05","ExpectedDepartureTime","Mon, Dec 5 10:39 AM"
"UA-5487-SFO-MRY2011-12-05","ActualDepartureTime","Mon, Dec 5 10:30 AM"
"UA-5487-SFO-MRY2011-12-05","DepartureGate","78B"
"UA-5487-SFO-MRY2011-12-05","ExpectedArrivalTime","Mon, Dec 5 11:19 AM"
"UA-5487-SFO-MRY2011-12-05","ActualArrivalTime","Mon, Dec 5 11:11 AM"
"UA-3050-PHX-CLT2011-12-05","ExpectedDepartureTime","Mon, Dec 5 11:05 AM"
"UA-3050-PHX-CLT2011-12-05","ActualDepartureTime","Mon, Dec 5 11:21 AM"
"UA-3050-PHX-CLT2011-12-05","DepartureGate","A11"
"UA-3050-PHX-CLT2011-12-05","ExpectedArrivalTime","Mon, Dec 5 4:57 PM"
"UA-3050-PHX-CLT2011-12-05","ActualArrivalTime","Mon, Dec 5 5:07 PM"
"UA-3050-PHX-CLT2011-12-05","ArrivalGate","B5"
"UA-828-SFO-ORD2011-12-05","ExpectedDepartureTime","Mon, Dec 5 11:08 PM"
"UA-828-SFO-ORD2011-12-05","ActualDepartureTime","Mon, Dec 5 11:08 PM            On Time"
"UA-828-SFO-ORD2011-12-05","DepartureGate","84"
"UA-828-SFO-ORD2011-12-05","ExpectedArrivalTime","Tue, Dec 6 5:11 AM"
"UA-828-SFO-ORD2011-12-05","ActualArrivalTime","Tue, Dec 6 5:11 AM"
"UA-828-SFO-ORD2011-12-05","ArrivalGate","C31"
"UA-2830-MCO-CLT2011-12-05","ExpectedDepartureTime","Mon, Dec 5 3:27 PM"
"UA-2830-MCO-CLT2011-12-05","ActualDepartureTime","Mon, Dec 5 3:27 PM"
"UA-2830-MCO-CLT2011-12-05","DepartureGate","58"
"UA-2830-MCO-CLT2011-12-05","ExpectedArrivalTime","Mon, Dec 5 5:05 PM"
"UA-2830-MCO-CLT2011-12-05","ActualArrivalTime","Mon, Dec 5 5:07 PM"
"UA-2830-MCO-CLT2011-12-05","ArrivalGate","C12"
"UA-37-EWR-MCO2011-12-05","ExpectedDepartureTime","Mon, Dec 5 1:29 PM"
"UA-37-EWR-MCO2011-12-05","ActualDepartureTime","Mon, Dec 5 1:28 PM            On Time"
"UA-37-EWR-MCO2011-12-05","DepartureGate","C120"
"UA-37-EWR-MCO2011-12-05","ExpectedArrivalTime","Mon, Dec 5 4:17 PM"
"UA-37-EWR-MCO2011-12-05","ActualArrivalTime","Mon, Dec 5 4:12 PM"
"UA-37-EWR-MCO2011-12-05","ArrivalGate","39"
"UA-37-EDI-EWR2011-12-05","ExpectedDepartureTime","Mon, Dec 5 9:05 AM"
"UA-37-EDI-EWR2011-12-05","ActualDepartureTime","Mon, Dec 5 10:51 AM"
"UA-37-EDI-EWR2011-12-05","ExpectedArrivalTime","Mon, Dec 5 11:53 AM"
"UA-37-EDI-EWR2011-12-05","ActualArrivalTime","Mon, Dec 5 2:12 PM"
"UA-37-EDI-EWR2011-12-05","ArrivalGate","B51"
"UA-2708-EWR-CLT2011-12-05","ExpectedDepartureTime","Mon, Dec 5 2:55 PM"
"UA-2708-EWR-CLT2011-12-05","ActualDepartureTime","Mon, Dec 5 2:55 PM"
"UA-2708-EWR-CLT2011-12-05","DepartureGate","A37"
"UA-2708-EWR-CLT2011-12-05","ExpectedArrivalTime","Mon, Dec 5 4:53 PM"
"UA-2708-EWR-CLT2011-12-05","ActualArrivalTime","Mon, Dec 5 4:36 PM"
"UA-2708-EWR-CLT2011-12-05","ArrivalGate","B12"
"UA-233-LAX-JFK2011-12-05","ExpectedDepartureTime","Mon, Dec 5 4:25 PM"
"UA-233-LAX-JFK2011-12-05","ActualDepartureTime","Mon, Dec 5 4:25 PM"
"UA-233-LAX-JFK2011-12-05","DepartureGate","72"
"UA-233-LAX-JFK2011-12-05","ExpectedArrivalTime","Tue, Dec 6 12:29 AM"
"UA-233-LAX-JFK2011-12-05","ActualArrivalTime","Tue, Dec 6 12:29 AM"
"UA-233-LAX-JFK2011-12-05","ArrivalGate","8"
"UA-2726-FLL-PHL2011-12-05","ExpectedDepartureTime","Mon, Dec 5 4:00 PM"
"UA-2726-FLL-PHL2011-12-05","ActualDepartureTime","Mon, Dec 5 4:00 PM"
"UA-2726-FLL-PHL2011-12-05","DepartureGate","E3"
"UA-2726-FLL-PHL2011-12-05","ExpectedArrivalTime","Mon, Dec 5 6:46 PM"
"UA-2726-FLL-PHL2011-12-05","ActualArrivalTime","Mon, Dec 5 6:13 PM"
"UA-2726-FLL-PHL2011-12-05","ArrivalGate","C17"
"UA-2945-PHL-CLT2011-12-05","ExpectedDepartureTime","Mon, Dec 5 12:00 AM"
"UA-2945-PHL-CLT2011-12-05","ActualDepartureTime","Mon, Dec 5 6:12 AM"
"UA-2945-PHL-CLT2011-12-05","DepartureGate","B13"
"UA-2945-PHL-CLT2011-12-05","ExpectedArrivalTime","Mon, Dec 5 1:45 PM"
"UA-2945-PHL-CLT2011-12-05","ActualArrivalTime","Mon, Dec 5 1:50 PM"
"UA-2945-PHL-CLT2011-12-05","ArrivalGate","C15"
"UA-6273-YYC-SFO2011-12-05","ExpectedDepartureTime","Mon, Dec 5 7:35 AM"
"UA-6273-YYC-SFO2011-12-05","ActualDepartureTime","Mon, Dec 5 7:28 AM"
"UA-6273-YYC-SFO2011-12-05","ExpectedArrivalTime","Mon, Dec 5 9:43 AM"
"UA-6273-YYC-SFO2011-12-05","ActualArrivalTime","Mon, Dec 5 9:38 AM"
"UA-6273-YYC-SFO2011-12-05","ArrivalGate","79"
"UA-2314-ATL-PHL2011-12-05","ExpectedDepartureTime","Mon, Dec 5 2:55 PM"
"UA-2314-ATL-PHL2011-12-05","ActualDepartureTime","Mon, Dec 5 3:20 PM"
"UA-2314-ATL-PHL2011-12-05","DepartureGate","D23"
"UA-2314-ATL-PHL2011-12-05","ExpectedArrivalTime","Mon, Dec 5 5:00 PM"
"UA-2314-ATL-PHL2011-12-05","ActualArrivalTime","Mon, Dec 5 5:23 PM"
"UA-2314-ATL-PHL2011-12-05","ArrivalGate","B3"
"UA-382-IAD-LAX2011-12-05","ExpectedDepartureTime","Mon, Dec 5 12:30 PM"
"UA-382-IAD-LAX2011-12-05","ActualDepartureTime","Mon, Dec 5 12:31 PM            Delayed"
"UA-382-IAD-LAX2011-12-05","DepartureGate","C27"
"UA-382-IAD-LAX2011-12-05","ExpectedArrivalTime","Mon, Dec 5 3:19 PM"
"UA-382-IAD-LAX2011-12-05","ActualArrivalTime","Mon, Dec 5 2:50 PM"
"UA-382-IAD-LAX2011-12-05","ArrivalGate","75B"
"UA-382-IAD-LAX2011-12-05","ExpectedDepartureTime","Mon, Dec 5 12:30 PM"
"UA-382-IAD-LAX2011-12-05","ActualDepartureTime","Mon, Dec 5 12:31 PM            Delayed"
"UA-382-IAD-LAX2011-12-05","DepartureGate","C27"
"UA-382-IAD-LAX2011-12-05","ExpectedArrivalTime","Mon, Dec 5 3:19 PM"
"UA-382-IAD-LAX2011-12-05","ActualArrivalTime","Mon, Dec 5 3:06 PM"
"UA-382-IAD-LAX2011-12-05","ArrivalGate","73"
"UA-858-PVG-SFO2011-12-05","ExpectedDepartureTime","Mon, Dec 5 1:45 PM"
"UA-858-PVG-SFO2011-12-05","DepartureGate","HOLD"
"UA-858-PVG-SFO2011-12-05","ExpectedArrivalTime","Mon, Dec 5 8:27 AM"
"UA-858-PVG-SFO2011-12-05","ArrivalGate","HOLD"
"UA-854-SFO-IAH2011-12-05","ExpectedDepartureTime","Mon, Dec 5 7:53 AM"
"UA-854-SFO-IAH2011-12-05","ActualDepartureTime","Mon, Dec 5 7:50 AM"
"UA-854-SFO-IAH2011-12-05","DepartureGate","85"
"UA-854-SFO-IAH2011-12-05","ExpectedArrivalTime","Mon, Dec 5 1:39 PM"
"UA-854-SFO-IAH2011-12-05","ActualArrivalTime","Mon, Dec 5 1:32 PM"
"UA-854-SFO-IAH2011-12-05","ArrivalGate","C16"
"CO-1586-IAH-MCO2011-12-05","ExpectedDepartureTime","Mon., Dec.05, 2011 7:00 p.m."
"CO-1586-IAH-MCO2011-12-05","ActualDepartureTime","Mon., Dec.05, 2011 7:42 p.m."
"CO-1586-IAH-MCO2011-12-05","ExpectedArrivalTime","Mon., Dec.05, 2011 10:15 p.m."
"CO-1586-IAH-MCO2011-12-05","ActualArrivalTime","Mon., Dec.05, 2011 11:18 p.m."
"CO-4888-IAH-DAL2011-12-05","ExpectedDepartureTime","Mon., Dec.05, 2011 5:30 p.m."
"CO-4888-IAH-DAL2011-12-05","ActualDepartureTime","Mon., Dec.05, 2011 5:30 p.m."
"CO-4888-IAH-DAL2011-12-05","ExpectedArrivalTime","Mon., Dec.05, 2011 6:40 p.m."
"CO-4888-IAH-DAL2011-12-05","ActualArrivalTime","Mon., Dec.05, 2011 7:25 p.m."
"CO-1088-CLE-IAH2011-12-05","ExpectedDepartureTime","Mon., Dec.05, 2011 8:40 a.m."
"CO-1088-CLE-IAH2011-12-05","ActualDepartureTime","Mon., Dec.05, 2011 8:40 a.m."
"CO-1088-CLE-IAH2011-12-05","ExpectedArrivalTime","Mon., Dec.05, 2011 10:54 a.m."
"CO-1088-CLE-IAH2011-12-05","ActualArrivalTime","Mon., Dec.05, 2011 11:49 a.m."
"CO-16-LAX-EWR2011-12-05","ExpectedDepartureTime","Mon., Dec.05, 2011 10:25 a.m."
"CO-16-LAX-EWR2011-12-05","ActualDepartureTime","Mon., Dec.05, 2011 10:30 a.m."
"CO-16-LAX-EWR2011-12-05","ExpectedArrivalTime","Mon., Dec.05, 2011 6:44 p.m."
"CO-16-LAX-EWR2011-12-05","ActualArrivalTime","Mon., Dec.05, 2011 6:57 p.m."
"CO-58-DEN-IAH2011-12-05","ExpectedDepartureTime","Mon., Dec.05, 2011 11:25 a.m."
"CO-58-DEN-IAH2011-12-05","ActualDepartureTime","Mon., Dec.05, 2011 11:28 a.m."
"CO-58-DEN-IAH2011-12-05","ExpectedArrivalTime","Mon., Dec.05, 2011 2:50 p.m."
"CO-58-DEN-IAH2011-12-05","ActualArrivalTime","Mon., Dec.05, 2011 2:53 p.m."
"CO-1193-EWR-MCO2011-12-05","ExpectedDepartureTime","Mon., Dec.05, 2011 9:15 a.m."
"CO-1193-EWR-MCO2011-12-05","ActualDepartureTime","Mon., Dec.05, 2011 9:40 a.m."
"CO-1193-EWR-MCO2011-12-05","ExpectedArrivalTime","Mon., Dec.05, 2011 12:18 p.m."
"CO-1193-EWR-MCO2011-12-05","ActualArrivalTime","Mon., Dec.05, 2011 12:52 p.m."
"CO-1023-IAH-DEN2011-12-05","ExpectedDepartureTime","Mon., Dec.05, 2011 11:40 a.m."
"CO-1023-IAH-DEN2011-12-05","ActualDepartureTime","Mon., Dec.05, 2011 11:57 a.m."
"CO-1023-IAH-DEN2011-12-05","ExpectedArrivalTime","Mon., Dec.05, 2011 1:17 p.m."
"CO-1023-IAH-DEN2011-12-05","ActualArrivalTime","Mon., Dec.05, 2011 1:15 p.m."
"CO-1250-MIA-IAH2011-12-05","ExpectedDepartureTime","Mon., Dec.05, 2011 2:53 p.m."
"CO-1250-MIA-IAH2011-12-05","ActualDepartureTime","Mon., Dec.05, 2011 2:55 p.m."
"CO-1250-MIA-IAH2011-12-05","ExpectedArrivalTime","Mon., Dec.05, 2011 4:48 p.m."
"CO-1250-MIA-IAH2011-12-05","ActualArrivalTime","Mon., Dec.05, 2011 4:48 p.m."
"CO-62-IAH-EWR2011-12-05","ExpectedDepartureTime","Mon., Dec.05, 2011 2:30 p.m."
"CO-62-IAH-EWR2011-12-05","ActualDepartureTime","Mon., Dec.05, 2011 2:33 p.m."
"CO-62-IAH-EWR2011-12-05","ExpectedArrivalTime","Mon., Dec.05, 2011 7:03 p.m."
"CO-62-IAH-EWR2011-12-05","ActualArrivalTime","Mon., Dec.05, 2011 7:24 p.m."
"CO-52-IAH-LAX2011-12-05","ExpectedDepartureTime","Mon., Dec.05, 2011 7:35 a.m."
"CO-52-IAH-LAX2011-12-05","ActualDepartureTime","Mon., Dec.05, 2011 7:37 a.m."
"CO-52-IAH-LAX2011-12-05","ExpectedArrivalTime","Mon., Dec.05, 2011 9:21 a.m."
"CO-52-IAH-LAX2011-12-05","ActualArrivalTime","Mon., Dec.05, 2011 9:32 a.m."
"CO-1614-LAX-IAH2011-12-05","ExpectedDepartureTime","Mon., Dec.05, 2011 12:30 a.m."
"CO-1614-LAX-IAH2011-12-05","ActualDepartureTime","Mon., Dec.05, 2011 12:57 a.m."
"CO-1614-LAX-IAH2011-12-05","ExpectedArrivalTime","Mon., Dec.05, 2011 5:35 a.m."
"CO-1614-LAX-IAH2011-12-05","ActualArrivalTime","Mon., Dec.05, 2011 5:55 a.m."
"CO-89-IAH-EWR2011-12-05","ExpectedDepartureTime","Mon., Dec.05, 2011 6:00 a.m."
"CO-89-IAH-EWR2011-12-05","ActualDepartureTime","Mon., Dec.05, 2011 6:04 a.m."
"CO-89-IAH-EWR2011-12-05","ExpectedArrivalTime","Mon., Dec.05, 2011 10:20 a.m."
"CO-89-IAH-EWR2011-12-05","ActualArrivalTime","Mon., Dec.05, 2011 10:29 a.m."
"CO-1090-BOS-IAH2011-12-05","ExpectedDepartureTime","Mon., Dec.05, 2011 9:45 a.m."
"CO-1090-BOS-IAH2011-12-05","ActualDepartureTime","Mon., Dec.05, 2011 9:39 a.m."
"CO-1090-BOS-IAH2011-12-05","ExpectedArrivalTime","Mon., Dec.05, 2011 1:16 p.m."
"CO-1090-BOS-IAH2011-12-05","ActualArrivalTime","Mon., Dec.05, 2011 1:00 p.m."
"CO-45-EWR-MIA2011-12-05","ExpectedDepartureTime","Mon., Dec.05, 2011 4:00 p.m."
"CO-45-EWR-MIA2011-12-05","ActualDepartureTime","Mon., Dec.05, 2011 4:38 p.m."
"CO-45-EWR-MIA2011-12-05","ExpectedArrivalTime","Mon., Dec.05, 2011 7:05 p.m."
"CO-45-EWR-MIA2011-12-05","ActualArrivalTime","Mon., Dec.05, 2011 7:25 p.m."
"CO-63-EWR-IAH2011-12-05","ExpectedDepartureTime","Mon., Dec.05, 2011 5:25 p.m."
"CO-63-EWR-IAH2011-12-05","ActualDepartureTime","Mon., Dec.05, 2011 6:17 p.m."
"CO-63-EWR-IAH2011-12-05","ExpectedArrivalTime","Mon., Dec.05, 2011 8:22 p.m."
"CO-63-EWR-IAH2011-12-05","ActualArrivalTime","Mon., Dec.05, 2011 9:25 p.m."
"CO-50-CLE-EWR2011-12-05","ExpectedDepartureTime","Mon., Dec.05, 2011 2:55 p.m."
"CO-50-CLE-EWR2011-12-05","ActualDepartureTime","Mon., Dec.05, 2011 3:35 p.m."
"CO-50-CLE-EWR2011-12-05","ExpectedArrivalTime","Mon., Dec.05, 2011 4:49 p.m."
"CO-50-CLE-EWR2011-12-05","ActualArrivalTime","Mon., Dec.05, 2011 6:05 p.m."
"CO-1561-PHX-IAH2011-12-05","ExpectedDepartureTime","Mon., Dec.05, 2011 8:05 a.m."
"CO-1561-PHX-IAH2011-12-05","ActualDepartureTime","Mon., Dec.05, 2011 8:03 a.m."
"CO-1561-PHX-IAH2011-12-05","ExpectedArrivalTime","Mon., Dec.05, 2011 11:35 a.m."
"CO-1561-PHX-IAH2011-12-05","ActualArrivalTime","Mon., Dec.05, 2011 11:30 a.m."
"CO-47-IAH-LAX2011-12-05","ExpectedDepartureTime","Mon., Dec.05, 2011 7:10 p.m."
"CO-47-IAH-LAX2011-12-05","ActualDepartureTime","Mon., Dec.05, 2011 7:20 p.m."
"CO-47-IAH-LAX2011-12-05","ExpectedArrivalTime","Mon., Dec.05, 2011 8:56 p.m."
"CO-47-IAH-LAX2011-12-05","ActualArrivalTime","Mon., Dec.05, 2011 9:31 p.m."
