"ObjectID","PropertyID","PropertyValue"
"cleveland, ohio","Population2000","478403"
"gary, indiana","Population2000","102746"
"flint, michigan","Population2000","124943"
"compton, california","Population2000","93493"
"washington, d.c.","Population2005","582049"
"plano, texas","Population2000","222030"
"burlington, wisconsin","Population2000","9936"
"minneapolis, minnesota","Population2000","382618"
"buffalo, new york","Population2000","292648"
"boston, massachusetts","Population2005","596638"
"cincinnati, ohio","Population2005","331310"
"houston, texas","Population2005","2076189"
"jackson, mississippi","Population2000","184256"
"lansing, michigan","Population2000","119128"
"st. louis, missouri","Population2005","352572"
"st. louis, missouri","Population2006","353837"
"salt lake city, utah","Population2000","181743"
"fredericksburg, virginia","Population2000","19279"
"camden, new jersey","Population2000","79904"
"chattanooga, tennessee","Population2000","155554"
"la quinta, california","Population2000","23694"
"muncie, indiana","Population2000","67430"
"tell city, indiana","Population2000","7845"
"evansville, indiana","Population2000","121582"
"marshalltown, iowa","Population2000","26009"
"holliston, massachusetts","Population2000","13801"
"north reading, massachusetts","Population2000","13837"
"winona, minnesota","Population2000","27069"
"sylva, north carolina","Population2000","2435"
"akron, ohio","Population2000","217074"
"allen, texas","Population2000","43554"
"racine, wisconsin","Population2000","81855"
"st. joseph, missouri","Population2000","73990"
"medfield, massachusetts","Population2000","12273"
"marblehead, massachusetts","Population2000","20377"
"reno, nevada","Population2000","180480"
"baltimore, maryland","Population2006","640961"
"utica, new york","Population2000","60651"
"berkeley, california","Population2000","102743"
"st. cloud, minnesota","Population2000","59107"
"new orleans, louisiana","Population2000","484674"
"milwaukee, wisconsin","Population2000","596974"
"grass valley, oregon","Population2000","171"
"carson city, nevada","Population2000","52457"
"minnetonka, minnesota","Population2000","51301"
"vicksburg, mississippi","Population2000","26407"
"indianapolis, indiana","Population2000","791926"
"el monte, california","Population2000","115965"
"lima, ohio","Population2000","40081"
"scranton, pennsylvania","Population2000","76415"
"la crosse, wisconsin","Population2000","51818"
"elmira, new york","Population2000","30940"
"pittsburgh, pennsylvania","Population2000","334563"
"portland, maine","Population2000","64249"
"springfield, massachusetts","Population2000","152082"
"lake forest, california","Population2000","58707"
"sault ste. marie, michigan","Population2000","16542"
"port jervis, new york","Population2000","8860"
"glens falls, new york","Population2000","14354"
"atlanta, georgia","Population2005","483108"
"marquette, michigan","Population2000","19661"
"madison, wisconsin","Population2000","208054"
"norfolk, virginia","Population2000","234403"
"vincennes, indiana","Population2000","18701"
"fairhaven, massachusetts","Population2000","16159"
"rochester, new york","Population2000","219773"
"strasburg, ohio","Population2000","2310"
"medford, oregon","Population2000","63154"
"holland, michigan","Population2000","35048"
"sartell, minnesota","Population2000","9641"
"augusta, maine","Population2000","18560"
"fremont, california","Population2000","203413"
"binghamton, new york","Population2000","47380"
"torrance, california","Population2000","137946"
"san juan capistrano, california","Population2000","33826"
"gilroy, california","Population2000","41464"
"douglasville, georgia","Population2000","20065"
"havre de grace, maryland","Population2000","11331"
"muskegon, michigan","Population2000","40105"
"nashua, new hampshire","Population2000","86605"
"peterborough, new hampshire","Population2000","5883"
"wenatchee, washington","Population2000","27856"
"little rock, arkansas","Population2000","183133"
"dunstable, massachusetts","Population2000","2829"
"montague, michigan","Population2000","2407"
"winston-salem, north carolina","Population2000","185776"
"st. marys, ohio","Population2000","8342"
"edinburg, texas","Population2000","48465"
"summerville, south carolina","Population2000","27752"
"bellingham, washington","Population2000","67171"
"jefferson city, missouri","Population2000","39636"
"raleigh, north carolina","Population2000","276093"
"virginia beach, virginia","Population2000","425257"
"manteca, california","Population2000","49258"
"bowling green, kentucky","Population2000","49296"
"beverly, massachusetts","Population2000","39862"
"saginaw, michigan","Population2000","61799"
"valley stream, new york","Population2000","36368"
"white plains, new york","Population2000","53077"
"fargo, north dakota","Population2000","90599"
"dundee, oregon","Population2000","2598"
"fort mill, south carolina","Population2000","7587"
"albion, idaho","Population2000","262"
"schaumburg, illinois","Population2000","75386"
"savage, minnesota","Population2000","21115"
"woodbury, minnesota","Population2000","46463"
"melrose, massachusetts","Population2000","27134"
"crawfordsville, indiana","Population2000","15243"
"cambridge, massachusetts","Population2000","101355"
"williamsburg, virginia","Population2000","11998"
"villa park, california","Population2000","5999"
"montgomery, alabama","Population2000","201568"
"lake oswego, oregon","Population2000","35278"
"lewiston, maine","Population2000","35690"
"newark, new jersey","Population2000","273546"
"terre haute, indiana","Population2000","59614"
"salina, kansas","Population2000","45679"
"lincoln park, michigan","Population2000","40008"
"massillon, ohio","Population2000","31325"
"norman, oklahoma","Population2000","95694"
"muskogee, oklahoma","Population2000","38310"
"brownsville, texas","Population2000","139722"
"lebanon, virginia","Population2000","3273"
"renton, washington","Population2000","50052"
"minerva, ohio","Population2000","3934"
"howland, maine","Population2000","1362"
"malin, oregon","Population2000","638"
"lincoln, nebraska","Population2000","225581"
"wilmington, delaware","Population2000","72664"
"jessup, pennsylvania","Population2000","4718"
"detroit, michigan","Population2006","918849"
"barnstead, new hampshire","Population2000","3886"
"sparta, tennessee","Population2000","4599"
"big stone gap, virginia","Population2000","4856"
"meridian, mississippi","Population2000","39968"
"new berlin, wisconsin","Population2000","38220"
"hermosa beach, california","Population2000","18566"
"des moines, iowa","Population2000","198682"
"portland, oregon","Population2000","529121"
"sacramento, california","Population2000","407018"
"tallahassee, florida","Population2000","150624"
"concord, new hampshire","Population2000","40687"
"merced, california","Population2000","63893"
"milwaukee, wisconsin","Population2006","602782"
"casper, wyoming","Population2000","49644"
"pleasanton, california","Population2000","63654"
"antioch, california","Population2000","90532"
"oceanside, california","Population2000","161029"
"modesto, california","Population2000","188856"
"roswell, georgia","Population2000","79334"
"dekalb, illinois","Population2000","39018"
"columbia, illinois","Population2000","7922"
"jasper, indiana","Population2000","12100"
"lafayette, indiana","Population2000","56397"
"lawrence, kansas","Population2000","80098"
"cumberland, maryland","Population2000","21518"
"three oaks, michigan","Population2000","1829"
"manchester, new hampshire","Population2000","107006"
"pelham, new hampshire","Population2000","10914"
"hampton falls, new hampshire","Population2000","1880"
"milton, new hampshire","Population2000","3910"
"kiryas joel, new york","Population2000","13138"
"wilmington, north carolina","Population2000","75838"
"steubenville, ohio","Population2000","19015"
"reedsport, oregon","Population2000","4378"
"culver, oregon","Population2000","802"
"shaniko, oregon","Population2000","26"
"forest grove, oregon","Population2000","17708"
"kutztown, pennsylvania","Population2000","5067"
"orangeburg, south carolina","Population2000","12765"
"knoxville, tennessee","Population2000","173890"
"sweeny, texas","Population2000","3624"
"zillah, washington","Population2000","2198"
"branson, missouri","Population2000","6050"
"wilsonville, oregon","Population2000","13991"
"grand prairie, texas","Population2000","127427"
"eau claire, wisconsin","Population2000","61704"
"huntington, new york","Population2000","195289"
"plattsburgh, new york","Population2000","18816"
"watertown, new york","Population2000","26705"
"newburgh, new york","Population2000","28259"
"mount carroll, illinois","Population2000","1832"
"polo, illinois","Population2000","2477"
"fort branch, indiana","Population2000","2320"
"iowa city, iowa","Population2000","62220"
"fort dodge, iowa","Population2000","25136"
"irving, texas","Population2000","191615"
"sheboygan falls, wisconsin","Population2000","6772"
"norwood, kentucky","Population2000","395"
"brownsburg, indiana","Population2000","14520"
"john day, oregon","Population2000","1821"
"calera, alabama","Population2000","3158"
"converse, indiana","Population2000","1137"
"gallup, new mexico","Population2000","20209"
"clairton, pennsylvania","Population2000","8491"
"arkadelphia, arkansas","Population2000","10912"
"onslow, iowa","Population2000","223"
"wakefield, kansas","Population2000","838"
"denton, kansas","Population2000","186"
"sterling, kansas","Population2000","2642"
"saline, michigan","Population2000","8034"
"rosman, north carolina","Population2000","490"
"sallisaw, oklahoma","Population2000","7989"
"perryton, texas","Population2000","7774"
"milan, michigan","Population2000","4775"
"pearland, texas","Population2000","37640"
"claremont, california","Population2000","33998"
"la mirada, california","Population2000","46783"
"lancaster, california","Population2000","118718"
"winter park, colorado","Population2000","662"
"bargersville, indiana","Population2000","2120"
"darmstadt, indiana","Population2000","1313"
"bettendorf, iowa","Population2000","31275"
"salisbury, maryland","Population2000","23743"
"tupelo, mississippi","Population2000","34211"
"salisbury, new hampshire","Population2000","1137"
"seabrook, new hampshire","Population2000","7934"
"eagle point, oregon","Population2000","4797"
"north, south carolina","Population2000","813"
"winslow, maine","Population2000","7743"
"gorham, new hampshire","Population2000","2895"
"santa monica, california","Population2000","84084"
"anaheim, california","Population2000","328014"
"omaha, nebraska","Population2000","390007"
"cherry hill, new jersey","Population2000","69965"
"piedmont, west virginia","Population2000","1014"
"vallejo, california","Population2000","116760"
"ellsworth, wisconsin","Population2000","2909"
"rogers, arkansas","Population2000","38829"
"fairfax, california","Population2000","7319"
"greenfield, california","Population2000","12583"
"murrieta, california","Population2000","44282"
"yarmouth, massachusetts","Population2000","24807"
"rowe, massachusetts","Population2000","351"
"ashby, massachusetts","Population2000","2845"
"granby, massachusetts","Population2000","6132"
"stockholm, wisconsin","Population2000","97"
"rupert, idaho","Population2000","5645"
"jefferson, iowa","Population2000","4626"
"maurice, iowa","Population2000","254"
"orange city, iowa","Population2000","5582"
"mound city, kansas","Population2000","821"
"st. george, kansas","Population2000","434"
"fairbury, nebraska","Population2000","4262"
"holgate, ohio","Population2000","1194"
"pampa, texas","Population2000","17887"
"bountiful, utah","Population2000","41301"
"mauston, wisconsin","Population2000","3740"
"wells, wisconsin","Population2000","529"
"washburn, wisconsin","Population2000","2280"
"egg harbor, wisconsin","Population2000","250"
"forestville, wisconsin","Population2000","429"
"pepin, wisconsin","Population2000","878"
"ettrick, wisconsin","Population2000","521"
"boone, north carolina","Population2000","13472"
"heyburn, idaho","Population2000","2899"
"minidoka, idaho","Population2000","129"
"paul, idaho","Population2000","998"
"vincent, iowa","Population2000","158"
"treece, kansas","Population2000","149"
"bern, kansas","Population2000","204"
"walker, michigan","Population2000","21842"
"blissfield, michigan","Population2000","3223"
"squaw lake, minnesota","Population2000","99"
"willmar, minnesota","Population2000","18351"
"madison, mississippi","Population2000","14692"
"iberia, missouri","Population2000","605"
"flemington, missouri","Population2000","124"
"new square, new york","Population2000","4624"
"smithfield, north carolina","Population2000","11510"
"roxboro, north carolina","Population2000","8696"
"north wilkesboro, north carolina","Population2000","4116"
"ronda, north carolina","Population2000","460"
"ray, north dakota","Population2000","534"
"hoot owl, oklahoma","Population2000","0"
"idabel, oklahoma","Population2000","6952"
"smith village, oklahoma","Population2000","40"
"six mile, south carolina","Population2000","553"
"jacksonville, texas","Population2000","13868"
"rusk, texas","Population2000","5085"
"paducah, texas","Population2000","1498"
"mission, texas","Population2000","45408"
"nacogdoches, texas","Population2000","29914"
"arp, texas","Population2000","901"
"canton, texas","Population2000","3292"
"troutdale, virginia","Population2000","1230"
"moses lake, washington","Population2000","14953"
"little chute, wisconsin","Population2000","10476"
"rhinebeck, new york","Population2000","3077"
"cullman, alabama","Population2000","13995"
"reedley, california","Population2000","20756"
"chattanooga, tennessee","Population2006","168293"
"berkeley, new jersey","Population2000","39991"
"berkeley heights, new jersey","Population2000","13407"
"cornelius, oregon","Population2000","9652"
"sherwood, oregon","Population2000","11791"
"dayton, oregon","Population2000","2119"
"billings, montana","Population2000","89847"
"monterey, california","Population2000","29674"
"poospatuck reservation, new york","Population2000","271"
"davenport, iowa","Population2000","98359"
"urbana, illinois","Population2000","36395"
"forest acres, south carolina","Population2000","10558"
"ankeny, iowa","Population2000","27117"
"southaven, mississippi","Population2000","28977"
"ontario, california","Population2000","158007"
"dedham, massachusetts","Population2000","23464"
"austintown, ohio","Population2000","38001"
